game_key,team,game_number,game_label,date,opponent,location,result,team_score,opponent_score,gleague_standard_spending,e10_spending,two_way_spending,gleague_standard_salary_complete,e10_salary_complete,two_way_salary_complete,gleague_standard_players_used,e10_players_used,two_way_players_used,nba_standard_players_used,nba_linked_players_used,gleague_standard_minutes,e10_minutes,two_way_minutes,nba_standard_minutes,nba_linked_minutes,team_minutes,nba_linked_minute_share,unresolved_players_used,unresolved_minutes,gleague_standard_money_faced,e10_money_faced,two_way_money_faced,opponent_gleague_standard_salary_complete,opponent_e10_salary_complete,opponent_two_way_salary_complete,opponent_gleague_standard_players_used,opponent_e10_players_used,opponent_two_way_players_used,opponent_nba_standard_players_used,opponent_gleague_standard_minutes,opponent_e10_minutes,opponent_two_way_minutes,opponent_nba_standard_minutes
2025-11-07|Austin Spurs|Birmingham Squadron,Austin Spurs,1,@ Birmingham Squadron - 2025-11-07 - W 101-89,2025-11-07,Birmingham Squadron,AWAY,W,101,89,90000.0,255600.0,255900.0,1,1,1,2,4,3,0,7,42.18,105.04,92.79,0.0,197.83,240.01,0.824257,0,0.0,45000.0,476500.0,465836.0,1,1,1,1,6,2,0,26.32,145.28,68.4,0.0
2025-11-09|Austin Spurs|Birmingham Squadron,Austin Spurs,2,VS Birmingham Squadron - 2025-11-09 - W 110-97,2025-11-09,Birmingham Squadron,HOME,W,110,97,90000.0,255600.0,255900.0,1,1,1,2,4,3,0,7,30.36,107.4,102.23,0.0,209.63,239.99,0.873495,0,0.0,90000.0,476500.0,465836.0,1,1,1,2,6,2,0,58.2,113.41,68.38,0.0
2025-11-15|Austin Spurs|Memphis Hustle,Austin Spurs,3,@ Memphis Hustle - 2025-11-15 - W 120-98,2025-11-15,Memphis Hustle,AWAY,W,120,98,90000.0,340900.0,403518.0,1,1,1,2,5,3,0,8,39.48,114.13,86.38,0.0,200.51,239.99,0.835493,0,0.0,225000.0,426500.0,0.0,1,1,1,5,5,0,0,108.53,131.47,0.0,0.0
2025-11-16|Austin Spurs|Memphis Hustle,Austin Spurs,4,@ Memphis Hustle - 2025-11-16 - W 125-111,2025-11-16,Memphis Hustle,AWAY,W,125,111,90000.0,340900.0,318218.0,1,1,1,2,5,2,0,7,49.95,129.71,60.35,0.0,190.06,240.01,0.791884,0,0.0,180000.0,426500.0,0.0,1,1,1,4,5,0,1,75.89,129.93,0.0,34.17
2025-11-19|Austin Spurs|Osceola Magic,Austin Spurs,5,VS Osceola Magic - 2025-11-19 - W 134-120,2025-11-19,Osceola Magic,HOME,W,134,120,135000.0,255600.0,170600.0,1,1,1,3,4,2,0,6,61.18,108.65,70.17,0.0,178.82,240.0,0.745083,0,0.0,90000.0,571800.0,232918.0,1,1,1,2,7,1,1,13.18,164.1,31.13,31.6
2025-11-20|Austin Spurs|Osceola Magic,Austin Spurs,6,VS Osceola Magic - 2025-11-20 - L 102-110,2025-11-20,Osceola Magic,HOME,L,102,110,135000.0,255600.0,170600.0,1,1,1,3,4,2,0,6,58.02,111.28,70.7,0.0,181.98,240.0,0.75825,0,0.0,45000.0,511800.0,232918.0,1,1,1,1,6,1,1,16.27,167.35,31.1,25.3
2025-11-23|Austin Spurs|Rio Grande Valley Vipers,Austin Spurs,7,VS Rio Grande Valley Vipers - 2025-11-23 - W 130-123,2025-11-23,Rio Grande Valley Vipers,HOME,W,130,123,90000.0,255600.0,255900.0,1,1,1,2,4,3,0,7,52.07,96.7,91.24,0.0,187.94,240.01,0.783051,0,0.0,180000.0,100300.0,465836.0,1,1,1,4,2,2,1,95.7,52.64,71.92,19.75
2025-11-24|Austin Spurs|Rio Grande Valley Vipers,Austin Spurs,8,VS Rio Grande Valley Vipers - 2025-11-24 - W 118-100,2025-11-24,Rio Grande Valley Vipers,HOME,W,118,100,90000.0,255600.0,170600.0,1,1,1,2,4,2,0,6,61.37,101.95,76.69,0.0,178.64,240.01,0.744302,0,0.0,225000.0,100300.0,25000.0,1,1,1,5,2,1,0,134.98,72.02,33.0,0.0
2025-11-28|Austin Spurs|Oklahoma City Blue,Austin Spurs,9,VS Oklahoma City Blue - 2025-11-28 - W 116-110,2025-11-28,Oklahoma City Blue,HOME,W,116,110,135000.0,185600.0,170600.0,1,1,1,3,3,2,0,5,77.21,92.02,70.77,0.0,162.79,240.0,0.678292,0,0.0,135000.0,396200.0,232918.0,1,1,1,3,5,1,0,60.12,145.67,34.22,0.0
2025-11-30|Austin Spurs|Oklahoma City Blue,Austin Spurs,10,VS Oklahoma City Blue - 2025-11-30 - W 110-96,2025-11-30,Oklahoma City Blue,HOME,W,110,96,135000.0,185600.0,170600.0,1,1,1,3,3,2,0,5,70.6,92.5,76.9,0.0,169.4,240.0,0.705833,0,0.0,135000.0,481500.0,232918.0,1,1,1,3,6,1,0,40.04,161.86,38.1,0.0
2025-12-08|Austin Spurs|Mexico City Capitanes,Austin Spurs,11,@ Mexico City Capitanes - 2025-12-08 - W 110-107,2025-12-08,Mexico City Capitanes,AWAY,W,110,107,135000.0,100300.0,403518.0,1,1,1,3,2,3,0,5,83.86,58.08,98.05,0.0,156.13,239.99,0.650569,0,0.0,450000.0,0.0,0.0,1,1,1,10,0,0,0,240.0,0.0,0.0,0.0
2025-12-10|Austin Spurs|Mexico City Capitanes,Austin Spurs,12,@ Mexico City Capitanes - 2025-12-10 - W 117-104,2025-12-10,Mexico City Capitanes,AWAY,W,117,104,180000.0,100300.0,403518.0,1,1,1,4,2,3,0,5,86.57,55.14,98.3,0.0,153.44,240.01,0.639307,0,0.0,405000.0,0.0,0.0,1,1,1,9,0,0,0,240.0,0.0,0.0,0.0
2025-12-12|Austin Spurs|Texas Legends,Austin Spurs,13,@ Texas Legends - 2025-12-12 - W 138-132,2025-12-12,Texas Legends,AWAY,W,138,132,180000.0,85300.0,403518.0,1,1,1,4,1,3,0,4,92.03,37.35,110.62,0.0,147.97,240.0,0.616542,0,0.0,135000.0,466500.0,85300.0,1,1,1,3,6,1,0,54.89,162.21,22.9,0.0
2025-12-13|Austin Spurs|Texas Legends,Austin Spurs,14,@ Texas Legends - 2025-12-13 - L 122-126,2025-12-13,Texas Legends,AWAY,L,122,126,270000.0,85300.0,85300.0,1,1,1,6,1,1,0,2,161.86,42.52,35.62,0.0,78.14,240.0,0.325583,0,0.0,90000.0,381200.0,170600.0,1,1,1,2,5,2,0,30.2,143.9,65.9,0.0
2025-12-19|Austin Spurs|Stockton Kings,Austin Spurs,15,VS Stockton Kings - 2025-12-19 - L 117-119,2025-12-19,Stockton Kings,HOME,L,117,119,180000.0,255600.0,403518.0,1,1,1,4,4,3,0,7,86.33,60.79,105.65,0.0,166.44,252.77,0.658464,0,0.0,45000.0,340900.0,307918.0,1,1,1,1,5,2,1,18.93,123.92,71.05,38.87
2025-12-21|Austin Spurs|Maine Celtics,Austin Spurs,16,@ Maine Celtics - 2025-12-21 - L 114-123,2025-12-21,Maine Celtics,AWAY,L,114,123,180000.0,170300.0,403518.0,1,1,1,4,3,3,0,6,86.5,52.2,101.32,0.0,153.52,240.02,0.639613,0,0.0,45000.0,330600.0,403518.0,1,1,1,1,5,3,0,20.47,122.51,97.01,0.0
2025-12-27|Austin Spurs|Mexico City Capitanes,Austin Spurs,17,VS Mexico City Capitanes - 2025-12-27 - W 109-105,2025-12-27,Mexico City Capitanes,HOME,W,109,105,135000.0,170300.0,403518.0,1,1,1,3,3,3,0,6,72.68,67.99,99.31,0.0,167.3,239.98,0.697141,0,0.0,495000.0,0.0,0.0,1,1,1,11,0,0,0,240.01,0.0,0.0,0.0
2025-12-31|Austin Spurs|Santa Cruz Warriors,Austin Spurs,18,VS Santa Cruz Warriors - 2025-12-31 - L 102-111,2025-12-31,Santa Cruz Warriors,HOME,L,102,111,135000.0,170300.0,318218.0,1,1,1,3,3,2,0,5,83.57,76.68,79.75,0.0,156.43,240.0,0.651792,0,0.0,225000.0,366200.0,85300.0,1,1,1,5,5,1,0,105.63,103.07,31.3,0.0
2026-01-02|Austin Spurs|Santa Cruz Warriors,Austin Spurs,19,VS Santa Cruz Warriors - 2026-01-02 - L 105-112,2026-01-02,Santa Cruz Warriors,HOME,L,105,112,135000.0,170300.0,318218.0,1,1,1,3,3,2,0,5,77.37,80.98,81.65,0.0,162.63,240.0,0.677625,0,0.0,225000.0,366200.0,85300.0,1,1,1,5,5,1,0,103.35,99.3,37.35,0.0
2026-01-09|Austin Spurs|South Bay Lakers,Austin Spurs,20,VS South Bay Lakers - 2026-01-09 - W 111-99,2026-01-09,South Bay Lakers,HOME,W,111,99,180000.0,170300.0,403518.0,1,1,1,4,3,3,1,7,51.17,56.18,104.09,28.57,188.84,240.01,0.786801,0,0.0,90000.0,456500.0,85300.0,1,1,1,2,6,1,1,7.43,166.37,24.83,41.37
2026-01-10|Austin Spurs|South Bay Lakers,Austin Spurs,21,VS South Bay Lakers - 2026-01-10 - W 107-106,2026-01-10,South Bay Lakers,HOME,W,107,106,180000.0,170300.0,403518.0,1,1,1,4,3,3,0,6,75.22,64.12,100.67,0.0,164.79,240.01,0.686596,0,0.0,45000.0,456500.0,85300.0,1,1,1,1,6,1,1,9.15,158.75,33.62,38.48
2026-01-13|Austin Spurs|Salt Lake City Stars,Austin Spurs,22,@ Salt Lake City Stars - 2026-01-13 - W 118-113,2026-01-13,Salt Lake City Stars,AWAY,W,118,113,180000.0,100300.0,403518.0,1,1,1,4,2,3,0,5,81.6,60.42,97.98,0.0,158.4,240.0,0.66,0,0.0,90000.0,426500.0,465836.0,1,1,1,2,5,2,0,45.53,124.13,70.34,0.0
2026-01-15|Austin Spurs|Salt Lake City Stars,Austin Spurs,23,@ Salt Lake City Stars - 2026-01-15 - W 121-118,2026-01-15,Salt Lake City Stars,AWAY,W,121,118,225000.0,170300.0,403518.0,1,1,1,5,3,3,0,6,94.06,57.57,88.38,0.0,145.95,240.01,0.6081,0,0.0,135000.0,426500.0,465836.0,1,1,1,3,5,2,0,42.91,129.67,67.42,0.0
2026-01-20|Austin Spurs|Oklahoma City Blue,Austin Spurs,24,@ Oklahoma City Blue - 2026-01-20 - W 127-112,2026-01-20,Oklahoma City Blue,AWAY,W,127,112,225000.0,100300.0,170600.0,1,1,1,5,2,2,0,4,119.15,49.35,71.55,0.0,120.9,240.05,0.503645,0,0.0,225000.0,170600.0,0.0,1,1,1,5,2,0,0,162.36,77.63,0.0,0.0
2026-01-22|Austin Spurs|Capital City Go-Go,Austin Spurs,25,VS Capital City Go-Go - 2026-01-22 - W 110-103,2026-01-22,Capital City Go-Go,HOME,W,110,103,225000.0,100300.0,170600.0,1,1,1,5,2,2,0,4,107.54,57.37,75.1,0.0,132.47,240.01,0.551935,0,0.0,135000.0,413850.0,0.0,1,1,1,3,6,0,0,62.45,177.55,0.0,0.0
2026-01-23|Austin Spurs|Capital City Go-Go,Austin Spurs,26,VS Capital City Go-Go - 2026-01-23 - L 96-112,2026-01-23,Capital City Go-Go,HOME,L,96,112,225000.0,100300.0,170600.0,1,1,1,5,2,2,0,4,118.09,54.46,67.44,0.0,121.9,239.99,0.507938,0,0.0,135000.0,413850.0,0.0,1,1,1,3,6,0,0,71.4,168.62,0.0,0.0
2026-01-25|Austin Spurs|Valley Suns,Austin Spurs,27,@ Valley Suns - 2026-01-25 - W 102-91,2026-01-25,Valley Suns,AWAY,W,102,91,225000.0,15000.0,170600.0,1,1,1,5,1,2,0,3,134.4,25.13,80.47,0.0,105.6,240.0,0.44,0,0.0,45000.0,426500.0,232918.0,1,1,1,1,5,1,2,5.5,139.35,34.52,60.64
2026-01-27|Austin Spurs|Valley Suns,Austin Spurs,28,@ Valley Suns - 2026-01-27 - W 116-107,2026-01-27,Valley Suns,AWAY,W,116,107,225000.0,100300.0,403518.0,1,1,1,5,2,3,0,5,92.57,53.91,93.52,0.0,147.43,240.0,0.614292,0,0.0,90000.0,511800.0,232918.0,1,1,1,2,6,1,0,37.4,171.14,31.45,0.0
2026-01-29|Austin Spurs|Stockton Kings,Austin Spurs,29,VS Stockton Kings - 2026-01-29 - L 115-119,2026-01-29,Stockton Kings,HOME,L,115,119,225000.0,100300.0,403518.0,1,1,1,5,2,3,0,5,109.8,47.28,82.93,0.0,130.21,240.01,0.542519,0,0.0,45000.0,368400.0,307918.0,1,1,1,1,6,2,0,17.18,153.65,69.15,0.0
2026-02-04|Austin Spurs|Texas Legends,Austin Spurs,30,VS Texas Legends - 2026-02-04 - W 104-95,2026-02-04,Texas Legends,HOME,W,104,95,225000.0,100300.0,170600.0,1,1,1,5,2,2,0,4,112.44,56.4,71.15,0.0,127.55,239.99,0.53148,0,0.0,180000.0,381200.0,0.0,1,1,1,4,5,0,0,74.66,165.33,0.0,0.0
2026-02-07|Austin Spurs|Rio Grande Valley Vipers,Austin Spurs,31,@ Rio Grande Valley Vipers - 2026-02-07 - L 111-112,2026-02-07,Rio Grande Valley Vipers,AWAY,L,111,112,225000.0,185600.0,170600.0,1,1,1,5,3,2,0,5,111.39,62.93,65.68,0.0,128.61,240.0,0.535875,0,0.0,180000.0,130300.0,85300.0,1,1,1,4,3,1,0,90.21,112.44,37.37,0.0
2026-02-10|Austin Spurs|Iowa Wolves,Austin Spurs,32,@ Iowa Wolves - 2026-02-10 - W 130-124,2026-02-10,Iowa Wolves,AWAY,W,130,124,225000.0,100300.0,170600.0,1,1,1,5,2,2,0,4,121.83,47.76,70.41,0.0,118.17,240.0,0.492375,0,0.0,180000.0,170600.0,232918.0,1,1,1,4,2,1,1,111.73,75.38,32.47,20.4
2026-02-11|Austin Spurs|Iowa Wolves,Austin Spurs,33,@ Iowa Wolves - 2026-02-11 - W 135-120,2026-02-11,Iowa Wolves,AWAY,W,135,120,225000.0,185600.0,170600.0,1,1,1,5,3,2,0,5,90.17,81.24,68.6,0.0,149.84,240.01,0.624307,0,0.0,180000.0,220600.0,232918.0,1,1,1,4,3,1,1,100.17,87.41,31.43,21.02
2026-02-19|Austin Spurs|San Diego Clippers,Austin Spurs,34,@ San Diego Clippers - 2026-02-19 - W 116-115,2026-02-19,San Diego Clippers,AWAY,W,116,115,225000.0,185600.0,170600.0,1,1,1,5,3,2,0,5,98.41,86.1,69.81,0.0,155.91,254.32,0.613047,0,0.0,90000.0,439150.0,0.0,1,1,1,2,6,0,1,48.79,193.43,0.0,12.12
2026-02-20|Austin Spurs|San Diego Clippers,Austin Spurs,35,@ San Diego Clippers - 2026-02-20 - L 132-135,2026-02-20,San Diego Clippers,AWAY,L,132,135,180000.0,100300.0,170600.0,1,1,1,4,2,2,0,4,93.78,70.43,75.78,0.0,146.21,239.99,0.609234,0,0.0,90000.0,183250.0,465834.0,1,1,1,2,3,2,0,72.62,118.89,48.5,0.0
2026-02-22|Austin Spurs|Memphis Hustle,Austin Spurs,36,VS Memphis Hustle - 2026-02-22 - W 102-97,2026-02-22,Memphis Hustle,HOME,W,102,97,180000.0,185600.0,85300.0,1,1,1,4,3,1,0,4,111.78,87.69,40.52,0.0,128.21,239.99,0.534231,0,0.0,180000.0,426500.0,0.0,1,1,1,4,5,0,0,106.43,133.56,0.0,0.0
2026-02-24|Austin Spurs|Oklahoma City Blue,Austin Spurs,37,@ Oklahoma City Blue - 2026-02-24 - L 100-109,2026-02-24,Oklahoma City Blue,AWAY,L,100,109,180000.0,170300.0,318218.0,1,1,1,4,3,2,0,5,101.33,69.25,69.42,0.0,138.67,240.0,0.577792,0,0.0,225000.0,255900.0,85300.0,1,1,1,5,3,1,0,141.15,58.16,40.68,0.0
2026-02-26|Austin Spurs|Motor City Cruise,Austin Spurs,38,VS Motor City Cruise - 2026-02-26 - W 102-94,2026-02-26,Motor City Cruise,HOME,W,102,94,180000.0,255600.0,232918.0,1,1,1,4,4,1,0,5,93.17,110.15,36.68,0.0,146.83,240.0,0.611792,0,0.0,225000.0,220600.0,85300.0,1,1,1,5,4,1,1,99.65,77.48,29.33,33.53
2026-03-01|Austin Spurs|Memphis Hustle,Austin Spurs,39,VS Memphis Hustle - 2026-03-01 - W 121-118,2026-03-01,Memphis Hustle,HOME,W,121,118,180000.0,240600.0,232918.0,1,1,1,4,3,1,0,4,112.34,95.44,32.23,0.0,127.67,240.01,0.531936,0,0.0,180000.0,255900.0,85300.0,1,1,1,4,3,1,0,115.58,104.87,19.55,0.0
2026-03-07|Austin Spurs|Sioux Falls Skyforce,Austin Spurs,40,@ Sioux Falls Skyforce - 2026-03-07 - L 109-116,2026-03-07,Sioux Falls Skyforce,AWAY,L,109,116,180000.0,185600.0,403518.0,1,1,1,4,3,3,0,6,62.91,84.95,92.15,0.0,177.1,240.01,0.737886,0,0.0,135000.0,255900.0,85300.0,1,1,1,3,3,1,2,57.78,82.46,35.57,64.17
2026-03-08|Austin Spurs|Sioux Falls Skyforce,Austin Spurs,41,@ Sioux Falls Skyforce - 2026-03-08 - W 119-118,2026-03-08,Sioux Falls Skyforce,AWAY,W,119,118,135000.0,185600.0,403518.0,1,1,1,3,3,3,0,6,57.54,92.45,90.01,0.0,182.46,240.0,0.76025,0,0.0,135000.0,255900.0,85300.0,1,1,1,3,3,1,2,54.1,79.73,36.73,69.43
2026-03-10|Austin Spurs|Rio Grande Valley Vipers,Austin Spurs,42,@ Rio Grande Valley Vipers - 2026-03-10 - W 94-86,2026-03-10,Rio Grande Valley Vipers,AWAY,W,94,86,180000.0,255600.0,403518.0,1,1,1,4,4,3,0,7,61.85,90.69,87.45,0.0,178.14,239.99,0.742281,0,0.0,135000.0,215600.0,0.0,1,1,1,3,4,0,1,86.93,119.53,0.0,33.53
2026-03-12|Austin Spurs|Texas Legends,Austin Spurs,43,VS Texas Legends - 2026-03-12 - W 122-119,2026-03-12,Texas Legends,HOME,W,122,119,180000.0,255600.0,170600.0,1,1,1,4,4,2,0,6,82.59,96.94,60.49,0.0,157.43,240.02,0.655904,0,0.0,135000.0,295900.0,465836.0,1,1,1,3,4,2,0,66.65,114.48,58.86,0.0
2026-03-15|Austin Spurs|Stockton Kings,Austin Spurs,44,VS Stockton Kings - 2026-03-15 - L 104-106,2026-03-15,Stockton Kings,HOME,L,104,106,180000.0,255600.0,403518.0,1,1,1,4,4,3,0,7,63.6,93.87,82.57,0.0,176.44,240.04,0.735044,0,0.0,45000.0,426200.0,465836.0,1,1,1,1,6,2,0,25.4,149.73,64.87,0.0
2026-03-17|Austin Spurs|College Park Skyhawks,Austin Spurs,45,@ College Park Skyhawks - 2026-03-17 - L 116-119,2026-03-17,College Park Skyhawks,AWAY,L,116,119,180000.0,255600.0,403518.0,1,1,1,4,4,3,0,7,54.87,91.88,93.25,0.0,185.13,240.0,0.771375,0,0.0,270000.0,160300.0,150000.0,1,1,1,6,3,1,0,156.56,48.68,34.75,0.0
2026-03-20|Austin Spurs|Noblesville Boom,Austin Spurs,46,@ Noblesville Boom - 2026-03-20 - W 121-107,2026-03-20,Noblesville Boom,AWAY,W,121,107,135000.0,255600.0,403518.0,1,1,1,3,4,3,0,7,45.51,98.32,96.18,0.0,194.5,240.01,0.810383,0,0.0,315000.0,170600.0,0.0,1,1,1,7,2,0,0,194.7,45.3,0.0,0.0
2026-03-22|Austin Spurs|Noblesville Boom,Austin Spurs,47,@ Noblesville Boom - 2026-03-22 - W 117-97,2026-03-22,Noblesville Boom,AWAY,W,117,97,180000.0,255600.0,403518.0,1,1,1,4,4,3,0,7,45.65,98.33,96.02,0.0,194.35,240.0,0.809792,0,0.0,315000.0,170600.0,0.0,1,1,1,7,2,0,0,209.36,30.64,0.0,0.0
2026-03-25|Austin Spurs|Rip City Remix,Austin Spurs,48,VS Rip City Remix - 2026-03-25 - W 99-93,2026-03-25,Rip City Remix,HOME,W,99,93,135000.0,255600.0,403518.0,1,1,1,3,4,3,0,7,42.58,100.29,97.13,0.0,197.42,240.0,0.822583,0,0.0,225000.0,255900.0,318217.0,1,1,1,5,3,2,1,78.68,64.42,65.31,31.58
2026-03-27|Austin Spurs|Rip City Remix,Austin Spurs,49,VS Rip City Remix - 2026-03-27 - L 101-106,2026-03-27,Rip City Remix,HOME,L,101,106,135000.0,255600.0,403518.0,1,1,1,3,4,3,0,7,38.63,104.71,96.67,0.0,201.38,240.01,0.839048,0,0.0,135000.0,255900.0,318217.0,1,1,1,3,3,2,1,74.31,54.68,76.62,34.37
2026-03-28|Austin Spurs|Mexico City Capitanes,Austin Spurs,50,VS Mexico City Capitanes - 2026-03-28 - W 118-86,2026-03-28,Mexico City Capitanes,HOME,W,118,86,90000.0,255600.0,403518.0,1,1,1,2,4,3,0,7,33.73,111.75,94.52,0.0,206.27,240.0,0.859458,0,0.0,540000.0,0.0,0.0,1,1,1,12,0,0,0,239.99,0.0,0.0,0.0
2025-11-07|Austin Spurs|Birmingham Squadron,Birmingham Squadron,1,VS Austin Spurs - 2025-11-07 - L 89-101,2025-11-07,Austin Spurs,HOME,L,89,101,45000.0,476500.0,465836.0,1,1,1,1,6,2,0,8,26.32,145.28,68.4,0.0,213.68,240.0,0.890333,0,0.0,90000.0,255600.0,255900.0,1,1,1,2,4,3,0,42.18,105.04,92.79,0.0
2025-11-09|Austin Spurs|Birmingham Squadron,Birmingham Squadron,2,@ Austin Spurs - 2025-11-09 - L 97-110,2025-11-09,Austin Spurs,AWAY,L,97,110,90000.0,476500.0,465836.0,1,1,1,2,6,2,0,8,58.2,113.41,68.38,0.0,181.79,239.99,0.75749,0,0.0,90000.0,255600.0,255900.0,1,1,1,2,4,3,0,30.36,107.4,102.23,0.0
2025-11-11|Birmingham Squadron|Oklahoma City Blue,Birmingham Squadron,3,@ Oklahoma City Blue - 2025-11-11 - W 106-97,2025-11-11,Oklahoma City Blue,AWAY,W,106,97,90000.0,476500.0,465836.0,1,1,1,2,6,2,0,8,47.22,135.75,57.03,0.0,192.78,240.0,0.80325,0,0.0,45000.0,652100.0,551136.0,1,1,1,1,8,3,0,0.27,154.52,85.22,0.0
2025-11-14|Birmingham Squadron|Osceola Magic,Birmingham Squadron,4,@ Osceola Magic - 2025-11-14 - L 77-120,2025-11-14,Osceola Magic,AWAY,L,77,120,90000.0,526500.0,465836.0,1,1,1,2,7,2,0,9,48.75,133.17,58.08,0.0,191.25,240.0,0.796875,0,0.0,90000.0,571800.0,318218.0,1,1,1,2,7,2,0,16.8,177.53,45.67,0.0
2025-11-16|Birmingham Squadron|Osceola Magic,Birmingham Squadron,5,@ Osceola Magic - 2025-11-16 - W 122-118,2025-11-16,Osceola Magic,AWAY,W,122,118,90000.0,476500.0,465836.0,1,1,1,2,6,2,0,8,46.98,122.31,70.73,0.0,193.04,240.02,0.804266,0,0.0,90000.0,571800.0,85300.0,1,1,1,2,7,1,0,16.59,196.46,26.97,0.0
2025-11-23|Birmingham Squadron|Mexico City Capitanes,Birmingham Squadron,6,@ Mexico City Capitanes - 2025-11-23 - L 97-120,2025-11-23,Mexico City Capitanes,AWAY,L,97,120,135000.0,441200.0,232918.0,1,1,1,3,6,1,0,7,39.38,164.82,35.8,0.0,200.62,240.0,0.835917,0,0.0,450000.0,0.0,0.0,1,1,1,10,0,0,0,240.0,0.0,0.0,0.0
2025-11-24|Birmingham Squadron|Mexico City Capitanes,Birmingham Squadron,7,@ Mexico City Capitanes - 2025-11-24 - L 102-115,2025-11-24,Mexico City Capitanes,AWAY,L,102,115,45000.0,441200.0,232918.0,1,1,1,1,6,1,0,7,28.48,171.26,40.3,0.0,211.56,240.04,0.881353,0,0.0,450000.0,0.0,0.0,1,1,1,10,0,0,0,240.02,0.0,0.0,0.0
2025-12-03|Birmingham Squadron|Memphis Hustle,Birmingham Squadron,8,VS Memphis Hustle - 2025-12-03 - W 118-85,2025-12-03,Memphis Hustle,HOME,W,118,85,135000.0,355900.0,0.0,1,1,1,3,5,0,0,5,74.5,165.49,0.0,0.0,165.49,239.99,0.68957,0,0.0,180000.0,341200.0,0.0,1,1,1,4,4,0,0,113.34,126.66,0.0,0.0
2025-12-05|Birmingham Squadron|Memphis Hustle,Birmingham Squadron,9,VS Memphis Hustle - 2025-12-05 - L 99-124,2025-12-05,Memphis Hustle,HOME,L,99,124,90000.0,355900.0,232918.0,1,1,1,2,5,1,0,6,55.17,156.86,27.97,0.0,184.83,240.0,0.770125,0,0.0,225000.0,341200.0,0.0,1,1,1,5,4,0,1,99.73,106.71,0.0,33.55
2025-12-07|Birmingham Squadron|Texas Legends,Birmingham Squadron,10,VS Texas Legends - 2025-12-07 - L 91-121,2025-12-07,Texas Legends,HOME,L,91,121,90000.0,355900.0,232918.0,1,1,1,2,5,1,0,6,51.27,163.67,25.07,0.0,188.74,240.01,0.786384,0,0.0,225000.0,381200.0,85300.0,1,1,1,5,5,1,0,95.37,119.85,24.78,0.0
2025-12-09|Birmingham Squadron|Texas Legends,Birmingham Squadron,11,VS Texas Legends - 2025-12-09 - L 94-130,2025-12-09,Texas Legends,HOME,L,94,130,45000.0,441200.0,232918.0,1,1,1,1,6,1,0,7,29.33,180.23,30.43,0.0,210.66,239.99,0.877787,0,0.0,180000.0,381200.0,85300.0,1,1,1,4,5,1,0,86.96,124.46,28.58,0.0
2025-12-11|Birmingham Squadron|Oklahoma City Blue,Birmingham Squadron,12,@ Oklahoma City Blue - 2025-12-11 - W 103-101,2025-12-11,Oklahoma City Blue,AWAY,W,103,101,90000.0,441200.0,465836.0,1,1,1,2,6,2,0,8,45.22,128.61,66.17,0.0,194.78,240.0,0.811583,0,0.0,135000.0,396200.0,318218.0,1,1,1,3,5,2,0,36.74,135.21,68.05,0.0
2025-12-14|Birmingham Squadron|Rio Grande Valley Vipers,Birmingham Squadron,13,VS Rio Grande Valley Vipers - 2025-12-14 - L 127-133,2025-12-14,Rio Grande Valley Vipers,HOME,L,127,133,90000.0,526500.0,465836.0,1,1,1,2,7,2,0,9,54.07,137.5,48.43,0.0,185.93,240.0,0.774708,0,0.0,225000.0,197950.0,0.0,1,1,1,5,4,0,0,127.53,112.47,0.0,0.0
2025-12-16|Birmingham Squadron|Rio Grande Valley Vipers,Birmingham Squadron,14,VS Rio Grande Valley Vipers - 2025-12-16 - W 142-111,2025-12-16,Rio Grande Valley Vipers,HOME,W,142,111,90000.0,526500.0,465836.0,1,1,1,2,7,2,0,9,39.35,141.88,58.77,0.0,200.65,240.0,0.836042,0,0.0,225000.0,155300.0,0.0,1,1,1,5,3,0,0,153.99,86.0,0.0,0.0
2025-12-20|Birmingham Squadron|Iowa Wolves,Birmingham Squadron,15,@ Iowa Wolves - 2025-12-20 - L 101-117,2025-12-20,Iowa Wolves,AWAY,L,101,117,90000.0,441200.0,465836.0,1,1,1,2,6,2,0,8,60.95,111.8,67.25,0.0,179.05,240.0,0.746042,0,0.0,90000.0,305900.0,551136.0,1,1,1,2,4,3,0,40.78,103.79,95.44,0.0
2025-12-21|Birmingham Squadron|Valley Suns,Birmingham Squadron,16,VS Valley Suns - 2025-12-21 - W 125-121,2025-12-21,Valley Suns,HOME,W,125,121,90000.0,441200.0,465836.0,1,1,1,2,6,2,0,8,50.72,127.56,61.72,0.0,189.28,240.0,0.788667,0,0.0,135000.0,446500.0,0.0,1,1,1,3,6,0,0,66.58,173.42,0.0,0.0
2025-12-27|Birmingham Squadron|Westchester Knicks,Birmingham Squadron,17,@ Westchester Knicks - 2025-12-27 - W 105-98,2025-12-27,Westchester Knicks,AWAY,W,105,98,45000.0,441200.0,465836.0,1,1,1,1,6,2,0,8,38.78,128.84,72.4,0.0,201.24,240.02,0.83843,0,0.0,180000.0,341200.0,170600.0,1,1,1,4,4,2,0,37.65,126.03,76.32,0.0
2025-12-28|Birmingham Squadron|Westchester Knicks,Birmingham Squadron,18,@ Westchester Knicks - 2025-12-28 - L 118-128,2025-12-28,Westchester Knicks,AWAY,L,118,128,45000.0,441200.0,465836.0,1,1,1,1,6,2,0,8,26.1,156.1,57.81,0.0,213.91,240.01,0.891255,0,0.0,180000.0,341200.0,85300.0,1,1,1,4,4,1,0,86.48,128.52,25.0,0.0
2025-12-30|Birmingham Squadron|College Park Skyhawks,Birmingham Squadron,19,@ College Park Skyhawks - 2025-12-30 - W 132-108,2025-12-30,College Park Skyhawks,AWAY,W,132,108,90000.0,526500.0,232918.0,1,1,1,2,7,1,0,8,52.95,158.24,28.82,0.0,187.06,240.01,0.779384,0,0.0,180000.0,270600.0,85300.0,1,1,1,4,5,1,0,93.02,112.59,34.4,0.0
2026-01-01|Birmingham Squadron|College Park Skyhawks,Birmingham Squadron,20,@ College Park Skyhawks - 2026-01-01 - L 83-107,2026-01-01,College Park Skyhawks,AWAY,L,83,107,45000.0,476500.0,232918.0,1,1,1,1,6,1,0,7,31.22,177.18,31.6,0.0,208.78,240.0,0.869917,0,0.0,225000.0,245600.0,85300.0,1,1,1,5,4,1,0,114.72,96.5,28.78,0.0
2026-01-03|Birmingham Squadron|Delaware Blue Coats,Birmingham Squadron,21,@ Delaware Blue Coats - 2026-01-03 - W 110-108,2026-01-03,Delaware Blue Coats,AWAY,W,110,108,45000.0,476500.0,232918.0,1,1,1,1,6,1,0,7,37.88,169.37,32.73,0.0,202.1,239.98,0.842154,0,0.0,180000.0,180600.0,0.0,1,1,1,4,5,0,0,82.49,157.49,0.0,0.0
2026-01-04|Birmingham Squadron|Delaware Blue Coats,Birmingham Squadron,22,@ Delaware Blue Coats - 2026-01-04 - L 94-130,2026-01-04,Delaware Blue Coats,AWAY,L,94,130,90000.0,426500.0,232918.0,1,1,1,2,5,1,0,6,47.18,154.64,38.17,0.0,192.81,239.99,0.803408,0,0.0,135000.0,223250.0,0.0,1,1,1,3,5,0,1,78.26,129.03,0.0,32.7
2026-01-08|Birmingham Squadron|Osceola Magic,Birmingham Squadron,23,VS Osceola Magic - 2026-01-08 - L 106-111,2026-01-08,Osceola Magic,HOME,L,106,111,90000.0,476500.0,232918.0,1,1,1,2,6,1,0,7,68.5,144.59,26.92,0.0,171.51,240.01,0.714595,0,0.0,90000.0,571800.0,0.0,1,1,1,2,7,0,0,37.69,202.32,0.0,0.0
2026-01-10|Birmingham Squadron|Osceola Magic,Birmingham Squadron,24,VS Osceola Magic - 2026-01-10 - L 95-112,2026-01-10,Osceola Magic,HOME,L,95,112,90000.0,476500.0,232918.0,1,1,1,2,6,1,0,7,58.54,147.4,34.07,0.0,181.47,240.01,0.756093,0,0.0,90000.0,571800.0,0.0,1,1,1,2,7,0,0,43.87,196.13,0.0,0.0
2026-01-11|Birmingham Squadron|Raptors 905,Birmingham Squadron,25,VS Raptors 905 - 2026-01-11 - L 73-118,2026-01-11,Raptors 905,HOME,L,73,118,90000.0,391200.0,232918.0,1,1,1,2,5,1,0,6,56.0,153.95,30.05,0.0,184.0,240.0,0.766667,0,0.0,135000.0,425900.0,0.0,1,1,1,3,7,0,0,59.7,180.32,0.0,0.0
2026-01-13|Birmingham Squadron|Raptors 905,Birmingham Squadron,26,VS Raptors 905 - 2026-01-13 - L 98-99,2026-01-13,Raptors 905,HOME,L,98,99,90000.0,391200.0,232918.0,1,1,1,2,5,1,0,6,74.0,145.97,32.28,0.0,178.25,252.25,0.70664,0,0.0,90000.0,425900.0,0.0,1,1,1,2,7,0,0,48.28,203.96,0.0,0.0
2026-01-15|Birmingham Squadron|Motor City Cruise,Birmingham Squadron,27,VS Motor City Cruise - 2026-01-15 - L 94-109,2026-01-15,Motor City Cruise,HOME,L,94,109,90000.0,441200.0,232918.0,1,1,1,2,6,1,0,7,63.43,145.29,31.28,0.0,176.57,240.0,0.735708,0,0.0,225000.0,50000.0,232918.0,1,1,1,5,2,1,1,129.41,47.27,30.02,33.32
2026-01-17|Birmingham Squadron|Motor City Cruise,Birmingham Squadron,28,VS Motor City Cruise - 2026-01-17 - L 103-127,2026-01-17,Motor City Cruise,HOME,L,103,127,135000.0,220600.0,465836.0,1,1,1,3,3,2,0,5,81.37,88.47,70.17,0.0,158.64,240.01,0.660972,0,0.0,225000.0,135300.0,318218.0,1,1,1,5,3,2,1,117.98,56.02,42.75,23.25
2026-01-19|Birmingham Squadron|Greensboro Swarm,Birmingham Squadron,29,VS Greensboro Swarm - 2026-01-19 - L 114-116,2026-01-19,Greensboro Swarm,HOME,L,114,116,90000.0,305900.0,465836.0,1,1,1,2,4,2,0,6,77.21,87.41,75.36,0.0,162.77,239.98,0.678265,0,0.0,45000.0,451200.0,85300.0,1,1,1,1,8,1,1,12.25,164.6,27.83,35.32
2026-01-22|Birmingham Squadron|Cleveland Charge,Birmingham Squadron,30,VS Cleveland Charge - 2026-01-22 - L 104-113,2026-01-22,Cleveland Charge,HOME,L,104,113,90000.0,476500.0,465836.0,1,1,1,2,6,2,0,8,63.57,109.42,67.02,0.0,176.44,240.01,0.735136,0,0.0,90000.0,486500.0,232917.0,1,1,1,2,7,1,0,39.65,168.04,32.33,0.0
2026-01-24|Birmingham Squadron|Cleveland Charge,Birmingham Squadron,31,VS Cleveland Charge - 2026-01-24 - L 105-120,2026-01-24,Cleveland Charge,HOME,L,105,120,45000.0,526500.0,465836.0,1,1,1,1,7,2,0,9,32.78,147.41,59.8,0.0,207.21,239.99,0.863411,0,0.0,90000.0,486500.0,0.0,1,1,1,2,7,0,0,52.78,187.22,0.0,0.0
2026-01-28|Birmingham Squadron|Sioux Falls Skyforce,Birmingham Squadron,32,VS Sioux Falls Skyforce - 2026-01-28 - W 115-97,2026-01-28,Sioux Falls Skyforce,HOME,W,115,97,90000.0,355900.0,465836.0,1,1,1,2,5,2,0,7,56.31,115.36,68.33,0.0,183.69,240.0,0.765375,0,0.0,90000.0,426500.0,170600.0,1,1,1,2,5,2,0,32.62,137.81,69.57,0.0
2026-01-30|Birmingham Squadron|Noblesville Boom,Birmingham Squadron,33,@ Noblesville Boom - 2026-01-30 - L 111-124,2026-01-30,Noblesville Boom,AWAY,L,111,124,90000.0,441200.0,465836.0,1,1,1,2,6,2,0,8,51.28,127.3,61.42,0.0,188.72,240.0,0.786333,0,0.0,135000.0,341200.0,698754.0,1,1,1,3,4,3,0,60.67,85.34,93.98,0.0
2026-02-01|Birmingham Squadron|Noblesville Boom,Birmingham Squadron,34,@ Noblesville Boom - 2026-02-01 - L 109-125,2026-02-01,Noblesville Boom,AWAY,L,109,125,90000.0,355900.0,232918.0,1,1,1,2,5,1,0,6,66.03,133.13,40.83,0.0,173.96,239.99,0.724864,0,0.0,225000.0,341200.0,465836.0,1,1,1,5,4,2,0,89.12,87.8,63.08,0.0
2026-02-07|Birmingham Squadron|Capital City Go-Go,Birmingham Squadron,35,@ Capital City Go-Go - 2026-02-07 - W 122-116,2026-02-07,Capital City Go-Go,AWAY,W,122,116,90000.0,441200.0,465836.0,1,1,1,2,6,2,0,8,60.77,106.01,73.23,0.0,179.24,240.01,0.746802,0,0.0,180000.0,328550.0,0.0,1,1,1,4,5,0,0,85.99,154.02,0.0,0.0
2026-02-09|Birmingham Squadron|Wisconsin Herd,Birmingham Squadron,36,@ Wisconsin Herd - 2026-02-09 - W 104-89,2026-02-09,Wisconsin Herd,AWAY,W,104,89,90000.0,441200.0,465836.0,1,1,1,2,6,2,0,8,60.03,117.78,62.18,0.0,179.96,239.99,0.749865,0,0.0,135000.0,335900.0,170600.0,1,1,1,3,5,2,1,56.4,115.01,46.08,22.52
2026-02-10|Birmingham Squadron|Wisconsin Herd,Birmingham Squadron,37,@ Wisconsin Herd - 2026-02-10 - W 124-110,2026-02-10,Wisconsin Herd,AWAY,W,124,110,90000.0,355900.0,465836.0,1,1,1,2,5,2,0,7,29.37,135.59,75.03,0.0,210.62,239.99,0.87762,0,0.0,90000.0,250600.0,170600.0,1,1,1,2,4,2,1,38.78,119.17,55.06,26.98
2026-02-12|Birmingham Squadron|Rip City Remix,Birmingham Squadron,38,VS Rip City Remix - 2026-02-12 - L 103-141,2026-02-12,Rip City Remix,HOME,L,103,141,90000.0,355900.0,232918.0,1,1,1,2,5,1,0,6,60.75,159.25,20.0,0.0,179.25,240.0,0.746875,0,0.0,270000.0,255900.0,0.0,1,1,1,6,3,0,0,146.51,93.5,0.0,0.0
2026-02-19|Birmingham Squadron|Long Island Nets,Birmingham Squadron,39,VS Long Island Nets - 2026-02-19 - L 103-121,2026-02-19,Long Island Nets,HOME,L,103,121,90000.0,441200.0,465836.0,1,1,1,2,6,2,0,8,48.61,121.69,69.7,0.0,191.39,240.0,0.797458,0,0.0,0.0,308250.0,320600.0,1,1,1,0,5,3,2,0.0,99.45,88.65,51.9
2026-02-20|Birmingham Squadron|Long Island Nets,Birmingham Squadron,40,VS Long Island Nets - 2026-02-20 - W 104-102,2026-02-20,Long Island Nets,HOME,W,104,102,90000.0,270600.0,465836.0,1,1,1,2,4,2,0,6,59.74,109.9,70.36,0.0,180.26,240.0,0.751083,0,0.0,0.0,393550.0,320600.0,1,1,1,0,6,3,2,0.0,101.15,85.86,52.99
2026-02-24|Birmingham Squadron|Capital City Go-Go,Birmingham Squadron,41,@ Capital City Go-Go - 2026-02-24 - W 126-112,2026-02-24,Capital City Go-Go,AWAY,W,126,112,135000.0,270600.0,465836.0,1,1,1,3,4,2,0,6,61.89,110.11,68.0,0.0,178.11,240.0,0.742125,0,0.0,180000.0,338550.0,0.0,1,1,1,4,5,0,0,92.83,147.17,0.0,0.0
2026-03-04|Birmingham Squadron|Santa Cruz Warriors,Birmingham Squadron,42,@ Santa Cruz Warriors - 2026-03-04 - L 117-121,2026-03-04,Santa Cruz Warriors,AWAY,L,117,121,45000.0,441200.0,465836.0,1,1,1,1,6,2,0,8,32.07,139.45,68.5,0.0,207.95,240.02,0.866386,0,0.0,180000.0,391200.0,0.0,1,1,1,4,6,0,0,101.68,138.32,0.0,0.0
2026-03-05|Birmingham Squadron|Stockton Kings,Birmingham Squadron,43,@ Stockton Kings - 2026-03-05 - L 99-124,2026-03-05,Stockton Kings,AWAY,L,99,124,90000.0,441200.0,465836.0,1,1,1,2,6,2,0,8,29.27,145.02,65.72,0.0,210.74,240.01,0.878047,0,0.0,180000.0,283100.0,0.0,1,1,1,4,5,0,0,92.06,147.94,0.0,0.0
2026-03-08|Birmingham Squadron|Stockton Kings,Birmingham Squadron,44,@ Stockton Kings - 2026-03-08 - W 127-119,2026-03-08,Stockton Kings,AWAY,W,127,119,0.0,441200.0,465836.0,1,1,1,0,6,2,0,8,0.0,171.47,77.03,0.0,248.5,248.5,1.0,0,0.0,180000.0,340900.0,0.0,1,1,1,4,5,0,0,95.36,153.15,0.0,0.0
2026-03-11|Birmingham Squadron|Grand Rapids Gold,Birmingham Squadron,45,@ Grand Rapids Gold - 2026-03-11 - W 122-95,2026-03-11,Grand Rapids Gold,AWAY,W,122,95,45000.0,441200.0,465836.0,1,1,1,1,6,2,0,8,2.52,164.05,73.43,0.0,237.48,240.0,0.9895,0,0.0,315000.0,332670.0,232918.0,1,1,1,7,5,1,0,97.68,108.49,33.83,0.0
2026-03-16|Birmingham Squadron|Maine Celtics,Birmingham Squadron,46,VS Maine Celtics - 2026-03-16 - W 144-143,2026-03-16,Maine Celtics,HOME,W,144,143,0.0,441200.0,465836.0,1,1,1,0,6,2,0,8,0.0,164.95,75.05,0.0,240.0,240.0,1.0,0,0.0,135000.0,330600.0,232918.0,1,1,1,3,5,1,0,67.42,142.72,29.87,0.0
2026-03-17|Birmingham Squadron|Maine Celtics,Birmingham Squadron,47,VS Maine Celtics - 2026-03-17 - W 122-106,2026-03-17,Maine Celtics,HOME,W,122,106,0.0,441200.0,465836.0,1,1,1,0,6,2,0,8,0.0,160.32,79.69,0.0,240.01,240.01,1.0,0,0.0,90000.0,330600.0,232918.0,1,1,1,2,5,1,0,43.11,162.35,34.53,0.0
2026-03-22|Birmingham Squadron|Windy City Bulls,Birmingham Squadron,48,VS Windy City Bulls - 2026-03-22 - W 134-119,2026-03-22,Windy City Bulls,HOME,W,134,119,135000.0,441200.0,465836.0,1,1,1,3,6,2,0,8,5.86,162.43,71.72,0.0,234.15,240.01,0.975584,0,0.0,315000.0,170600.0,85300.0,1,1,1,7,2,1,0,121.12,83.17,35.72,0.0
2026-03-24|Birmingham Squadron|Windy City Bulls,Birmingham Squadron,49,VS Windy City Bulls - 2026-03-24 - W 134-133,2026-03-24,Windy City Bulls,HOME,W,134,133,0.0,441200.0,465836.0,1,1,1,0,6,2,0,8,0.0,164.26,75.74,0.0,240.0,240.0,1.0,0,0.0,315000.0,170600.0,0.0,1,1,1,7,2,0,0,165.63,74.4,0.0,0.0
2026-03-27|Birmingham Squadron|Grand Rapids Gold,Birmingham Squadron,50,@ Grand Rapids Gold - 2026-03-27 - L 101-123,2026-03-27,Grand Rapids Gold,AWAY,L,101,123,90000.0,355900.0,0.0,1,1,1,2,5,0,0,5,35.99,204.01,0.0,0.0,204.01,240.0,0.850042,0,0.0,270000.0,247370.0,0.0,1,1,1,6,4,0,1,93.27,110.21,0.0,36.52
2025-11-07|Capital City Go-Go|Long Island Nets,Capital City Go-Go,1,@ Long Island Nets - 2025-11-07 - L 102-109,2025-11-07,Long Island Nets,AWAY,L,102,109,90000.0,584450.0,0.0,1,1,1,2,8,0,0,8,16.32,223.68,0.0,0.0,223.68,240.0,0.932,0,0.0,90000.0,350900.0,0.0,1,1,1,2,5,0,3,51.54,103.98,0.0,84.49
2025-11-09|Capital City Go-Go|Long Island Nets,Capital City Go-Go,2,@ Long Island Nets - 2025-11-09 - W 112-105,2025-11-09,Long Island Nets,AWAY,W,112,105,90000.0,584450.0,0.0,1,1,1,2,8,0,0,8,23.7,216.31,0.0,0.0,216.31,240.01,0.901254,0,0.0,90000.0,350900.0,0.0,1,1,1,2,5,0,3,45.92,110.12,0.0,83.94
2025-11-12|Capital City Go-Go|Westchester Knicks,Capital City Go-Go,3,VS Westchester Knicks - 2025-11-12 - W 104-94,2025-11-12,Westchester Knicks,HOME,W,104,94,0.0,584450.0,465836.0,1,1,1,0,8,2,0,10,0.0,183.05,56.95,0.0,240.0,240.0,1.0,0,0.0,90000.0,295900.0,170600.0,1,1,1,2,5,2,0,56.58,119.57,63.85,0.0
2025-11-14|Capital City Go-Go|College Park Skyhawks,Capital City Go-Go,4,@ College Park Skyhawks - 2025-11-14 - L 113-121,2025-11-14,College Park Skyhawks,AWAY,L,113,121,0.0,499150.0,232918.0,1,1,1,0,7,1,1,9,0.0,167.54,35.1,37.37,240.01,240.01,1.0,0,0.0,90000.0,270600.0,85300.0,1,1,1,2,5,1,1,34.55,138.87,35.47,31.12
2025-11-16|Capital City Go-Go|College Park Skyhawks,Capital City Go-Go,5,@ College Park Skyhawks - 2025-11-16 - W 111-104,2025-11-16,College Park Skyhawks,AWAY,W,111,104,0.0,413850.0,465836.0,1,1,1,0,6,2,1,9,0.0,149.67,70.1,20.23,240.0,240.0,1.0,0,0.0,180000.0,270600.0,85300.0,1,1,1,4,5,1,1,54.59,134.8,36.48,14.13
2025-11-22|Capital City Go-Go|Westchester Knicks,Capital City Go-Go,6,VS Westchester Knicks - 2025-11-22 - L 107-112,2025-11-22,Westchester Knicks,HOME,L,107,112,90000.0,584450.0,0.0,1,1,1,2,8,0,0,8,17.39,222.64,0.0,0.0,222.64,240.03,0.927551,0,0.0,135000.0,295900.0,170600.0,1,1,1,3,5,2,0,49.98,122.98,67.05,0.0
2025-11-28|Capital City Go-Go|Greensboro Swarm,Capital City Go-Go,7,@ Greensboro Swarm - 2025-11-28 - W 109-107,2025-11-28,Greensboro Swarm,AWAY,W,109,107,45000.0,584450.0,0.0,1,1,1,1,8,0,0,8,22.7,234.48,0.0,0.0,234.48,257.18,0.911735,0,0.0,90000.0,335900.0,403518.0,1,1,1,2,5,3,1,35.91,100.48,91.8,28.97
2025-11-30|Capital City Go-Go|Greensboro Swarm,Capital City Go-Go,8,VS Greensboro Swarm - 2025-11-30 - L 106-124,2025-11-30,Greensboro Swarm,HOME,L,106,124,45000.0,499150.0,232918.0,1,1,1,1,7,1,1,9,5.65,155.99,38.8,39.57,234.36,240.01,0.976459,0,0.0,45000.0,421200.0,318218.0,1,1,1,1,6,2,1,34.72,111.45,60.92,32.92
2025-12-03|Capital City Go-Go|Raptors 905,Capital City Go-Go,9,@ Raptors 905 - 2025-12-03 - L 104-123,2025-12-03,Raptors 905,AWAY,L,104,123,90000.0,499150.0,0.0,1,1,1,2,7,0,1,8,23.75,187.76,0.0,28.5,216.26,240.01,0.901046,0,0.0,135000.0,425900.0,403518.0,1,1,1,3,7,3,0,32.59,124.26,83.15,0.0
2025-12-05|Capital City Go-Go|Raptors 905,Capital City Go-Go,10,@ Raptors 905 - 2025-12-05 - L 120-124,2025-12-05,Raptors 905,AWAY,L,120,124,90000.0,499150.0,0.0,1,1,1,2,7,0,1,8,12.06,198.74,0.0,29.2,227.94,240.0,0.94975,0,0.0,90000.0,425900.0,403518.0,1,1,1,2,7,3,0,29.26,112.31,98.43,0.0
2025-12-10|Capital City Go-Go|Maine Celtics,Capital City Go-Go,11,VS Maine Celtics - 2025-12-10 - L 101-112,2025-12-10,Maine Celtics,HOME,L,101,112,45000.0,338550.0,465836.0,1,1,1,1,5,2,1,8,12.6,134.88,60.69,31.83,227.4,240.0,0.9475,0,0.0,180000.0,330600.0,85300.0,1,1,1,4,5,1,0,77.25,126.28,36.47,0.0
2025-12-12|Capital City Go-Go|Maine Celtics,Capital City Go-Go,12,VS Maine Celtics - 2025-12-12 - W 111-77,2025-12-12,Maine Celtics,HOME,W,111,77,135000.0,338550.0,232918.0,1,1,1,3,5,1,1,7,66.61,126.02,20.95,26.43,173.4,240.01,0.72247,0,0.0,180000.0,330600.0,85300.0,1,1,1,4,5,1,0,82.4,124.11,33.48,0.0
2025-12-14|Capital City Go-Go|Delaware Blue Coats,Capital City Go-Go,13,VS Delaware Blue Coats - 2025-12-14 - W 127-107,2025-12-14,Delaware Blue Coats,HOME,W,127,107,135000.0,338550.0,232918.0,1,1,1,3,5,1,1,7,60.13,128.83,25.43,25.6,179.86,239.99,0.749448,0,0.0,135000.0,273400.0,0.0,1,1,1,3,7,0,0,49.73,190.26,0.0,0.0
2025-12-16|Capital City Go-Go|Delaware Blue Coats,Capital City Go-Go,14,VS Delaware Blue Coats - 2025-12-16 - L 110-120,2025-12-16,Delaware Blue Coats,HOME,L,110,120,135000.0,338550.0,465836.0,1,1,1,3,5,2,1,8,32.25,113.92,61.58,32.27,207.77,240.02,0.865636,0,0.0,45000.0,351200.0,0.0,1,1,1,1,7,0,2,32.6,134.88,0.0,72.51
2025-12-20|Capital City Go-Go|Oklahoma City Blue,Capital City Go-Go,15,@ Oklahoma City Blue - 2025-12-20 - W 125-86,2025-12-20,Oklahoma City Blue,AWAY,W,125,86,135000.0,423850.0,232918.0,1,1,1,3,6,1,1,8,54.01,128.1,28.25,29.63,185.98,239.99,0.774949,0,0.0,135000.0,396200.0,85300.0,1,1,1,3,5,1,0,53.13,148.55,38.32,0.0
2025-12-22|Capital City Go-Go|Sioux Falls Skyforce,Capital City Go-Go,16,VS Sioux Falls Skyforce - 2025-12-22 - L 103-116,2025-12-22,Sioux Falls Skyforce,HOME,L,103,116,135000.0,423850.0,232918.0,1,1,1,3,6,1,1,8,43.64,129.86,35.73,30.77,196.36,240.0,0.818167,0,0.0,90000.0,426500.0,85300.0,1,1,1,2,5,1,1,25.94,137.03,40.23,36.8
2025-12-27|Capital City Go-Go|College Park Skyhawks,Capital City Go-Go,17,@ College Park Skyhawks - 2025-12-27 - W 122-100,2025-12-27,College Park Skyhawks,AWAY,W,122,100,135000.0,423850.0,0.0,1,1,1,3,6,0,0,6,86.67,153.34,0.0,0.0,153.34,240.01,0.63889,0,0.0,180000.0,355900.0,85300.0,1,1,1,4,6,1,0,58.85,148.6,32.55,0.0
2026-01-01|Capital City Go-Go|Westchester Knicks,Capital City Go-Go,18,@ Westchester Knicks - 2026-01-01 - W 139-90,2026-01-01,Westchester Knicks,AWAY,W,139,90,135000.0,423850.0,0.0,1,1,1,3,6,0,0,6,90.18,149.82,0.0,0.0,149.82,240.0,0.62425,0,0.0,90000.0,366200.0,85300.0,1,1,1,2,5,1,0,52.73,147.24,40.02,0.0
2026-01-03|Capital City Go-Go|Maine Celtics,Capital City Go-Go,19,@ Maine Celtics - 2026-01-03 - L 109-112,2026-01-03,Maine Celtics,AWAY,L,109,112,135000.0,423850.0,0.0,1,1,1,3,6,0,0,6,104.08,150.08,0.0,0.0,150.08,254.16,0.590494,0,0.0,135000.0,365900.0,318218.0,1,1,1,3,5,2,0,46.33,130.65,77.19,0.0
2026-01-07|Capital City Go-Go|Motor City Cruise,Capital City Go-Go,20,VS Motor City Cruise - 2026-01-07 - W 112-104,2026-01-07,Motor City Cruise,HOME,W,112,104,135000.0,253250.0,465836.0,1,1,1,3,4,2,1,7,49.73,98.0,62.62,29.65,190.27,240.0,0.792792,0,0.0,270000.0,50000.0,0.0,1,1,1,6,2,0,0,167.41,72.6,0.0,0.0
2026-01-09|Capital City Go-Go|Motor City Cruise,Capital City Go-Go,21,VS Motor City Cruise - 2026-01-09 - W 114-106,2026-01-09,Motor City Cruise,HOME,W,114,106,135000.0,253250.0,465836.0,1,1,1,3,4,2,1,7,61.93,74.05,71.35,32.67,178.07,240.0,0.741958,0,0.0,270000.0,135300.0,0.0,1,1,1,6,3,0,1,126.42,80.1,0.0,33.48
2026-01-14|Capital City Go-Go|Long Island Nets,Capital City Go-Go,22,VS Long Island Nets - 2026-01-14 - L 101-104,2026-01-14,Long Island Nets,HOME,L,101,104,135000.0,328550.0,465836.0,1,1,1,3,5,2,0,7,37.25,141.07,61.66,0.0,202.73,239.98,0.844779,0,0.0,45000.0,418550.0,85300.0,1,1,1,1,7,1,1,39.17,152.11,24.55,24.17
2026-01-15|Capital City Go-Go|Raptors 905,Capital City Go-Go,23,VS Raptors 905 - 2026-01-15 - L 104-115,2026-01-15,Raptors 905,HOME,L,104,115,135000.0,459150.0,232918.0,1,1,1,3,6,1,0,7,49.88,155.12,35.0,0.0,190.12,240.0,0.792167,0,0.0,135000.0,425900.0,0.0,1,1,1,3,7,0,0,56.12,183.9,0.0,0.0
2026-01-17|Capital City Go-Go|Raptors 905,Capital City Go-Go,24,VS Raptors 905 - 2026-01-17 - W 101-99,2026-01-17,Raptors 905,HOME,W,101,99,135000.0,413850.0,232918.0,1,1,1,3,6,1,0,7,65.31,150.18,24.57,0.0,174.75,240.06,0.727943,0,0.0,90000.0,425900.0,0.0,1,1,1,2,7,0,0,48.5,191.51,0.0,0.0
2026-01-19|Capital City Go-Go|Texas Legends,Capital City Go-Go,25,@ Texas Legends - 2026-01-19 - W 113-102,2026-01-19,Texas Legends,AWAY,W,113,102,135000.0,413850.0,0.0,1,1,1,3,6,0,0,6,64.67,175.33,0.0,0.0,175.33,240.0,0.730542,0,0.0,225000.0,295900.0,0.0,1,1,1,5,4,0,0,127.14,112.85,0.0,0.0
2026-01-22|Austin Spurs|Capital City Go-Go,Capital City Go-Go,26,@ Austin Spurs - 2026-01-22 - L 103-110,2026-01-22,Austin Spurs,AWAY,L,103,110,135000.0,413850.0,0.0,1,1,1,3,6,0,0,6,62.45,177.55,0.0,0.0,177.55,240.0,0.739792,0,0.0,225000.0,100300.0,170600.0,1,1,1,5,2,2,0,107.54,57.37,75.1,0.0
2026-01-23|Austin Spurs|Capital City Go-Go,Capital City Go-Go,27,@ Austin Spurs - 2026-01-23 - W 112-96,2026-01-23,Austin Spurs,AWAY,W,112,96,135000.0,413850.0,0.0,1,1,1,3,6,0,0,6,71.4,168.62,0.0,0.0,168.62,240.02,0.702525,0,0.0,225000.0,100300.0,170600.0,1,1,1,5,2,2,0,118.09,54.46,67.44,0.0
2026-01-30|Capital City Go-Go|Wisconsin Herd,Capital City Go-Go,28,VS Wisconsin Herd - 2026-01-30 - L 99-124,2026-01-30,Wisconsin Herd,HOME,L,99,124,90000.0,499150.0,0.0,1,1,1,2,7,0,1,8,42.98,170.38,0.0,26.63,197.01,239.99,0.820909,0,0.0,90000.0,295900.0,170600.0,1,1,1,2,4,2,1,42.18,112.69,59.04,26.08
2026-01-31|Capital City Go-Go|Wisconsin Herd,Capital City Go-Go,29,VS Wisconsin Herd - 2026-01-31 - W 110-98,2026-01-31,Wisconsin Herd,HOME,W,110,98,90000.0,459150.0,232918.0,1,1,1,2,6,1,0,7,36.42,167.75,35.83,0.0,203.58,240.0,0.84825,0,0.0,90000.0,210600.0,170600.0,1,1,1,2,3,2,1,44.17,107.6,59.4,28.83
2026-02-04|Capital City Go-Go|South Bay Lakers,Capital City Go-Go,30,VS South Bay Lakers - 2026-02-04 - L 111-124,2026-02-04,South Bay Lakers,HOME,L,111,124,135000.0,413850.0,232918.0,1,1,1,3,6,1,0,7,50.12,168.06,21.82,0.0,189.88,240.0,0.791167,0,0.0,90000.0,456500.0,85300.0,1,1,1,2,6,1,1,28.53,139.79,31.4,40.27
2026-02-06|Capital City Go-Go|South Bay Lakers,Capital City Go-Go,31,VS South Bay Lakers - 2026-02-06 - W 115-114,2026-02-06,South Bay Lakers,HOME,W,115,114,135000.0,413850.0,0.0,1,1,1,3,6,0,0,6,63.03,176.98,0.0,0.0,176.98,240.01,0.737386,0,0.0,90000.0,456500.0,85300.0,1,1,1,2,6,1,1,17.59,162.87,22.4,37.17
2026-02-07|Birmingham Squadron|Capital City Go-Go,Capital City Go-Go,32,VS Birmingham Squadron - 2026-02-07 - L 116-122,2026-02-07,Birmingham Squadron,HOME,L,116,122,180000.0,328550.0,0.0,1,1,1,4,5,0,0,5,85.99,154.02,0.0,0.0,154.02,240.01,0.641723,0,0.0,90000.0,441200.0,465836.0,1,1,1,2,6,2,0,60.77,106.01,73.23,0.0
2026-02-11|Capital City Go-Go|Greensboro Swarm,Capital City Go-Go,33,@ Greensboro Swarm - 2026-02-11 - L 119-136,2026-02-11,Greensboro Swarm,AWAY,L,119,136,180000.0,243250.0,0.0,1,1,1,4,4,0,0,4,108.94,131.05,0.0,0.0,131.05,239.99,0.546064,0,0.0,45000.0,290600.0,85300.0,1,1,1,1,7,1,0,15.2,182.3,42.5,0.0
2026-02-12|Capital City Go-Go|Greensboro Swarm,Capital City Go-Go,34,@ Greensboro Swarm - 2026-02-12 - L 107-119,2026-02-12,Greensboro Swarm,AWAY,L,107,119,135000.0,413850.0,0.0,1,1,1,3,6,0,0,6,45.91,194.08,0.0,0.0,194.08,239.99,0.8087,0,0.0,45000.0,290600.0,318218.0,1,1,1,1,7,2,0,4.48,167.1,68.42,0.0
2026-02-19|Capital City Go-Go|Osceola Magic,Capital City Go-Go,35,VS Osceola Magic - 2026-02-19 - W 113-110,2026-02-19,Osceola Magic,HOME,W,113,110,225000.0,253250.0,0.0,1,1,1,5,4,0,0,4,120.89,119.1,0.0,0.0,119.1,239.99,0.496271,0,0.0,90000.0,511800.0,85300.0,1,1,1,2,6,1,0,39.5,181.73,18.77,0.0
2026-02-21|Capital City Go-Go|Noblesville Boom,Capital City Go-Go,36,@ Noblesville Boom - 2026-02-21 - L 125-128,2026-02-21,Noblesville Boom,AWAY,L,125,128,225000.0,253250.0,0.0,1,1,1,5,4,0,0,4,127.24,124.43,0.0,0.0,124.43,251.67,0.494417,0,0.0,270000.0,255900.0,0.0,1,1,1,6,3,0,0,158.21,93.44,0.0,0.0
2026-02-22|Capital City Go-Go|Noblesville Boom,Capital City Go-Go,37,@ Noblesville Boom - 2026-02-22 - W 130-114,2026-02-22,Noblesville Boom,AWAY,W,130,114,180000.0,338550.0,0.0,1,1,1,4,5,0,0,5,98.16,141.84,0.0,0.0,141.84,240.0,0.591,0,0.0,270000.0,255900.0,0.0,1,1,1,6,3,0,0,171.62,68.38,0.0,0.0
2026-02-24|Birmingham Squadron|Capital City Go-Go,Capital City Go-Go,38,VS Birmingham Squadron - 2026-02-24 - L 112-126,2026-02-24,Birmingham Squadron,HOME,L,112,126,180000.0,338550.0,0.0,1,1,1,4,5,0,0,5,92.83,147.17,0.0,0.0,147.17,240.0,0.613208,0,0.0,135000.0,270600.0,465836.0,1,1,1,3,4,2,0,61.89,110.11,68.0,0.0
2026-02-26|Capital City Go-Go|Westchester Knicks,Capital City Go-Go,39,@ Westchester Knicks - 2026-02-26 - L 112-124,2026-02-26,Westchester Knicks,AWAY,L,112,124,180000.0,328550.0,0.0,1,1,1,4,5,0,0,5,103.47,136.52,0.0,0.0,136.52,239.99,0.568857,0,0.0,180000.0,270900.0,85300.0,1,1,1,4,4,1,2,49.46,95.48,31.92,63.15
2026-02-28|Capital City Go-Go|College Park Skyhawks,Capital City Go-Go,40,VS College Park Skyhawks - 2026-02-28 - W 137-117,2026-02-28,College Park Skyhawks,HOME,W,137,117,180000.0,328550.0,0.0,1,1,1,4,5,0,0,5,94.0,146.0,0.0,0.0,146.0,240.0,0.608333,0,0.0,360000.0,75000.0,0.0,1,1,1,8,2,0,0,193.32,46.67,0.0,0.0
2026-03-03|Capital City Go-Go|Grand Rapids Gold,Capital City Go-Go,41,@ Grand Rapids Gold - 2026-03-03 - L 121-130,2026-03-03,Grand Rapids Gold,AWAY,L,121,130,225000.0,243250.0,0.0,1,1,1,5,4,0,0,4,119.22,120.78,0.0,0.0,120.78,240.0,0.50325,0,0.0,180000.0,298550.0,232918.0,1,1,1,4,4,1,0,63.32,136.34,40.35,0.0
2026-03-05|Capital City Go-Go|Grand Rapids Gold,Capital City Go-Go,42,@ Grand Rapids Gold - 2026-03-05 - W 126-120,2026-03-05,Grand Rapids Gold,AWAY,W,126,120,225000.0,243250.0,0.0,1,1,1,5,4,0,0,4,114.96,125.05,0.0,0.0,125.05,240.01,0.52102,0,0.0,135000.0,298550.0,232918.0,1,1,1,3,4,1,0,66.43,138.21,35.35,0.0
2026-03-08|Capital City Go-Go|Cleveland Charge,Capital City Go-Go,43,@ Cleveland Charge - 2026-03-08 - W 124-113,2026-03-08,Cleveland Charge,AWAY,W,124,113,225000.0,243250.0,0.0,1,1,1,5,4,0,0,4,121.22,118.78,0.0,0.0,118.78,240.0,0.494917,0,0.0,180000.0,351200.0,0.0,1,1,1,4,5,0,0,105.29,134.71,0.0,0.0
2026-03-10|Capital City Go-Go|Cleveland Charge,Capital City Go-Go,44,@ Cleveland Charge - 2026-03-10 - L 111-127,2026-03-10,Cleveland Charge,AWAY,L,111,127,270000.0,200600.0,0.0,1,1,1,6,3,0,0,3,131.81,108.19,0.0,0.0,108.19,240.0,0.450792,0,0.0,270000.0,265900.0,0.0,1,1,1,6,4,0,1,98.03,113.21,0.0,28.75
2026-03-17|Capital City Go-Go|Santa Cruz Warriors,Capital City Go-Go,45,VS Santa Cruz Warriors - 2026-03-17 - W 137-130,2026-03-17,Santa Cruz Warriors,HOME,W,137,130,270000.0,157950.0,0.0,1,1,1,6,3,0,0,3,155.68,84.31,0.0,0.0,84.31,239.99,0.351306,0,0.0,180000.0,280900.0,232918.0,1,1,1,4,4,1,0,98.75,104.96,36.3,0.0
2026-03-18|Capital City Go-Go|Windy City Bulls,Capital City Go-Go,46,VS Windy City Bulls - 2026-03-18 - W 133-122,2026-03-18,Windy City Bulls,HOME,W,133,122,270000.0,200600.0,0.0,1,1,1,6,3,0,0,3,142.22,97.79,0.0,0.0,97.79,240.01,0.407441,0,0.0,225000.0,255900.0,0.0,1,1,1,5,3,0,0,122.42,117.58,0.0,0.0
2026-03-20|Capital City Go-Go|Windy City Bulls,Capital City Go-Go,47,VS Windy City Bulls - 2026-03-20 - W 154-143,2026-03-20,Windy City Bulls,HOME,W,154,143,270000.0,243250.0,0.0,1,1,1,6,4,0,0,4,145.51,94.49,0.0,0.0,94.49,240.0,0.393708,0,0.0,225000.0,170600.0,85300.0,1,1,1,5,2,1,0,114.11,87.87,38.03,0.0
2026-03-22|Capital City Go-Go|Long Island Nets,Capital City Go-Go,48,VS Long Island Nets - 2026-03-22 - W 127-120,2026-03-22,Long Island Nets,HOME,W,127,120,270000.0,200600.0,0.0,1,1,1,6,3,0,0,3,135.94,115.32,0.0,0.0,115.32,251.26,0.458967,0,0.0,135000.0,375900.0,0.0,1,1,1,3,6,0,0,57.57,193.68,0.0,0.0
2026-03-27|Capital City Go-Go|Delaware Blue Coats,Capital City Go-Go,49,@ Delaware Blue Coats - 2026-03-27 - L 128-132,2026-03-27,Delaware Blue Coats,AWAY,L,128,132,270000.0,243250.0,0.0,1,1,1,6,4,0,0,4,155.21,94.13,0.0,0.0,94.13,249.34,0.377517,0,0.0,225000.0,127950.0,0.0,1,1,1,5,2,0,0,162.72,86.62,0.0,0.0
2026-03-28|Capital City Go-Go|Delaware Blue Coats,Capital City Go-Go,50,@ Delaware Blue Coats - 2026-03-28 - L 120-122,2026-03-28,Delaware Blue Coats,AWAY,L,120,122,270000.0,157950.0,0.0,1,1,1,6,3,0,0,3,172.56,78.43,0.0,0.0,78.43,250.99,0.312483,0,0.0,225000.0,127950.0,0.0,1,1,1,5,2,0,0,161.42,89.6,0.0,0.0
2025-11-07|Cleveland Charge|Iowa Wolves,Cleveland Charge,1,@ Iowa Wolves - 2025-11-07 - L 124-137,2025-11-07,Iowa Wolves,AWAY,L,124,137,45000.0,571800.0,150000.0,1,1,1,1,8,1,0,9,18.87,190.85,30.33,0.0,221.18,240.05,0.921391,0,0.0,135000.0,416200.0,551136.0,1,1,1,3,6,3,0,36.87,123.7,79.47,0.0
2025-11-08|Cleveland Charge|Iowa Wolves,Cleveland Charge,2,@ Iowa Wolves - 2025-11-08 - L 123-130,2025-11-08,Iowa Wolves,AWAY,L,123,130,45000.0,571800.0,150000.0,1,1,1,1,8,1,0,9,24.2,189.88,25.92,0.0,215.8,240.0,0.899167,0,0.0,90000.0,366200.0,551136.0,1,1,1,2,5,3,0,29.16,120.01,90.82,0.0
2025-11-12|Cleveland Charge|Motor City Cruise,Cleveland Charge,3,@ Motor City Cruise - 2025-11-12 - W 121-111,2025-11-12,Motor City Cruise,AWAY,W,121,111,45000.0,571800.0,0.0,1,1,1,1,8,0,0,8,19.75,220.25,0.0,0.0,220.25,240.0,0.917708,0,0.0,225000.0,135300.0,0.0,1,1,1,5,3,0,0,134.49,105.5,0.0,0.0
2025-11-14|Cleveland Charge|Wisconsin Herd,Cleveland Charge,4,VS Wisconsin Herd - 2025-11-14 - W 115-113,2025-11-14,Wisconsin Herd,HOME,W,115,113,45000.0,571800.0,382917.0,1,1,1,1,8,2,0,10,10.38,176.71,52.92,0.0,229.63,240.01,0.956752,0,0.0,135000.0,250600.0,318218.0,1,1,1,3,4,2,1,64.38,91.32,57.15,27.15
2025-11-15|Cleveland Charge|Wisconsin Herd,Cleveland Charge,5,VS Wisconsin Herd - 2025-11-15 - L 109-110,2025-11-15,Wisconsin Herd,HOME,L,109,110,45000.0,486500.0,382917.0,1,1,1,1,7,2,0,9,15.72,172.94,51.37,0.0,224.31,240.03,0.934508,0,0.0,180000.0,250600.0,318218.0,1,1,1,4,4,2,0,98.26,86.88,54.85,0.0
2025-11-18|Cleveland Charge|Sioux Falls Skyforce,Cleveland Charge,6,@ Sioux Falls Skyforce - 2025-11-18 - W 139-137,2025-11-18,Sioux Falls Skyforce,AWAY,W,139,137,45000.0,561800.0,382917.0,1,1,1,1,7,2,0,9,12.15,173.89,53.97,0.0,227.86,240.01,0.949377,0,0.0,45000.0,511800.0,85300.0,1,1,1,1,6,1,1,22.35,177.45,22.83,17.38
2025-11-21|Cleveland Charge|Grand Rapids Gold,Cleveland Charge,7,VS Grand Rapids Gold - 2025-11-21 - L 118-132,2025-11-21,Grand Rapids Gold,HOME,L,118,132,45000.0,561800.0,382917.0,1,1,1,1,7,2,0,9,16.15,165.05,58.8,0.0,223.85,240.0,0.932708,0,0.0,45000.0,417970.0,465836.0,1,1,1,1,6,2,0,38.1,126.12,75.78,0.0
2025-11-22|Cleveland Charge|Grand Rapids Gold,Cleveland Charge,8,VS Grand Rapids Gold - 2025-11-22 - W 134-126,2025-11-22,Grand Rapids Gold,HOME,W,134,126,45000.0,657100.0,0.0,1,1,1,1,9,0,0,9,15.5,224.5,0.0,0.0,224.5,240.0,0.935417,0,0.0,0.0,426500.0,465836.0,1,1,1,0,7,2,0,0.0,167.36,72.65,0.0
2025-11-28|Cleveland Charge|Windy City Bulls,Cleveland Charge,9,@ Windy City Bulls - 2025-11-28 - L 135-142,2025-11-28,Windy City Bulls,AWAY,L,135,142,45000.0,561800.0,382917.0,1,1,1,1,7,2,0,9,21.8,158.49,59.7,0.0,218.19,239.99,0.909163,0,0.0,45000.0,426500.0,403517.0,1,1,1,1,5,3,1,15.92,105.37,87.23,31.48
2025-11-30|Cleveland Charge|Windy City Bulls,Cleveland Charge,10,@ Windy City Bulls - 2025-11-30 - W 135-117,2025-11-30,Windy City Bulls,AWAY,W,135,117,90000.0,571800.0,150000.0,1,1,1,2,8,1,0,9,24.01,190.87,25.15,0.0,216.02,240.03,0.899971,0,0.0,180000.0,426500.0,0.0,1,1,1,4,5,0,0,59.79,180.22,0.0,0.0
2025-12-03|Cleveland Charge|Noblesville Boom,Cleveland Charge,11,VS Noblesville Boom - 2025-12-03 - L 128-140,2025-12-03,Noblesville Boom,HOME,L,128,140,45000.0,571800.0,382917.0,1,1,1,1,8,2,0,10,21.27,160.19,58.55,0.0,218.74,240.01,0.911379,0,0.0,135000.0,426500.0,0.0,1,1,1,3,5,0,0,61.76,178.24,0.0,0.0
2025-12-05|Cleveland Charge|Noblesville Boom,Cleveland Charge,12,VS Noblesville Boom - 2025-12-05 - W 114-102,2025-12-05,Noblesville Boom,HOME,W,114,102,45000.0,571800.0,0.0,1,1,1,1,8,0,0,8,27.05,212.94,0.0,0.0,212.94,239.99,0.887287,0,0.0,135000.0,426500.0,0.0,1,1,1,3,5,0,0,54.78,185.22,0.0,0.0
2025-12-10|Cleveland Charge|Motor City Cruise,Cleveland Charge,13,@ Motor City Cruise - 2025-12-10 - W 129-121,2025-12-10,Motor City Cruise,AWAY,W,129,121,45000.0,657100.0,150000.0,1,1,1,1,9,1,0,10,17.02,201.27,21.72,0.0,222.99,240.01,0.929086,0,0.0,180000.0,391200.0,85300.0,1,1,1,4,6,1,1,37.72,132.09,31.9,38.3
2025-12-13|Cleveland Charge|Sioux Falls Skyforce,Cleveland Charge,14,VS Sioux Falls Skyforce - 2025-12-13 - W 141-111,2025-12-13,Sioux Falls Skyforce,HOME,W,141,111,45000.0,571800.0,150000.0,1,1,1,1,8,1,0,9,26.2,190.67,23.12,0.0,213.79,239.99,0.890829,0,0.0,180000.0,341200.0,0.0,1,1,1,4,4,0,1,89.31,119.55,0.0,31.13
2025-12-19|Cleveland Charge|Memphis Hustle,Cleveland Charge,15,@ Memphis Hustle - 2025-12-19 - W 118-107,2025-12-19,Memphis Hustle,AWAY,W,118,107,45000.0,571800.0,150000.0,1,1,1,1,8,1,0,9,16.3,198.62,25.08,0.0,223.7,240.0,0.932083,0,0.0,180000.0,341200.0,270668.0,1,1,1,4,4,1,1,63.4,112.01,32.37,32.22
2025-12-20|Cleveland Charge|Rip City Remix,Cleveland Charge,16,VS Rip City Remix - 2025-12-20 - W 127-122,2025-12-20,Rip City Remix,HOME,W,127,122,45000.0,657100.0,150000.0,1,1,1,1,9,1,0,10,4.05,205.97,29.97,0.0,235.94,239.99,0.983124,0,0.0,180000.0,341200.0,232917.0,1,1,1,4,4,1,0,108.87,96.98,34.15,0.0
2025-12-27|Cleveland Charge|Delaware Blue Coats,Cleveland Charge,17,VS Delaware Blue Coats - 2025-12-27 - L 121-122,2025-12-27,Delaware Blue Coats,HOME,L,121,122,45000.0,401200.0,382917.0,1,1,1,1,6,2,0,8,16.32,153.71,70.0,0.0,223.71,240.03,0.932008,0,0.0,135000.0,351200.0,0.0,1,1,1,3,7,0,0,46.92,193.09,0.0,0.0
2025-12-30|Cleveland Charge|Wisconsin Herd,Cleveland Charge,18,VS Wisconsin Herd - 2025-12-30 - W 115-107,2025-12-30,Wisconsin Herd,HOME,W,115,107,90000.0,486500.0,232917.0,1,1,1,2,7,1,0,8,34.66,190.72,14.62,0.0,205.34,240.0,0.855583,0,0.0,135000.0,250600.0,403518.0,1,1,1,3,4,3,0,49.47,105.69,84.84,0.0
2026-01-02|Cleveland Charge|Long Island Nets,Cleveland Charge,19,VS Long Island Nets - 2026-01-02 - W 131-126,2026-01-02,Long Island Nets,HOME,W,131,126,90000.0,401200.0,232917.0,1,1,1,2,6,1,0,7,42.33,172.8,41.45,0.0,214.25,256.58,0.835022,0,0.0,90000.0,333250.0,235300.0,1,1,1,2,6,2,1,34.05,129.25,68.37,24.92
2026-01-07|Cleveland Charge|Mexico City Capitanes,Cleveland Charge,20,@ Mexico City Capitanes - 2026-01-07 - L 119-126,2026-01-07,Mexico City Capitanes,AWAY,L,119,126,90000.0,401200.0,0.0,1,1,1,2,6,0,0,6,56.68,183.32,0.0,0.0,183.32,240.0,0.763833,0,0.0,495000.0,0.0,0.0,1,1,1,11,0,0,0,240.0,0.0,0.0,0.0
2026-01-09|Cleveland Charge|Texas Legends,Cleveland Charge,21,@ Texas Legends - 2026-01-09 - L 120-123,2026-01-09,Texas Legends,AWAY,L,120,123,90000.0,401200.0,232917.0,1,1,1,2,6,1,0,7,47.78,172.3,38.92,0.0,211.22,259.0,0.815521,0,0.0,225000.0,210600.0,0.0,1,1,1,5,3,0,0,144.49,114.52,0.0,0.0
2026-01-11|Cleveland Charge|Texas Legends,Cleveland Charge,22,@ Texas Legends - 2026-01-11 - L 112-114,2026-01-11,Texas Legends,AWAY,L,112,114,45000.0,486500.0,232917.0,1,1,1,1,7,1,0,8,22.75,183.41,33.83,0.0,217.24,239.99,0.905204,0,0.0,225000.0,210600.0,0.0,1,1,1,5,3,0,0,147.28,92.73,0.0,0.0
2026-01-18|Cleveland Charge|Grand Rapids Gold,Cleveland Charge,23,@ Grand Rapids Gold - 2026-01-18 - W 132-126,2026-01-18,Grand Rapids Gold,AWAY,W,132,126,90000.0,486500.0,382917.0,1,1,1,2,7,2,0,9,35.63,147.47,56.9,0.0,204.37,240.0,0.851542,0,0.0,45000.0,426500.0,232918.0,1,1,1,1,7,1,0,11.98,192.33,35.68,0.0
2026-01-20|Cleveland Charge|Grand Rapids Gold,Cleveland Charge,24,@ Grand Rapids Gold - 2026-01-20 - W 125-105,2026-01-20,Grand Rapids Gold,AWAY,W,125,105,90000.0,486500.0,382917.0,1,1,1,2,7,2,0,9,44.84,145.13,50.03,0.0,195.16,240.0,0.813167,0,0.0,90000.0,341200.0,232918.0,1,1,1,2,6,1,0,27.52,177.13,35.35,0.0
2026-01-22|Birmingham Squadron|Cleveland Charge,Cleveland Charge,25,@ Birmingham Squadron - 2026-01-22 - W 113-104,2026-01-22,Birmingham Squadron,AWAY,W,113,104,90000.0,486500.0,232917.0,1,1,1,2,7,1,0,8,39.65,168.04,32.33,0.0,200.37,240.02,0.834805,0,0.0,90000.0,476500.0,465836.0,1,1,1,2,6,2,0,63.57,109.42,67.02,0.0
2026-01-24|Birmingham Squadron|Cleveland Charge,Cleveland Charge,26,@ Birmingham Squadron - 2026-01-24 - W 120-105,2026-01-24,Birmingham Squadron,AWAY,W,120,105,90000.0,486500.0,0.0,1,1,1,2,7,0,0,7,52.78,187.22,0.0,0.0,187.22,240.0,0.780083,0,0.0,45000.0,526500.0,465836.0,1,1,1,1,7,2,0,32.78,147.41,59.8,0.0
2026-01-30|Cleveland Charge|Memphis Hustle,Cleveland Charge,27,VS Memphis Hustle - 2026-01-30 - W 131-117,2026-01-30,Memphis Hustle,HOME,W,131,117,135000.0,436500.0,232917.0,1,1,1,3,6,1,0,7,61.02,160.59,18.38,0.0,178.97,239.99,0.745739,0,0.0,225000.0,341200.0,0.0,1,1,1,5,4,0,0,104.74,135.25,0.0,0.0
2026-01-31|Cleveland Charge|Motor City Cruise,Cleveland Charge,28,VS Motor City Cruise - 2026-01-31 - L 104-114,2026-01-31,Motor City Cruise,HOME,L,104,114,135000.0,436500.0,0.0,1,1,1,3,6,0,0,6,66.66,173.33,0.0,0.0,173.33,239.99,0.722238,0,0.0,270000.0,135300.0,85300.0,1,1,1,6,3,1,0,131.76,75.19,33.07,0.0
2026-02-02|Cleveland Charge|College Park Skyhawks,Cleveland Charge,29,@ College Park Skyhawks - 2026-02-02 - W 133-115,2026-02-02,College Park Skyhawks,AWAY,W,133,115,180000.0,265900.0,0.0,1,1,1,4,4,0,0,4,99.41,140.6,0.0,0.0,140.6,240.01,0.585809,0,0.0,225000.0,280900.0,85300.0,1,1,1,5,4,1,0,101.42,98.23,40.37,0.0
2026-02-04|Cleveland Charge|College Park Skyhawks,Cleveland Charge,30,@ College Park Skyhawks - 2026-02-04 - W 156-126,2026-02-04,College Park Skyhawks,AWAY,W,156,126,135000.0,351200.0,232917.0,1,1,1,3,5,1,0,6,69.34,137.09,33.58,0.0,170.67,240.01,0.711095,0,0.0,270000.0,200600.0,85300.0,1,1,1,6,3,1,0,120.02,84.76,35.22,0.0
2026-02-06|Cleveland Charge|Greensboro Swarm,Cleveland Charge,31,VS Greensboro Swarm - 2026-02-06 - W 140-135,2026-02-06,Greensboro Swarm,HOME,W,140,135,90000.0,401200.0,232917.0,1,1,1,2,6,1,0,7,62.01,142.79,35.2,0.0,177.99,240.0,0.741625,0,0.0,0.0,436200.0,318218.0,1,1,1,0,8,2,1,0.0,141.97,60.36,37.68
2026-02-07|Cleveland Charge|Greensboro Swarm,Cleveland Charge,32,VS Greensboro Swarm - 2026-02-07 - L 110-123,2026-02-07,Greensboro Swarm,HOME,L,110,123,135000.0,351200.0,232917.0,1,1,1,3,5,1,0,6,70.72,132.64,36.65,0.0,169.29,240.01,0.705346,0,0.0,0.0,375900.0,318218.0,1,1,1,0,8,2,0,0.0,187.74,52.25,0.0
2026-02-10|Cleveland Charge|Raptors 905,Cleveland Charge,33,VS Raptors 905 - 2026-02-10 - W 126-122,2026-02-10,Raptors 905,HOME,W,126,122,135000.0,486500.0,232917.0,1,1,1,3,7,1,0,8,47.6,155.71,36.7,0.0,192.41,240.01,0.801675,0,0.0,135000.0,340900.0,318218.0,1,1,1,3,5,2,0,72.36,98.35,69.28,0.0
2026-02-12|Cleveland Charge|Raptors 905,Cleveland Charge,34,VS Raptors 905 - 2026-02-12 - W 134-124,2026-02-12,Raptors 905,HOME,W,134,124,90000.0,486500.0,232917.0,1,1,1,2,7,1,0,8,51.3,168.0,20.7,0.0,188.7,240.0,0.78625,0,0.0,135000.0,340900.0,85300.0,1,1,1,3,5,1,0,72.59,130.66,36.75,0.0
2026-02-19|Cleveland Charge|Noblesville Boom,Cleveland Charge,35,@ Noblesville Boom - 2026-02-19 - W 124-120,2026-02-19,Noblesville Boom,AWAY,W,124,120,180000.0,315900.0,232917.0,1,1,1,4,5,1,0,6,85.83,118.12,36.05,0.0,154.17,240.0,0.642375,0,0.0,225000.0,255900.0,0.0,1,1,1,5,3,0,0,144.68,95.33,0.0,0.0
2026-02-21|Cleveland Charge|Westchester Knicks,Cleveland Charge,36,@ Westchester Knicks - 2026-02-21 - L 114-122,2026-02-21,Westchester Knicks,AWAY,L,114,122,180000.0,230600.0,0.0,1,1,1,4,4,0,0,4,96.02,143.98,0.0,0.0,143.98,240.0,0.599917,0,0.0,90000.0,255900.0,170600.0,1,1,1,2,3,2,3,17.46,63.27,60.05,99.22
2026-02-26|Cleveland Charge|Osceola Magic,Cleveland Charge,37,@ Osceola Magic - 2026-02-26 - W 129-107,2026-02-26,Osceola Magic,AWAY,W,129,107,270000.0,401200.0,0.0,1,1,1,6,6,0,0,6,87.18,152.82,0.0,0.0,152.82,240.0,0.63675,0,0.0,135000.0,571800.0,85300.0,1,1,1,3,7,1,0,29.47,182.57,27.97,0.0
2026-02-27|Cleveland Charge|Osceola Magic,Cleveland Charge,38,@ Osceola Magic - 2026-02-27 - L 111-128,2026-02-27,Osceola Magic,AWAY,L,111,128,270000.0,145300.0,0.0,1,1,1,6,3,0,0,3,135.47,104.53,0.0,0.0,104.53,240.0,0.435542,0,0.0,0.0,511800.0,85300.0,1,1,1,0,6,1,2,0.0,148.99,28.3,62.7
2026-03-03|Cleveland Charge|Windy City Bulls,Cleveland Charge,39,VS Windy City Bulls - 2026-03-03 - W 148-105,2026-03-03,Windy City Bulls,HOME,W,148,105,270000.0,401200.0,0.0,1,1,1,6,6,0,1,7,73.01,140.36,0.0,26.63,166.99,240.0,0.695792,0,0.0,270000.0,170600.0,0.0,1,1,1,6,2,0,0,171.66,68.33,0.0,0.0
2026-03-06|Cleveland Charge|Windy City Bulls,Cleveland Charge,40,VS Windy City Bulls - 2026-03-06 - W 125-99,2026-03-06,Windy City Bulls,HOME,W,125,99,270000.0,401200.0,0.0,1,1,1,6,6,0,0,6,91.39,148.63,0.0,0.0,148.63,240.02,0.61924,0,0.0,225000.0,85300.0,0.0,1,1,1,5,1,0,0,194.47,45.53,0.0,0.0
2026-03-08|Capital City Go-Go|Cleveland Charge,Cleveland Charge,41,VS Capital City Go-Go - 2026-03-08 - L 113-124,2026-03-08,Capital City Go-Go,HOME,L,113,124,180000.0,351200.0,0.0,1,1,1,4,5,0,0,5,105.29,134.71,0.0,0.0,134.71,240.0,0.561292,0,0.0,225000.0,243250.0,0.0,1,1,1,5,4,0,0,121.22,118.78,0.0,0.0
2026-03-10|Capital City Go-Go|Cleveland Charge,Cleveland Charge,42,VS Capital City Go-Go - 2026-03-10 - W 127-111,2026-03-10,Capital City Go-Go,HOME,W,127,111,270000.0,265900.0,0.0,1,1,1,6,4,0,1,5,98.03,113.21,0.0,28.75,141.96,239.99,0.591525,0,0.0,270000.0,200600.0,0.0,1,1,1,6,3,0,0,131.81,108.19,0.0,0.0
2026-03-13|Cleveland Charge|Santa Cruz Warriors,Cleveland Charge,43,VS Santa Cruz Warriors - 2026-03-13 - W 138-116,2026-03-13,Santa Cruz Warriors,HOME,W,138,116,225000.0,315900.0,0.0,1,1,1,5,5,0,1,6,82.41,130.04,0.0,27.53,157.57,239.98,0.656596,0,0.0,180000.0,280900.0,0.0,1,1,1,4,4,0,0,123.04,116.97,0.0,0.0
2026-03-14|Cleveland Charge|Santa Cruz Warriors,Cleveland Charge,44,VS Santa Cruz Warriors - 2026-03-14 - W 130-100,2026-03-14,Santa Cruz Warriors,HOME,W,130,100,270000.0,401200.0,0.0,1,1,1,6,6,0,1,7,89.12,125.74,0.0,25.15,150.89,240.01,0.628682,0,0.0,180000.0,280900.0,0.0,1,1,1,4,4,0,0,121.67,118.34,0.0,0.0
2026-03-17|Cleveland Charge|Westchester Knicks,Cleveland Charge,45,@ Westchester Knicks - 2026-03-17 - W 122-107,2026-03-17,Westchester Knicks,AWAY,W,122,107,180000.0,315900.0,0.0,1,1,1,4,5,0,1,6,82.7,136.51,0.0,20.78,157.29,239.99,0.655402,0,0.0,180000.0,210600.0,0.0,1,1,1,4,4,0,0,127.95,112.05,0.0,0.0
2026-03-18|Cleveland Charge|Delaware Blue Coats,Cleveland Charge,46,VS Delaware Blue Coats - 2026-03-18 - L 124-141,2026-03-18,Delaware Blue Coats,HOME,L,124,141,180000.0,315900.0,0.0,1,1,1,4,5,0,0,5,104.71,135.31,0.0,0.0,135.31,240.02,0.563745,0,0.0,180000.0,260900.0,0.0,1,1,1,4,5,0,0,87.99,152.02,0.0,0.0
2026-03-22|Cleveland Charge|Maine Celtics,Cleveland Charge,47,@ Maine Celtics - 2026-03-22 - L 91-121,2026-03-22,Maine Celtics,AWAY,L,91,121,180000.0,401200.0,0.0,1,1,1,4,6,0,0,6,71.73,168.29,0.0,0.0,168.29,240.02,0.70115,0,0.0,180000.0,330600.0,551136.0,1,1,1,4,5,3,0,46.48,106.15,87.37,0.0
2026-03-24|Cleveland Charge|Maine Celtics,Cleveland Charge,48,@ Maine Celtics - 2026-03-24 - L 105-130,2026-03-24,Maine Celtics,AWAY,L,105,130,180000.0,401200.0,0.0,1,1,1,4,6,0,1,7,59.4,154.61,0.0,25.98,180.59,239.99,0.75249,0,0.0,180000.0,330600.0,551136.0,1,1,1,4,5,3,0,47.48,115.2,77.31,0.0
2026-03-26|Cleveland Charge|Noblesville Boom,Cleveland Charge,49,@ Noblesville Boom - 2026-03-26 - L 112-134,2026-03-26,Noblesville Boom,AWAY,L,112,134,225000.0,401200.0,0.0,1,1,1,5,6,0,1,7,62.13,157.08,0.0,20.78,177.86,239.99,0.741114,0,0.0,360000.0,170600.0,0.0,1,1,1,8,2,0,0,207.31,32.7,0.0,0.0
2026-03-28|Cleveland Charge|Long Island Nets,Cleveland Charge,50,VS Long Island Nets - 2026-03-28 - W 113-93,2026-03-28,Long Island Nets,HOME,W,113,93,225000.0,401200.0,0.0,1,1,1,5,6,0,1,7,63.42,153.57,0.0,22.98,176.55,239.97,0.735717,0,0.0,180000.0,375900.0,0.0,1,1,1,4,6,0,0,69.13,170.87,0.0,0.0
2025-11-07|College Park Skyhawks|Raptors 905,College Park Skyhawks,1,@ Raptors 905 - 2025-11-07 - L 94-130,2025-11-07,Raptors 905,AWAY,L,94,130,180000.0,330900.0,318217.0,1,1,1,4,5,2,0,7,38.83,141.04,60.13,0.0,201.17,240.0,0.838208,0,0.0,90000.0,375900.0,403518.0,1,1,1,2,6,3,0,43.79,109.45,86.76,0.0
2025-11-09|College Park Skyhawks|Raptors 905,College Park Skyhawks,2,@ Raptors 905 - 2025-11-09 - L 92-124,2025-11-09,Raptors 905,AWAY,L,92,124,180000.0,330900.0,232917.0,1,1,1,4,5,1,0,6,69.84,147.5,22.67,0.0,170.17,240.01,0.709012,0,0.0,135000.0,375900.0,403518.0,1,1,1,3,6,3,0,19.87,136.82,83.32,0.0
2025-11-14|Capital City Go-Go|College Park Skyhawks,College Park Skyhawks,3,VS Capital City Go-Go - 2025-11-14 - W 121-113,2025-11-14,Capital City Go-Go,HOME,W,121,113,90000.0,270600.0,85300.0,1,1,1,2,5,1,1,7,34.55,138.87,35.47,31.12,205.46,240.01,0.856048,0,0.0,0.0,499150.0,232918.0,1,1,1,0,7,1,1,0.0,167.54,35.1,37.37
2025-11-16|Capital City Go-Go|College Park Skyhawks,College Park Skyhawks,4,VS Capital City Go-Go - 2025-11-16 - L 104-111,2025-11-16,Capital City Go-Go,HOME,L,104,111,180000.0,270600.0,85300.0,1,1,1,4,5,1,1,7,54.59,134.8,36.48,14.13,185.41,240.0,0.772542,0,0.0,0.0,413850.0,465836.0,1,1,1,0,6,2,1,0.0,149.67,70.1,20.23
2025-11-26|College Park Skyhawks|Long Island Nets,College Park Skyhawks,5,VS Long Island Nets - 2025-11-26 - L 101-125,2025-11-26,Long Island Nets,HOME,L,101,125,135000.0,355900.0,403517.0,1,1,1,3,6,3,0,9,36.24,132.84,70.92,0.0,203.76,240.0,0.849,0,0.0,90000.0,393550.0,0.0,1,1,1,2,6,0,2,35.13,139.53,0.0,65.35
2025-11-28|College Park Skyhawks|Delaware Blue Coats,College Park Skyhawks,6,@ Delaware Blue Coats - 2025-11-28 - L 105-124,2025-11-28,Delaware Blue Coats,AWAY,L,105,124,180000.0,270600.0,318217.0,1,1,1,4,5,2,0,7,59.34,130.53,50.13,0.0,180.66,240.0,0.75275,0,0.0,90000.0,358700.0,0.0,1,1,1,2,8,0,0,30.25,209.77,0.0,0.0
2025-11-29|College Park Skyhawks|Delaware Blue Coats,College Park Skyhawks,7,@ Delaware Blue Coats - 2025-11-29 - W 113-108,2025-11-29,Delaware Blue Coats,AWAY,W,113,108,180000.0,270600.0,170600.0,1,1,1,4,5,2,0,7,52.15,132.08,55.77,0.0,187.85,240.0,0.782708,0,0.0,90000.0,358700.0,0.0,1,1,1,2,8,0,0,16.98,223.02,0.0,0.0
2025-12-02|College Park Skyhawks|Westchester Knicks,College Park Skyhawks,8,VS Westchester Knicks - 2025-12-02 - W 135-103,2025-12-02,Westchester Knicks,HOME,W,135,103,180000.0,270600.0,318217.0,1,1,1,4,5,2,1,8,49.2,125.45,51.04,14.33,190.82,240.02,0.795017,0,0.0,180000.0,125300.0,85300.0,1,1,1,4,3,1,1,97.98,80.5,24.3,37.22
2025-12-03|College Park Skyhawks|Westchester Knicks,College Park Skyhawks,9,VS Westchester Knicks - 2025-12-03 - W 116-111,2025-12-03,Westchester Knicks,HOME,W,116,111,135000.0,270600.0,318217.0,1,1,1,3,5,2,0,7,41.71,139.52,58.77,0.0,198.29,240.0,0.826208,0,0.0,180000.0,125300.0,0.0,1,1,1,4,3,0,0,124.15,115.85,0.0,0.0
2025-12-06|College Park Skyhawks|Maine Celtics,College Park Skyhawks,10,@ Maine Celtics - 2025-12-06 - L 95-117,2025-12-06,Maine Celtics,AWAY,L,95,117,180000.0,270600.0,232917.0,1,1,1,4,5,1,0,6,69.4,138.59,32.02,0.0,170.61,240.01,0.710845,0,0.0,180000.0,330600.0,403518.0,1,1,1,4,5,3,0,51.24,109.83,78.93,0.0
2025-12-07|College Park Skyhawks|Maine Celtics,College Park Skyhawks,11,@ Maine Celtics - 2025-12-07 - L 95-118,2025-12-07,Maine Celtics,AWAY,L,95,118,180000.0,245600.0,318217.0,1,1,1,4,4,2,0,6,45.53,126.57,67.9,0.0,194.47,240.0,0.810292,0,0.0,180000.0,330600.0,403518.0,1,1,1,4,5,3,0,62.86,112.34,64.79,0.0
2025-12-09|College Park Skyhawks|Long Island Nets,College Park Skyhawks,12,@ Long Island Nets - 2025-12-09 - W 114-107,2025-12-09,Long Island Nets,AWAY,W,114,107,135000.0,270600.0,318217.0,1,1,1,3,5,2,0,7,37.26,145.36,70.36,0.0,215.72,252.98,0.852716,0,0.0,45000.0,258250.0,170600.0,1,1,1,1,4,2,3,34.1,68.11,63.43,87.37
2025-12-12|College Park Skyhawks|Greensboro Swarm,College Park Skyhawks,13,VS Greensboro Swarm - 2025-12-12 - L 108-139,2025-12-12,Greensboro Swarm,HOME,L,108,139,225000.0,240600.0,85300.0,1,1,1,5,4,1,0,5,98.91,107.1,33.98,0.0,141.08,239.99,0.587858,0,0.0,90000.0,456200.0,85300.0,1,1,1,2,8,1,1,34.38,142.56,30.83,32.22
2025-12-14|College Park Skyhawks|Greensboro Swarm,College Park Skyhawks,14,VS Greensboro Swarm - 2025-12-14 - L 100-119,2025-12-14,Greensboro Swarm,HOME,L,100,119,225000.0,240600.0,85300.0,1,1,1,5,4,1,0,5,83.5,124.5,32.0,0.0,156.5,240.0,0.652083,0,0.0,90000.0,386200.0,85300.0,1,1,1,2,7,1,1,36.65,133.43,30.85,39.07
2025-12-19|College Park Skyhawks|Texas Legends,College Park Skyhawks,15,VS Texas Legends - 2025-12-19 - W 129-116,2025-12-19,Texas Legends,HOME,W,129,116,135000.0,355900.0,85300.0,1,1,1,3,6,1,1,8,48.1,150.74,35.9,5.27,191.91,240.01,0.799592,0,0.0,90000.0,421200.0,85300.0,1,1,1,2,6,1,0,39.55,166.95,33.48,0.0
2025-12-22|College Park Skyhawks|Motor City Cruise,College Park Skyhawks,16,VS Motor City Cruise - 2025-12-22 - L 112-113,2025-12-22,Motor City Cruise,HOME,L,112,113,135000.0,355900.0,85300.0,1,1,1,3,6,1,0,7,45.26,157.4,37.35,0.0,194.75,240.01,0.811425,0,0.0,90000.0,305900.0,318218.0,1,1,1,2,5,2,1,29.53,107.95,66.22,36.3
2025-12-27|Capital City Go-Go|College Park Skyhawks,College Park Skyhawks,17,VS Capital City Go-Go - 2025-12-27 - L 100-122,2025-12-27,Capital City Go-Go,HOME,L,100,122,180000.0,355900.0,85300.0,1,1,1,4,6,1,0,7,58.85,148.6,32.55,0.0,181.15,240.0,0.754792,0,0.0,135000.0,423850.0,0.0,1,1,1,3,6,0,0,86.67,153.34,0.0,0.0
2025-12-28|College Park Skyhawks|Long Island Nets,College Park Skyhawks,18,VS Long Island Nets - 2025-12-28 - L 111-119,2025-12-28,Long Island Nets,HOME,L,111,119,180000.0,355900.0,85300.0,1,1,1,4,6,1,0,7,42.91,166.8,30.28,0.0,197.08,239.99,0.821201,0,0.0,45000.0,333250.0,170600.0,1,1,1,1,6,2,1,35.32,109.57,57.01,38.1
2025-12-30|Birmingham Squadron|College Park Skyhawks,College Park Skyhawks,19,VS Birmingham Squadron - 2025-12-30 - L 108-132,2025-12-30,Birmingham Squadron,HOME,L,108,132,180000.0,270600.0,85300.0,1,1,1,4,5,1,0,6,93.02,112.59,34.4,0.0,146.99,240.01,0.612433,0,0.0,90000.0,526500.0,232918.0,1,1,1,2,7,1,0,52.95,158.24,28.82,0.0
2026-01-01|Birmingham Squadron|College Park Skyhawks,College Park Skyhawks,20,VS Birmingham Squadron - 2026-01-01 - W 107-83,2026-01-01,Birmingham Squadron,HOME,W,107,83,225000.0,245600.0,85300.0,1,1,1,5,4,1,0,5,114.72,96.5,28.78,0.0,125.28,240.0,0.522,0,0.0,45000.0,476500.0,232918.0,1,1,1,1,6,1,0,31.22,177.18,31.6,0.0
2026-01-05|College Park Skyhawks|Wisconsin Herd,College Park Skyhawks,21,@ Wisconsin Herd - 2026-01-05 - L 98-116,2026-01-05,Wisconsin Herd,AWAY,L,98,116,270000.0,245600.0,0.0,1,1,1,6,4,0,0,4,140.65,99.35,0.0,0.0,99.35,240.0,0.413958,0,0.0,180000.0,250600.0,403518.0,1,1,1,4,4,3,1,61.3,67.23,87.67,23.8
2026-01-08|College Park Skyhawks|Grand Rapids Gold,College Park Skyhawks,22,@ Grand Rapids Gold - 2026-01-08 - L 128-132,2026-01-08,Grand Rapids Gold,AWAY,L,128,132,225000.0,270600.0,85300.0,1,1,1,5,5,1,0,6,118.6,88.13,33.27,0.0,121.4,240.0,0.505833,0,0.0,0.0,426500.0,232918.0,1,1,1,0,7,1,0,0.0,205.73,34.27,0.0
2026-01-10|College Park Skyhawks|Grand Rapids Gold,College Park Skyhawks,23,@ Grand Rapids Gold - 2026-01-10 - W 134-122,2026-01-10,Grand Rapids Gold,AWAY,W,134,122,180000.0,330900.0,85300.0,1,1,1,4,5,1,0,6,102.12,104.68,33.2,0.0,137.88,240.0,0.5745,0,0.0,45000.0,426500.0,232918.0,1,1,1,1,7,1,0,7.73,197.21,35.07,0.0
2026-01-12|College Park Skyhawks|Osceola Magic,College Park Skyhawks,24,VS Osceola Magic - 2026-01-12 - L 109-130,2026-01-12,Osceola Magic,HOME,L,109,130,135000.0,330900.0,85300.0,1,1,1,3,5,1,0,6,80.38,129.98,29.63,0.0,159.61,239.99,0.665069,0,0.0,135000.0,571800.0,0.0,1,1,1,3,7,0,0,51.87,188.13,0.0,0.0
2026-01-14|College Park Skyhawks|Delaware Blue Coats,College Park Skyhawks,25,VS Delaware Blue Coats - 2026-01-14 - W 139-113,2026-01-14,Delaware Blue Coats,HOME,W,139,113,180000.0,330900.0,85300.0,1,1,1,4,5,1,0,6,85.46,123.5,31.05,0.0,154.55,240.01,0.643932,0,0.0,135000.0,351200.0,0.0,1,1,1,3,7,0,0,62.1,177.9,0.0,0.0
2026-01-16|College Park Skyhawks|Delaware Blue Coats,College Park Skyhawks,26,VS Delaware Blue Coats - 2026-01-16 - L 140-155,2026-01-16,Delaware Blue Coats,HOME,L,140,155,180000.0,285900.0,85300.0,1,1,1,4,4,1,0,5,99.35,108.27,32.37,0.0,140.64,239.99,0.586024,0,0.0,135000.0,346200.0,0.0,1,1,1,3,6,0,0,69.97,170.03,0.0,0.0
2026-01-18|College Park Skyhawks|Maine Celtics,College Park Skyhawks,27,VS Maine Celtics - 2026-01-18 - L 103-112,2026-01-18,Maine Celtics,HOME,L,103,112,270000.0,310900.0,85300.0,1,1,1,6,5,1,0,6,139.69,70.06,30.27,0.0,100.33,240.02,0.418007,0,0.0,135000.0,365900.0,403518.0,1,1,1,3,5,3,0,45.82,99.34,94.84,0.0
2026-01-21|College Park Skyhawks|Maine Celtics,College Park Skyhawks,28,VS Maine Celtics - 2026-01-21 - L 115-121,2026-01-21,Maine Celtics,HOME,L,115,121,225000.0,225600.0,85300.0,1,1,1,5,4,1,0,5,134.22,72.25,33.53,0.0,105.78,240.0,0.44075,0,0.0,135000.0,330600.0,0.0,1,1,1,3,5,0,0,94.3,145.71,0.0,0.0
2026-01-27|College Park Skyhawks|South Bay Lakers,College Park Skyhawks,29,@ South Bay Lakers - 2026-01-27 - L 107-121,2026-01-27,South Bay Lakers,AWAY,L,107,121,225000.0,285900.0,85300.0,1,1,1,5,4,1,0,5,119.2,89.05,31.75,0.0,120.8,240.0,0.503333,0,0.0,45000.0,456500.0,85300.0,1,1,1,1,6,1,1,13.58,167.57,25.28,33.57
2026-01-30|College Park Skyhawks|San Diego Clippers,College Park Skyhawks,30,@ San Diego Clippers - 2026-01-30 - L 111-112,2026-01-30,San Diego Clippers,AWAY,L,111,112,180000.0,330900.0,85300.0,1,1,1,4,5,1,0,6,102.95,105.19,31.87,0.0,137.06,240.01,0.57106,0,0.0,180000.0,301200.0,0.0,1,1,1,4,4,0,0,103.97,136.03,0.0,0.0
2026-01-31|College Park Skyhawks|San Diego Clippers,College Park Skyhawks,31,@ San Diego Clippers - 2026-01-31 - L 112-132,2026-01-31,San Diego Clippers,AWAY,L,112,132,180000.0,330900.0,85300.0,1,1,1,4,5,1,0,6,108.97,100.06,30.98,0.0,131.04,240.01,0.545977,0,0.0,135000.0,353850.0,0.0,1,1,1,3,5,0,1,73.1,152.51,0.0,14.4
2026-02-02|Cleveland Charge|College Park Skyhawks,College Park Skyhawks,32,VS Cleveland Charge - 2026-02-02 - L 115-133,2026-02-02,Cleveland Charge,HOME,L,115,133,225000.0,280900.0,85300.0,1,1,1,5,4,1,0,5,101.42,98.23,40.37,0.0,138.6,240.02,0.577452,0,0.0,180000.0,265900.0,0.0,1,1,1,4,4,0,0,99.41,140.6,0.0,0.0
2026-02-04|Cleveland Charge|College Park Skyhawks,College Park Skyhawks,33,VS Cleveland Charge - 2026-02-04 - L 126-156,2026-02-04,Cleveland Charge,HOME,L,126,156,270000.0,200600.0,85300.0,1,1,1,6,3,1,0,4,120.02,84.76,35.22,0.0,119.98,240.0,0.499917,0,0.0,135000.0,351200.0,232917.0,1,1,1,3,5,1,0,69.34,137.09,33.58,0.0
2026-02-07|College Park Skyhawks|Rip City Remix,College Park Skyhawks,34,VS Rip City Remix - 2026-02-07 - W 141-136,2026-02-07,Rip City Remix,HOME,W,141,136,270000.0,30000.0,85300.0,1,1,1,6,1,1,0,2,182.36,24.08,33.55,0.0,57.63,239.99,0.240135,0,0.0,225000.0,426500.0,0.0,1,1,1,5,5,0,0,100.3,139.68,0.0,0.0
2026-02-09|College Park Skyhawks|Rip City Remix,College Park Skyhawks,35,VS Rip City Remix - 2026-02-09 - L 108-133,2026-02-09,Rip City Remix,HOME,L,108,133,315000.0,30000.0,85300.0,1,1,1,7,1,1,0,2,173.82,30.95,35.23,0.0,66.18,240.0,0.27575,0,0.0,270000.0,341200.0,0.0,1,1,1,6,4,0,0,140.55,99.46,0.0,0.0
2026-02-12|College Park Skyhawks|Noblesville Boom,College Park Skyhawks,36,@ Noblesville Boom - 2026-02-12 - L 129-130,2026-02-12,Noblesville Boom,AWAY,L,129,130,270000.0,75000.0,85300.0,1,1,1,6,2,1,0,3,156.66,45.04,38.32,0.0,83.36,240.02,0.347304,0,0.0,135000.0,341200.0,0.0,1,1,1,3,4,0,0,112.87,127.15,0.0,0.0
2026-02-20|College Park Skyhawks|Motor City Cruise,College Park Skyhawks,37,@ Motor City Cruise - 2026-02-20 - W 131-124,2026-02-20,Motor City Cruise,AWAY,W,131,124,270000.0,75000.0,85300.0,1,1,1,6,2,1,0,3,160.8,44.22,34.98,0.0,79.2,240.0,0.33,0,0.0,270000.0,50000.0,85300.0,1,1,1,6,2,1,0,138.56,64.83,36.6,0.0
2026-02-22|College Park Skyhawks|Motor City Cruise,College Park Skyhawks,38,@ Motor City Cruise - 2026-02-22 - L 118-149,2026-02-22,Motor City Cruise,AWAY,L,118,149,315000.0,75000.0,85300.0,1,1,1,7,2,1,0,3,158.74,48.32,32.93,0.0,81.25,239.99,0.338556,0,0.0,180000.0,50000.0,318218.0,1,1,1,4,2,2,1,109.24,36.41,61.56,32.78
2026-02-24|College Park Skyhawks|Raptors 905,College Park Skyhawks,39,VS Raptors 905 - 2026-02-24 - W 132-129,2026-02-24,Raptors 905,HOME,W,132,129,270000.0,75000.0,85300.0,1,1,1,6,2,1,0,3,148.13,55.44,36.43,0.0,91.87,240.0,0.382792,0,0.0,90000.0,290600.0,318218.0,1,1,1,2,5,2,0,46.24,127.17,66.6,0.0
2026-02-26|College Park Skyhawks|Raptors 905,College Park Skyhawks,40,VS Raptors 905 - 2026-02-26 - L 111-116,2026-02-26,Raptors 905,HOME,L,111,116,225000.0,75000.0,85300.0,1,1,1,5,2,1,0,3,130.15,65.13,44.72,0.0,109.85,240.0,0.457708,0,0.0,135000.0,290600.0,318218.0,1,1,1,3,5,2,0,68.29,107.08,64.61,0.0
2026-02-28|Capital City Go-Go|College Park Skyhawks,College Park Skyhawks,41,@ Capital City Go-Go - 2026-02-28 - L 117-137,2026-02-28,Capital City Go-Go,AWAY,L,117,137,360000.0,75000.0,0.0,1,1,1,8,2,0,0,2,193.32,46.67,0.0,0.0,46.67,239.99,0.194466,0,0.0,180000.0,328550.0,0.0,1,1,1,4,5,0,0,94.0,146.0,0.0,0.0
2026-03-05|College Park Skyhawks|Noblesville Boom,College Park Skyhawks,42,@ Noblesville Boom - 2026-03-05 - W 140-121,2026-03-05,Noblesville Boom,AWAY,W,140,121,315000.0,115300.0,150000.0,1,1,1,7,2,1,0,3,155.97,50.38,33.67,0.0,84.05,240.02,0.350179,0,0.0,270000.0,170600.0,0.0,1,1,1,6,2,0,0,199.3,40.7,0.0,0.0
2026-03-10|College Park Skyhawks|Windy City Bulls,College Park Skyhawks,43,@ Windy City Bulls - 2026-03-10 - W 127-126,2026-03-10,Windy City Bulls,AWAY,W,127,126,315000.0,115300.0,150000.0,1,1,1,7,2,1,0,3,162.42,56.52,36.88,0.0,93.4,255.82,0.3651,0,0.0,270000.0,255900.0,85300.0,1,1,1,6,3,1,0,118.14,106.2,31.5,0.0
2026-03-17|Austin Spurs|College Park Skyhawks,College Park Skyhawks,44,VS Austin Spurs - 2026-03-17 - W 119-116,2026-03-17,Austin Spurs,HOME,W,119,116,270000.0,160300.0,150000.0,1,1,1,6,3,1,0,4,156.56,48.68,34.75,0.0,83.43,239.99,0.347639,0,0.0,180000.0,255600.0,403518.0,1,1,1,4,4,3,0,54.87,91.88,93.25,0.0
2026-03-19|College Park Skyhawks|Westchester Knicks,College Park Skyhawks,45,@ Westchester Knicks - 2026-03-19 - W 128-121,2026-03-19,Westchester Knicks,AWAY,W,128,121,315000.0,115300.0,150000.0,1,1,1,7,2,1,0,3,154.26,52.42,33.32,0.0,85.74,240.0,0.35725,0,0.0,135000.0,170600.0,170600.0,1,1,1,3,2,2,2,57.35,50.95,59.56,72.14
2026-03-21|College Park Skyhawks|Westchester Knicks,College Park Skyhawks,46,@ Westchester Knicks - 2026-03-21 - W 129-98,2026-03-21,Westchester Knicks,AWAY,W,129,98,360000.0,160300.0,150000.0,1,1,1,8,3,1,0,4,150.77,56.91,32.33,0.0,89.24,240.01,0.371818,0,0.0,225000.0,210600.0,85300.0,1,1,1,5,4,1,3,80.29,54.7,22.43,82.58
2026-03-23|College Park Skyhawks|Wisconsin Herd,College Park Skyhawks,47,@ Wisconsin Herd - 2026-03-23 - W 117-114,2026-03-23,Wisconsin Herd,AWAY,W,117,114,270000.0,115300.0,150000.0,1,1,1,6,2,1,0,3,152.01,59.86,28.13,0.0,87.99,240.0,0.366625,0,0.0,180000.0,250600.0,170600.0,1,1,1,4,4,2,0,58.49,129.89,51.63,0.0
2026-03-25|College Park Skyhawks|Osceola Magic,College Park Skyhawks,48,VS Osceola Magic - 2026-03-25 - L 120-129,2026-03-25,Osceola Magic,HOME,L,120,129,270000.0,115300.0,150000.0,1,1,1,6,2,1,0,3,154.42,50.68,34.9,0.0,85.58,240.0,0.356583,0,0.0,135000.0,486500.0,85300.0,1,1,1,3,6,1,0,46.31,162.92,30.77,0.0
2026-03-27|College Park Skyhawks|Greensboro Swarm,College Park Skyhawks,49,@ Greensboro Swarm - 2026-03-27 - L 121-132,2026-03-27,Greensboro Swarm,AWAY,L,121,132,225000.0,115300.0,150000.0,1,1,1,5,2,1,0,3,146.76,57.25,36.0,0.0,93.25,240.01,0.388525,0,0.0,90000.0,280600.0,551136.0,1,1,1,2,6,3,0,20.39,121.38,98.24,0.0
2026-03-28|College Park Skyhawks|Greensboro Swarm,College Park Skyhawks,50,@ Greensboro Swarm - 2026-03-28 - W 141-138,2026-03-28,Greensboro Swarm,AWAY,W,141,138,225000.0,115300.0,150000.0,1,1,1,5,2,1,0,3,156.48,63.53,41.98,0.0,105.51,261.99,0.402725,0,0.0,45000.0,280600.0,551136.0,1,1,1,1,6,3,1,23.07,100.69,107.13,31.1
2025-11-08|Delaware Blue Coats|Westchester Knicks,Delaware Blue Coats,1,VS Westchester Knicks - 2025-11-08 - W 134-113,2025-11-08,Westchester Knicks,HOME,W,134,113,45000.0,316050.0,232918.0,1,1,1,1,7,1,0,8,21.22,185.03,33.75,0.0,218.78,240.0,0.911583,0,0.0,135000.0,356200.0,170600.0,1,1,1,3,5,2,1,48.46,112.79,52.9,25.85
2025-11-13|Delaware Blue Coats|Greensboro Swarm,Delaware Blue Coats,2,VS Greensboro Swarm - 2025-11-13 - L 126-133,2025-11-13,Greensboro Swarm,HOME,L,126,133,0.0,316050.0,232918.0,1,1,1,0,7,1,1,9,0.0,185.01,34.85,20.13,239.99,239.99,1.0,0,0.0,90000.0,360900.0,85300.0,1,1,1,2,6,1,1,45.49,129.67,29.93,34.92
2025-11-15|Delaware Blue Coats|Greensboro Swarm,Delaware Blue Coats,3,VS Greensboro Swarm - 2025-11-15 - L 129-145,2025-11-15,Greensboro Swarm,HOME,L,129,145,90000.0,265900.0,232918.0,1,1,1,2,6,1,1,8,55.8,132.75,31.05,20.4,184.2,240.0,0.7675,0,0.0,90000.0,300900.0,85300.0,1,1,1,2,6,1,1,48.0,129.5,32.45,30.05
2025-11-21|Delaware Blue Coats|Maine Celtics,Delaware Blue Coats,4,@ Maine Celtics - 2025-11-21 - L 111-113,2025-11-21,Maine Celtics,AWAY,L,111,113,90000.0,265900.0,232918.0,1,1,1,2,6,1,0,7,49.96,161.09,28.95,0.0,190.04,240.0,0.791833,0,0.0,90000.0,330600.0,403518.0,1,1,1,2,5,3,0,29.44,111.84,98.73,0.0
2025-11-23|Delaware Blue Coats|Maine Celtics,Delaware Blue Coats,5,@ Maine Celtics - 2025-11-23 - L 119-129,2025-11-23,Maine Celtics,AWAY,L,119,129,90000.0,265900.0,0.0,1,1,1,2,6,0,0,6,34.65,205.34,0.0,0.0,205.34,239.99,0.855619,0,0.0,180000.0,195300.0,403518.0,1,1,1,4,3,3,0,69.21,70.03,100.75,0.0
2025-11-26|Delaware Blue Coats|Westchester Knicks,Delaware Blue Coats,6,@ Westchester Knicks - 2025-11-26 - W 113-111,2025-11-26,Westchester Knicks,AWAY,W,113,111,90000.0,358700.0,0.0,1,1,1,2,8,0,0,8,16.95,223.06,0.0,0.0,223.06,240.01,0.929378,0,0.0,90000.0,295900.0,170600.0,1,1,1,2,5,2,0,30.83,146.17,63.01,0.0
2025-11-28|College Park Skyhawks|Delaware Blue Coats,Delaware Blue Coats,7,VS College Park Skyhawks - 2025-11-28 - W 124-105,2025-11-28,College Park Skyhawks,HOME,W,124,105,90000.0,358700.0,0.0,1,1,1,2,8,0,0,8,30.25,209.77,0.0,0.0,209.77,240.02,0.873969,0,0.0,180000.0,270600.0,318217.0,1,1,1,4,5,2,0,59.34,130.53,50.13,0.0
2025-11-29|College Park Skyhawks|Delaware Blue Coats,Delaware Blue Coats,8,VS College Park Skyhawks - 2025-11-29 - L 108-113,2025-11-29,College Park Skyhawks,HOME,L,108,113,90000.0,358700.0,0.0,1,1,1,2,8,0,0,8,16.98,223.02,0.0,0.0,223.02,240.0,0.92925,0,0.0,180000.0,270600.0,170600.0,1,1,1,4,5,2,0,52.15,132.08,55.77,0.0
2025-12-05|Delaware Blue Coats|Long Island Nets,Delaware Blue Coats,9,VS Long Island Nets - 2025-12-05 - L 106-125,2025-12-05,Long Island Nets,HOME,L,106,125,45000.0,444000.0,0.0,1,1,1,1,9,0,0,9,7.62,232.38,0.0,0.0,232.38,240.0,0.96825,0,0.0,45000.0,368550.0,170600.0,1,1,1,1,6,2,1,30.43,129.21,47.87,32.5
2025-12-06|Delaware Blue Coats|Long Island Nets,Delaware Blue Coats,10,VS Long Island Nets - 2025-12-06 - L 134-137,2025-12-06,Long Island Nets,HOME,L,134,137,45000.0,396350.0,232918.0,1,1,1,1,7,1,0,8,36.5,185.9,35.18,0.0,221.08,257.58,0.858296,0,0.0,45000.0,368550.0,170600.0,1,1,1,1,6,2,1,41.55,105.91,73.57,36.57
2025-12-10|Delaware Blue Coats|Raptors 905,Delaware Blue Coats,11,@ Raptors 905 - 2025-12-10 - L 108-115,2025-12-10,Raptors 905,AWAY,L,108,115,90000.0,265900.0,232918.0,1,1,1,2,6,1,0,7,50.58,161.35,28.07,0.0,189.42,240.0,0.78925,0,0.0,45000.0,425900.0,403518.0,1,1,1,1,7,3,0,29.02,113.45,97.53,0.0
2025-12-11|Delaware Blue Coats|Raptors 905,Delaware Blue Coats,12,@ Raptors 905 - 2025-12-11 - L 102-111,2025-12-11,Raptors 905,AWAY,L,102,111,90000.0,273400.0,0.0,1,1,1,2,7,0,0,7,39.64,200.39,0.0,0.0,200.39,240.03,0.834854,0,0.0,135000.0,425900.0,318218.0,1,1,1,3,7,2,0,48.6,139.98,51.41,0.0
2025-12-14|Capital City Go-Go|Delaware Blue Coats,Delaware Blue Coats,13,@ Capital City Go-Go - 2025-12-14 - L 107-127,2025-12-14,Capital City Go-Go,AWAY,L,107,127,135000.0,273400.0,0.0,1,1,1,3,7,0,0,7,49.73,190.26,0.0,0.0,190.26,239.99,0.792783,0,0.0,135000.0,338550.0,232918.0,1,1,1,3,5,1,1,60.13,128.83,25.43,25.6
2025-12-16|Capital City Go-Go|Delaware Blue Coats,Delaware Blue Coats,14,@ Capital City Go-Go - 2025-12-16 - W 120-110,2025-12-16,Capital City Go-Go,AWAY,W,120,110,45000.0,351200.0,0.0,1,1,1,1,7,0,2,9,32.6,134.88,0.0,72.51,207.39,239.99,0.864161,0,0.0,135000.0,338550.0,465836.0,1,1,1,3,5,2,1,32.25,113.92,61.58,32.27
2025-12-19|Delaware Blue Coats|Santa Cruz Warriors,Delaware Blue Coats,15,VS Santa Cruz Warriors - 2025-12-19 - L 119-143,2025-12-19,Santa Cruz Warriors,HOME,L,119,143,90000.0,351200.0,232918.0,1,1,1,2,7,1,0,8,31.87,179.96,28.18,0.0,208.14,240.01,0.867214,0,0.0,225000.0,280900.0,170600.0,1,1,1,5,4,2,0,97.91,83.91,58.18,0.0
2025-12-21|Delaware Blue Coats|Texas Legends,Delaware Blue Coats,16,@ Texas Legends - 2025-12-21 - W 120-112,2025-12-21,Texas Legends,AWAY,W,120,112,135000.0,346200.0,232918.0,1,1,1,3,6,1,0,7,60.14,158.54,21.32,0.0,179.86,240.0,0.749417,0,0.0,90000.0,506500.0,85300.0,1,1,1,2,7,1,0,47.78,154.86,37.35,0.0
2025-12-27|Cleveland Charge|Delaware Blue Coats,Delaware Blue Coats,17,@ Cleveland Charge - 2025-12-27 - W 122-121,2025-12-27,Cleveland Charge,AWAY,W,122,121,135000.0,351200.0,0.0,1,1,1,3,7,0,0,7,46.92,193.09,0.0,0.0,193.09,240.01,0.804508,0,0.0,45000.0,401200.0,382917.0,1,1,1,1,6,2,0,16.32,153.71,70.0,0.0
2025-12-29|Delaware Blue Coats|Iowa Wolves,Delaware Blue Coats,18,VS Iowa Wolves - 2025-12-29 - L 115-136,2025-12-29,Iowa Wolves,HOME,L,115,136,135000.0,351200.0,0.0,1,1,1,3,7,0,0,7,45.13,194.87,0.0,0.0,194.87,240.0,0.811958,0,0.0,135000.0,280900.0,318218.0,1,1,1,3,4,2,0,71.37,107.51,61.14,0.0
2025-12-31|Delaware Blue Coats|Iowa Wolves,Delaware Blue Coats,19,VS Iowa Wolves - 2025-12-31 - W 119-118,2025-12-31,Iowa Wolves,HOME,W,119,118,180000.0,346200.0,0.0,1,1,1,4,6,0,0,6,62.27,177.76,0.0,0.0,177.76,240.03,0.740574,0,0.0,135000.0,280900.0,318218.0,1,1,1,3,4,2,0,59.73,119.88,60.39,0.0
2026-01-03|Birmingham Squadron|Delaware Blue Coats,Delaware Blue Coats,20,VS Birmingham Squadron - 2026-01-03 - L 108-110,2026-01-03,Birmingham Squadron,HOME,L,108,110,180000.0,180600.0,0.0,1,1,1,4,5,0,0,5,82.49,157.49,0.0,0.0,157.49,239.98,0.656263,0,0.0,45000.0,476500.0,232918.0,1,1,1,1,6,1,0,37.88,169.37,32.73,0.0
2026-01-04|Birmingham Squadron|Delaware Blue Coats,Delaware Blue Coats,21,VS Birmingham Squadron - 2026-01-04 - W 130-94,2026-01-04,Birmingham Squadron,HOME,W,130,94,135000.0,223250.0,0.0,1,1,1,3,5,0,1,6,78.26,129.03,0.0,32.7,161.73,239.99,0.673903,0,0.0,90000.0,426500.0,232918.0,1,1,1,2,5,1,0,47.18,154.64,38.17,0.0
2026-01-08|Delaware Blue Coats|Windy City Bulls,Delaware Blue Coats,22,@ Windy City Bulls - 2026-01-08 - W 141-131,2026-01-08,Windy City Bulls,AWAY,W,141,131,90000.0,346200.0,0.0,1,1,1,2,6,0,1,7,55.05,148.64,0.0,36.32,184.96,240.01,0.770635,0,0.0,180000.0,341200.0,0.0,1,1,1,4,4,0,0,92.6,147.41,0.0,0.0
2026-01-10|Delaware Blue Coats|Windy City Bulls,Delaware Blue Coats,23,@ Windy City Bulls - 2026-01-10 - L 126-129,2026-01-10,Windy City Bulls,AWAY,L,126,129,90000.0,346200.0,0.0,1,1,1,2,6,0,1,7,52.5,155.51,0.0,31.98,187.49,239.99,0.781241,0,0.0,135000.0,341200.0,232917.0,1,1,1,3,4,1,0,66.56,136.13,37.32,0.0
2026-01-14|College Park Skyhawks|Delaware Blue Coats,Delaware Blue Coats,24,@ College Park Skyhawks - 2026-01-14 - L 113-139,2026-01-14,College Park Skyhawks,AWAY,L,113,139,135000.0,351200.0,0.0,1,1,1,3,7,0,0,7,62.1,177.9,0.0,0.0,177.9,240.0,0.74125,0,0.0,180000.0,330900.0,85300.0,1,1,1,4,5,1,0,85.46,123.5,31.05,0.0
2026-01-16|College Park Skyhawks|Delaware Blue Coats,Delaware Blue Coats,25,@ College Park Skyhawks - 2026-01-16 - W 155-140,2026-01-16,College Park Skyhawks,AWAY,W,155,140,135000.0,346200.0,0.0,1,1,1,3,6,0,0,6,69.97,170.03,0.0,0.0,170.03,240.0,0.708458,0,0.0,180000.0,285900.0,85300.0,1,1,1,4,4,1,0,99.35,108.27,32.37,0.0
2026-01-18|Delaware Blue Coats|Noblesville Boom,Delaware Blue Coats,26,@ Noblesville Boom - 2026-01-18 - L 102-126,2026-01-18,Noblesville Boom,AWAY,L,102,126,135000.0,265900.0,0.0,1,1,1,3,6,0,1,7,69.7,140.18,0.0,30.12,170.3,240.0,0.709583,0,0.0,180000.0,341200.0,465836.0,1,1,1,4,4,2,0,82.61,104.9,52.5,0.0
2026-01-19|Delaware Blue Coats|Noblesville Boom,Delaware Blue Coats,27,@ Noblesville Boom - 2026-01-19 - L 112-127,2026-01-19,Noblesville Boom,AWAY,L,112,127,135000.0,351200.0,0.0,1,1,1,3,7,0,0,7,52.92,187.09,0.0,0.0,187.09,240.01,0.779509,0,0.0,225000.0,341200.0,465836.0,1,1,1,5,4,2,0,90.97,99.78,49.25,0.0
2026-01-24|Delaware Blue Coats|Motor City Cruise,Delaware Blue Coats,28,VS Motor City Cruise - 2026-01-24 - L 119-133,2026-01-24,Motor City Cruise,HOME,L,119,133,225000.0,170600.0,0.0,1,1,1,5,3,0,0,3,132.23,107.76,0.0,0.0,107.76,239.99,0.449019,0,0.0,225000.0,135300.0,318218.0,1,1,1,5,3,2,0,107.0,75.29,57.72,0.0
2026-01-30|Delaware Blue Coats|Valley Suns,Delaware Blue Coats,29,@ Valley Suns - 2026-01-30 - W 124-115,2026-01-30,Valley Suns,AWAY,W,124,115,135000.0,346200.0,0.0,1,1,1,3,6,0,0,6,58.58,181.42,0.0,0.0,181.42,240.0,0.755917,0,0.0,135000.0,426500.0,232918.0,1,1,1,3,5,1,0,79.13,134.03,26.83,0.0
2026-02-01|Delaware Blue Coats|Valley Suns,Delaware Blue Coats,30,@ Valley Suns - 2026-02-01 - W 111-107,2026-02-01,Valley Suns,AWAY,W,111,107,180000.0,346200.0,0.0,1,1,1,4,6,0,0,6,64.18,175.82,0.0,0.0,175.82,240.0,0.732583,0,0.0,90000.0,426500.0,232918.0,1,1,1,2,5,1,2,33.94,106.71,32.45,66.91
2026-02-05|Delaware Blue Coats|Wisconsin Herd,Delaware Blue Coats,31,VS Wisconsin Herd - 2026-02-05 - W 105-103,2026-02-05,Wisconsin Herd,HOME,W,105,103,180000.0,218250.0,0.0,1,1,1,4,4,0,0,4,101.41,138.57,0.0,0.0,138.57,239.98,0.577423,0,0.0,90000.0,335900.0,170600.0,1,1,1,2,5,2,1,26.39,148.8,39.36,25.45
2026-02-07|Delaware Blue Coats|Wisconsin Herd,Delaware Blue Coats,32,VS Wisconsin Herd - 2026-02-07 - W 99-94,2026-02-07,Wisconsin Herd,HOME,W,99,94,180000.0,260900.0,0.0,1,1,1,4,5,0,0,5,67.09,172.92,0.0,0.0,172.92,240.01,0.72047,0,0.0,90000.0,250600.0,170600.0,1,1,1,2,4,2,1,37.27,114.52,53.83,34.38
2026-02-12|Delaware Blue Coats|Long Island Nets,Delaware Blue Coats,33,VS Long Island Nets - 2026-02-12 - L 107-123,2026-02-12,Long Island Nets,HOME,L,107,123,90000.0,388850.0,85300.0,1,1,1,2,6,1,0,7,27.31,178.8,33.88,0.0,212.68,239.99,0.886204,0,0.0,45000.0,373550.0,320600.0,1,1,1,1,6,3,0,31.43,123.63,84.94,0.0
2026-02-19|Delaware Blue Coats|Maine Celtics,Delaware Blue Coats,34,VS Maine Celtics - 2026-02-19 - W 127-120,2026-02-19,Maine Celtics,HOME,W,127,120,180000.0,346200.0,0.0,1,1,1,4,6,0,0,6,66.71,173.31,0.0,0.0,173.31,240.02,0.722065,0,0.0,135000.0,330600.0,0.0,1,1,1,3,5,0,0,62.62,177.4,0.0,0.0
2026-02-21|Delaware Blue Coats|Maine Celtics,Delaware Blue Coats,35,VS Maine Celtics - 2026-02-21 - L 101-102,2026-02-21,Maine Celtics,HOME,L,101,102,225000.0,175600.0,0.0,1,1,1,5,4,0,0,4,92.5,147.49,0.0,0.0,147.49,239.99,0.614567,0,0.0,135000.0,330600.0,85300.0,1,1,1,3,5,1,0,45.1,158.38,36.52,0.0
2026-02-28|Delaware Blue Coats|Grand Rapids Gold,Delaware Blue Coats,36,VS Grand Rapids Gold - 2026-02-28 - W 143-123,2026-02-28,Grand Rapids Gold,HOME,W,143,123,180000.0,260900.0,85300.0,1,1,1,4,5,1,1,7,76.24,96.3,29.57,37.9,163.77,240.01,0.682347,0,0.0,225000.0,298550.0,232918.0,1,1,1,5,4,1,0,68.47,135.37,36.2,0.0
2026-03-01|Delaware Blue Coats|Grand Rapids Gold,Delaware Blue Coats,37,VS Grand Rapids Gold - 2026-03-01 - W 124-112,2026-03-01,Grand Rapids Gold,HOME,W,124,112,135000.0,260900.0,85300.0,1,1,1,3,5,1,0,6,92.08,119.81,28.1,0.0,147.91,239.99,0.616317,0,0.0,225000.0,298550.0,232918.0,1,1,1,5,4,1,0,75.07,128.62,36.32,0.0
2026-03-04|Delaware Blue Coats|Westchester Knicks,Delaware Blue Coats,38,VS Westchester Knicks - 2026-03-04 - W 125-122,2026-03-04,Westchester Knicks,HOME,W,125,122,180000.0,260900.0,0.0,1,1,1,4,5,0,0,5,79.11,160.87,0.0,0.0,160.87,239.98,0.670348,0,0.0,225000.0,185600.0,85300.0,1,1,1,5,3,1,2,88.8,49.49,32.77,68.96
2026-03-06|Delaware Blue Coats|Westchester Knicks,Delaware Blue Coats,39,VS Westchester Knicks - 2026-03-06 - L 120-132,2026-03-06,Westchester Knicks,HOME,L,120,132,180000.0,260900.0,0.0,1,1,1,4,5,0,0,5,83.31,156.7,0.0,0.0,156.7,240.01,0.652889,0,0.0,225000.0,210600.0,0.0,1,1,1,5,4,0,1,110.75,91.9,0.0,37.35
2026-03-08|Delaware Blue Coats|Raptors 905,Delaware Blue Coats,40,@ Raptors 905 - 2026-03-08 - L 113-137,2026-03-08,Raptors 905,AWAY,L,113,137,225000.0,260900.0,0.0,1,1,1,5,5,0,0,5,93.2,146.8,0.0,0.0,146.8,240.0,0.611667,0,0.0,180000.0,290600.0,232918.0,1,1,1,4,5,1,1,73.02,122.84,24.93,19.22
2026-03-10|Delaware Blue Coats|Greensboro Swarm,Delaware Blue Coats,41,@ Greensboro Swarm - 2026-03-10 - L 98-140,2026-03-10,Greensboro Swarm,AWAY,L,98,140,225000.0,260900.0,0.0,1,1,1,5,5,0,0,5,115.83,124.17,0.0,0.0,124.17,240.0,0.517375,0,0.0,180000.0,280600.0,318218.0,1,1,1,4,6,2,0,41.32,141.83,56.85,0.0
2026-03-11|Delaware Blue Coats|Greensboro Swarm,Delaware Blue Coats,42,@ Greensboro Swarm - 2026-03-11 - L 116-136,2026-03-11,Greensboro Swarm,AWAY,L,116,136,225000.0,260900.0,0.0,1,1,1,5,5,0,0,5,100.01,139.99,0.0,0.0,139.99,240.0,0.583292,0,0.0,180000.0,280600.0,318218.0,1,1,1,4,6,2,0,42.52,142.49,54.99,0.0
2026-03-13|Delaware Blue Coats|Oklahoma City Blue,Delaware Blue Coats,43,VS Oklahoma City Blue - 2026-03-13 - L 129-135,2026-03-13,Oklahoma City Blue,HOME,L,129,135,180000.0,260900.0,0.0,1,1,1,4,5,0,0,5,82.02,158.0,0.0,0.0,158.0,240.02,0.658278,0,0.0,225000.0,255900.0,232918.0,1,1,1,5,3,1,1,100.49,79.58,35.62,24.33
2026-03-15|Delaware Blue Coats|Motor City Cruise,Delaware Blue Coats,44,@ Motor City Cruise - 2026-03-15 - L 119-128,2026-03-15,Motor City Cruise,AWAY,L,119,128,225000.0,260900.0,0.0,1,1,1,5,5,0,0,5,94.36,145.67,0.0,0.0,145.67,240.03,0.606882,0,0.0,270000.0,205600.0,0.0,1,1,1,6,3,0,1,131.6,69.7,0.0,38.75
2026-03-18|Cleveland Charge|Delaware Blue Coats,Delaware Blue Coats,45,@ Cleveland Charge - 2026-03-18 - W 141-124,2026-03-18,Cleveland Charge,AWAY,W,141,124,180000.0,260900.0,0.0,1,1,1,4,5,0,0,5,87.99,152.02,0.0,0.0,152.02,240.01,0.63339,0,0.0,180000.0,315900.0,0.0,1,1,1,4,5,0,0,104.71,135.31,0.0,0.0
2026-03-20|Delaware Blue Coats|Osceola Magic,Delaware Blue Coats,46,@ Osceola Magic - 2026-03-20 - L 106-113,2026-03-20,Osceola Magic,AWAY,L,106,113,225000.0,218250.0,0.0,1,1,1,5,4,0,0,4,100.46,139.53,0.0,0.0,139.53,239.99,0.581399,0,0.0,90000.0,511800.0,85300.0,1,1,1,2,6,1,1,17.03,161.24,29.4,32.32
2026-03-21|Delaware Blue Coats|Osceola Magic,Delaware Blue Coats,47,@ Osceola Magic - 2026-03-21 - L 107-124,2026-03-21,Osceola Magic,AWAY,L,107,124,225000.0,218250.0,0.0,1,1,1,5,4,0,0,4,110.42,129.6,0.0,0.0,129.6,240.02,0.539955,0,0.0,90000.0,511800.0,85300.0,1,1,1,2,6,1,0,32.2,177.53,30.27,0.0
2026-03-25|Delaware Blue Coats|Long Island Nets,Delaware Blue Coats,48,@ Long Island Nets - 2026-03-25 - W 120-118,2026-03-25,Long Island Nets,AWAY,W,120,118,225000.0,213250.0,0.0,1,1,1,5,3,0,0,3,134.72,105.29,0.0,0.0,105.29,240.01,0.43869,0,0.0,180000.0,305900.0,0.0,1,1,1,4,4,0,0,117.46,122.55,0.0,0.0
2026-03-27|Capital City Go-Go|Delaware Blue Coats,Delaware Blue Coats,49,VS Capital City Go-Go - 2026-03-27 - W 132-128,2026-03-27,Capital City Go-Go,HOME,W,132,128,225000.0,127950.0,0.0,1,1,1,5,2,0,0,2,162.72,86.62,0.0,0.0,86.62,249.34,0.347397,0,0.0,270000.0,243250.0,0.0,1,1,1,6,4,0,0,155.21,94.13,0.0,0.0
2026-03-28|Capital City Go-Go|Delaware Blue Coats,Delaware Blue Coats,50,VS Capital City Go-Go - 2026-03-28 - W 122-120,2026-03-28,Capital City Go-Go,HOME,W,122,120,225000.0,127950.0,0.0,1,1,1,5,2,0,0,2,161.42,89.6,0.0,0.0,89.6,251.02,0.356944,0,0.0,270000.0,157950.0,0.0,1,1,1,6,3,0,0,172.56,78.43,0.0,0.0
2025-11-07|Grand Rapids Gold|Noblesville Boom,Grand Rapids Gold,1,VS Noblesville Boom - 2025-11-07 - W 130-124,2025-11-07,Noblesville Boom,HOME,W,130,124,45000.0,469150.0,465836.0,1,1,1,1,7,2,0,9,33.17,129.85,76.98,0.0,206.83,240.0,0.861792,0,0.0,135000.0,426500.0,0.0,1,1,1,3,5,0,0,79.16,160.83,0.0,0.0
2025-11-08|Grand Rapids Gold|Noblesville Boom,Grand Rapids Gold,2,@ Noblesville Boom - 2025-11-08 - W 120-109,2025-11-08,Noblesville Boom,AWAY,W,120,109,45000.0,503270.0,465836.0,1,1,1,1,7,2,0,9,30.13,143.84,66.01,0.0,209.85,239.98,0.874448,0,0.0,135000.0,426500.0,0.0,1,1,1,3,5,0,0,74.98,165.03,0.0,0.0
2025-11-13|Grand Rapids Gold|Iowa Wolves,Grand Rapids Gold,3,VS Iowa Wolves - 2025-11-13 - W 121-113,2025-11-13,Iowa Wolves,HOME,W,121,113,45000.0,511800.0,465836.0,1,1,1,1,8,2,0,10,32.72,138.88,68.42,0.0,207.3,240.02,0.863678,0,0.0,135000.0,280900.0,318218.0,1,1,1,3,4,2,0,63.45,112.15,64.4,0.0
2025-11-15|Grand Rapids Gold|Motor City Cruise,Grand Rapids Gold,4,VS Motor City Cruise - 2025-11-15 - W 118-94,2025-11-15,Motor City Cruise,HOME,W,118,94,135000.0,511800.0,465836.0,1,1,1,3,8,2,0,10,37.62,138.46,63.94,0.0,202.4,240.02,0.843263,0,0.0,180000.0,305900.0,318218.0,1,1,1,4,5,2,0,50.76,128.99,60.23,0.0
2025-11-16|Grand Rapids Gold|Motor City Cruise,Grand Rapids Gold,5,VS Motor City Cruise - 2025-11-16 - L 117-122,2025-11-16,Motor City Cruise,HOME,L,117,122,45000.0,469150.0,465836.0,1,1,1,1,7,2,0,9,29.25,143.96,66.79,0.0,210.75,240.0,0.878125,0,0.0,135000.0,305900.0,232918.0,1,1,1,3,5,1,0,72.89,132.22,34.92,0.0
2025-11-19|Grand Rapids Gold|Wisconsin Herd,Grand Rapids Gold,6,@ Wisconsin Herd - 2025-11-19 - W 114-95,2025-11-19,Wisconsin Herd,AWAY,W,114,95,135000.0,511800.0,465836.0,1,1,1,3,8,2,0,10,38.77,137.87,63.4,0.0,201.27,240.04,0.838485,0,0.0,135000.0,165300.0,403518.0,1,1,1,3,3,3,1,67.93,70.49,81.75,19.83
2025-11-21|Cleveland Charge|Grand Rapids Gold,Grand Rapids Gold,7,@ Cleveland Charge - 2025-11-21 - W 132-118,2025-11-21,Cleveland Charge,AWAY,W,132,118,45000.0,417970.0,465836.0,1,1,1,1,6,2,0,8,38.1,126.12,75.78,0.0,201.9,240.0,0.84125,0,0.0,45000.0,561800.0,382917.0,1,1,1,1,7,2,0,16.15,165.05,58.8,0.0
2025-11-22|Cleveland Charge|Grand Rapids Gold,Grand Rapids Gold,8,@ Cleveland Charge - 2025-11-22 - L 126-134,2025-11-22,Cleveland Charge,AWAY,L,126,134,0.0,426500.0,465836.0,1,1,1,0,7,2,0,9,0.0,167.36,72.65,0.0,240.01,240.01,1.0,0,0.0,45000.0,657100.0,0.0,1,1,1,1,9,0,0,15.5,224.5,0.0,0.0
2025-11-29|Grand Rapids Gold|Sioux Falls Skyforce,Grand Rapids Gold,9,@ Sioux Falls Skyforce - 2025-11-29 - L 130-140,2025-11-29,Sioux Falls Skyforce,AWAY,L,130,140,90000.0,417970.0,232918.0,1,1,1,2,6,1,0,7,42.15,168.86,29.0,0.0,197.86,240.01,0.824382,0,0.0,45000.0,426500.0,255900.0,1,1,1,1,5,3,1,2.9,115.8,90.62,30.68
2025-11-30|Grand Rapids Gold|Sioux Falls Skyforce,Grand Rapids Gold,10,@ Sioux Falls Skyforce - 2025-11-30 - W 126-115,2025-11-30,Sioux Falls Skyforce,AWAY,W,126,115,45000.0,417970.0,232918.0,1,1,1,1,6,1,0,7,40.07,164.7,35.25,0.0,199.95,240.02,0.833056,0,0.0,90000.0,426500.0,255900.0,1,1,1,2,5,3,2,15.04,79.58,93.65,51.73
2025-12-04|Grand Rapids Gold|Iowa Wolves,Grand Rapids Gold,11,VS Iowa Wolves - 2025-12-04 - W 134-124,2025-12-04,Iowa Wolves,HOME,W,134,124,45000.0,503270.0,232918.0,1,1,1,1,7,1,0,8,34.03,172.06,33.93,0.0,205.99,240.02,0.85822,0,0.0,90000.0,366200.0,318218.0,1,1,1,2,5,2,0,34.26,147.47,58.29,0.0
2025-12-09|Grand Rapids Gold|Windy City Bulls,Grand Rapids Gold,12,VS Windy City Bulls - 2025-12-09 - W 142-129,2025-12-09,Windy City Bulls,HOME,W,142,129,45000.0,460620.0,465836.0,1,1,1,1,6,2,0,8,37.18,139.85,62.96,0.0,202.81,239.99,0.845077,0,0.0,90000.0,426500.0,403517.0,1,1,1,2,5,3,0,27.91,112.44,99.65,0.0
2025-12-11|Grand Rapids Gold|Windy City Bulls,Grand Rapids Gold,13,VS Windy City Bulls - 2025-12-11 - L 134-139,2025-12-11,Windy City Bulls,HOME,L,134,139,45000.0,426500.0,232918.0,1,1,1,1,7,1,0,8,39.63,160.06,40.3,0.0,200.36,239.99,0.834868,0,0.0,90000.0,426500.0,403517.0,1,1,1,2,5,3,0,29.9,111.61,98.5,0.0
2025-12-13|Grand Rapids Gold|Wisconsin Herd,Grand Rapids Gold,14,@ Wisconsin Herd - 2025-12-13 - W 107-103,2025-12-13,Wisconsin Herd,AWAY,W,107,103,45000.0,511800.0,232918.0,1,1,1,1,8,1,0,9,36.07,164.54,39.4,0.0,203.94,240.01,0.849715,0,0.0,180000.0,335900.0,170600.0,1,1,1,4,5,2,1,61.25,104.13,47.6,27.02
2025-12-19|Grand Rapids Gold|Greensboro Swarm,Grand Rapids Gold,15,@ Greensboro Swarm - 2025-12-19 - W 119-106,2025-12-19,Greensboro Swarm,AWAY,W,119,106,135000.0,503270.0,465836.0,1,1,1,3,7,2,0,9,39.78,132.66,67.56,0.0,200.22,240.0,0.83425,0,0.0,90000.0,275900.0,170600.0,1,1,1,2,5,2,1,37.02,94.12,72.83,36.03
2025-12-21|Grand Rapids Gold|Raptors 905,Grand Rapids Gold,16,@ Raptors 905 - 2025-12-21 - L 101-103,2025-12-21,Raptors 905,AWAY,L,101,103,45000.0,469150.0,232918.0,1,1,1,1,7,1,0,8,34.85,163.93,41.22,0.0,205.15,240.0,0.854792,0,0.0,45000.0,425900.0,403518.0,1,1,1,1,7,3,0,29.32,112.05,98.64,0.0
2025-12-27|Grand Rapids Gold|Wisconsin Herd,Grand Rapids Gold,17,VS Wisconsin Herd - 2025-12-27 - W 125-111,2025-12-27,Wisconsin Herd,HOME,W,125,111,90000.0,511800.0,0.0,1,1,1,2,8,0,0,8,19.05,220.95,0.0,0.0,220.95,240.0,0.920625,0,0.0,135000.0,250600.0,170600.0,1,1,1,3,4,2,0,54.72,137.63,47.65,0.0
2025-12-28|Grand Rapids Gold|Noblesville Boom,Grand Rapids Gold,18,@ Noblesville Boom - 2025-12-28 - L 145-149,2025-12-28,Noblesville Boom,AWAY,L,145,149,90000.0,511800.0,0.0,1,1,1,2,8,0,0,8,17.7,245.13,0.0,0.0,245.13,262.83,0.932656,0,0.0,135000.0,426500.0,0.0,1,1,1,3,5,0,0,108.07,154.76,0.0,0.0
2025-12-30|Grand Rapids Gold|Motor City Cruise,Grand Rapids Gold,19,@ Motor City Cruise - 2025-12-30 - W 123-114,2025-12-30,Motor City Cruise,AWAY,W,123,114,45000.0,511800.0,0.0,1,1,1,1,8,0,0,8,7.83,232.16,0.0,0.0,232.16,239.99,0.967374,0,0.0,135000.0,305900.0,232918.0,1,1,1,3,5,1,0,50.8,156.89,32.3,0.0
2026-01-03|Grand Rapids Gold|Greensboro Swarm,Grand Rapids Gold,20,VS Greensboro Swarm - 2026-01-03 - L 100-125,2026-01-03,Greensboro Swarm,HOME,L,100,125,90000.0,511800.0,0.0,1,1,1,2,8,0,0,8,22.35,217.64,0.0,0.0,217.64,239.99,0.906871,0,0.0,45000.0,436200.0,0.0,1,1,1,1,8,0,0,20.53,219.45,0.0,0.0
2026-01-05|Grand Rapids Gold|Greensboro Swarm,Grand Rapids Gold,21,VS Greensboro Swarm - 2026-01-05 - L 119-149,2026-01-05,Greensboro Swarm,HOME,L,119,149,90000.0,426500.0,0.0,1,1,1,2,7,0,0,7,17.22,222.77,0.0,0.0,222.77,239.99,0.928247,0,0.0,45000.0,366200.0,232918.0,1,1,1,1,7,1,0,29.3,175.11,35.6,0.0
2026-01-08|College Park Skyhawks|Grand Rapids Gold,Grand Rapids Gold,22,VS College Park Skyhawks - 2026-01-08 - W 132-128,2026-01-08,College Park Skyhawks,HOME,W,132,128,0.0,426500.0,232918.0,1,1,1,0,7,1,0,8,0.0,205.73,34.27,0.0,240.0,240.0,1.0,0,0.0,225000.0,270600.0,85300.0,1,1,1,5,5,1,0,118.6,88.13,33.27,0.0
2026-01-10|College Park Skyhawks|Grand Rapids Gold,Grand Rapids Gold,23,VS College Park Skyhawks - 2026-01-10 - L 122-134,2026-01-10,College Park Skyhawks,HOME,L,122,134,45000.0,426500.0,232918.0,1,1,1,1,7,1,0,8,7.73,197.21,35.07,0.0,232.28,240.01,0.967793,0,0.0,180000.0,330900.0,85300.0,1,1,1,4,5,1,0,102.12,104.68,33.2,0.0
2026-01-11|Grand Rapids Gold|Wisconsin Herd,Grand Rapids Gold,24,VS Wisconsin Herd - 2026-01-11 - L 95-109,2026-01-11,Wisconsin Herd,HOME,L,95,109,90000.0,307080.0,232918.0,1,1,1,2,5,1,0,6,36.0,163.96,40.03,0.0,203.99,239.99,0.849994,0,0.0,180000.0,250600.0,318218.0,1,1,1,4,4,2,1,51.98,106.27,52.15,29.6
2026-01-15|Grand Rapids Gold|Noblesville Boom,Grand Rapids Gold,25,@ Noblesville Boom - 2026-01-15 - W 102-92,2026-01-15,Noblesville Boom,AWAY,W,102,92,45000.0,426500.0,232918.0,1,1,1,1,7,1,0,8,14.52,187.85,37.65,0.0,225.5,240.02,0.939505,0,0.0,135000.0,341200.0,465836.0,1,1,1,3,4,2,0,82.24,85.57,72.2,0.0
2026-01-18|Cleveland Charge|Grand Rapids Gold,Grand Rapids Gold,26,VS Cleveland Charge - 2026-01-18 - L 126-132,2026-01-18,Cleveland Charge,HOME,L,126,132,45000.0,426500.0,232918.0,1,1,1,1,7,1,0,8,11.98,192.33,35.68,0.0,228.01,239.99,0.950081,0,0.0,90000.0,486500.0,382917.0,1,1,1,2,7,2,0,35.63,147.47,56.9,0.0
2026-01-20|Cleveland Charge|Grand Rapids Gold,Grand Rapids Gold,27,VS Cleveland Charge - 2026-01-20 - L 105-125,2026-01-20,Cleveland Charge,HOME,L,105,125,90000.0,341200.0,232918.0,1,1,1,2,6,1,0,7,27.52,177.13,35.35,0.0,212.48,240.0,0.885333,0,0.0,90000.0,486500.0,382917.0,1,1,1,2,7,2,0,44.84,145.13,50.03,0.0
2026-01-22|Grand Rapids Gold|Motor City Cruise,Grand Rapids Gold,28,@ Motor City Cruise - 2026-01-22 - L 114-125,2026-01-22,Motor City Cruise,AWAY,L,114,125,90000.0,417970.0,232918.0,1,1,1,2,6,1,0,7,18.12,183.84,38.05,0.0,221.89,240.01,0.924503,0,0.0,225000.0,135300.0,318218.0,1,1,1,5,3,2,1,105.24,62.61,45.01,27.13
2026-01-29|Grand Rapids Gold|Maine Celtics,Grand Rapids Gold,29,@ Maine Celtics - 2026-01-29 - W 122-119,2026-01-29,Maine Celtics,AWAY,W,122,119,90000.0,341200.0,232918.0,1,1,1,2,6,1,0,7,24.12,190.95,39.87,0.0,230.82,254.94,0.90539,0,0.0,90000.0,365900.0,170600.0,1,1,1,2,5,2,0,43.93,132.7,78.28,0.0
2026-02-02|Grand Rapids Gold|Long Island Nets,Grand Rapids Gold,30,@ Long Island Nets - 2026-02-02 - L 107-115,2026-02-02,Long Island Nets,AWAY,L,107,115,90000.0,503270.0,232918.0,1,1,1,2,7,1,0,8,15.11,186.07,38.83,0.0,224.9,240.01,0.937044,0,0.0,45000.0,368550.0,320600.0,1,1,1,1,6,3,0,38.8,116.13,85.07,0.0
2026-02-05|Grand Rapids Gold|Raptors 905,Grand Rapids Gold,31,@ Raptors 905 - 2026-02-05 - L 109-137,2026-02-05,Raptors 905,AWAY,L,109,137,90000.0,511800.0,232918.0,1,1,1,2,8,1,0,9,12.92,190.62,36.47,0.0,227.09,240.01,0.946169,0,0.0,135000.0,375900.0,318218.0,1,1,1,3,6,2,0,34.57,143.66,61.76,0.0
2026-02-07|Grand Rapids Gold|Raptors 905,Grand Rapids Gold,32,@ Raptors 905 - 2026-02-07 - L 124-125,2026-02-07,Raptors 905,AWAY,L,124,125,90000.0,477680.0,232918.0,1,1,1,2,7,1,0,8,37.35,167.92,34.73,0.0,202.65,240.0,0.844375,0,0.0,135000.0,375900.0,318218.0,1,1,1,3,6,2,0,52.5,126.03,61.48,0.0
2026-02-11|Grand Rapids Gold|Windy City Bulls,Grand Rapids Gold,33,@ Windy City Bulls - 2026-02-11 - W 135-131,2026-02-11,Windy City Bulls,AWAY,W,135,131,135000.0,469150.0,232918.0,1,1,1,3,6,1,0,7,32.9,178.19,28.92,0.0,207.11,240.01,0.862922,0,0.0,135000.0,426500.0,85300.0,1,1,1,3,5,1,0,66.6,132.85,40.55,0.0
2026-02-12|Grand Rapids Gold|Windy City Bulls,Grand Rapids Gold,34,@ Windy City Bulls - 2026-02-12 - L 111-116,2026-02-12,Windy City Bulls,AWAY,L,111,116,90000.0,503270.0,232918.0,1,1,1,2,7,1,0,8,26.65,179.05,34.3,0.0,213.35,240.0,0.888958,0,0.0,135000.0,255900.0,170600.0,1,1,1,3,3,2,0,49.64,117.86,72.5,0.0
2026-02-19|Grand Rapids Gold|Westchester Knicks,Grand Rapids Gold,35,@ Westchester Knicks - 2026-02-19 - L 119-124,2026-02-19,Westchester Knicks,AWAY,L,119,124,135000.0,332670.0,232918.0,1,1,1,3,5,1,0,6,62.7,138.49,38.82,0.0,177.31,240.01,0.738761,0,0.0,90000.0,255900.0,170600.0,1,1,1,2,3,2,2,34.37,80.42,62.1,63.13
2026-02-21|Grand Rapids Gold|Osceola Magic,Grand Rapids Gold,36,VS Osceola Magic - 2026-02-21 - L 95-121,2026-02-21,Osceola Magic,HOME,L,95,121,180000.0,298550.0,232918.0,1,1,1,4,4,1,0,5,77.11,127.02,35.88,0.0,162.9,240.01,0.678722,0,0.0,135000.0,571800.0,85300.0,1,1,1,3,7,1,0,43.83,171.16,25.02,0.0
2026-02-23|Grand Rapids Gold|Osceola Magic,Grand Rapids Gold,37,VS Osceola Magic - 2026-02-23 - L 97-109,2026-02-23,Osceola Magic,HOME,L,97,109,180000.0,298550.0,232918.0,1,1,1,4,4,1,0,5,63.57,138.48,37.95,0.0,176.43,240.0,0.735125,0,0.0,90000.0,511800.0,85300.0,1,1,1,2,6,1,0,41.73,173.44,24.82,0.0
2026-02-26|Grand Rapids Gold|Long Island Nets,Grand Rapids Gold,38,@ Long Island Nets - 2026-02-26 - W 119-116,2026-02-26,Long Island Nets,AWAY,W,119,116,180000.0,298550.0,232918.0,1,1,1,4,4,1,0,5,62.34,138.11,39.55,0.0,177.66,240.0,0.74025,0,0.0,0.0,308250.0,320600.0,1,1,1,0,5,3,1,0.0,116.77,93.08,30.15
2026-02-28|Delaware Blue Coats|Grand Rapids Gold,Grand Rapids Gold,39,@ Delaware Blue Coats - 2026-02-28 - L 123-143,2026-02-28,Delaware Blue Coats,AWAY,L,123,143,225000.0,298550.0,232918.0,1,1,1,5,4,1,0,5,68.47,135.37,36.2,0.0,171.57,240.04,0.714756,0,0.0,180000.0,260900.0,85300.0,1,1,1,4,5,1,1,76.24,96.3,29.57,37.9
2026-03-01|Delaware Blue Coats|Grand Rapids Gold,Grand Rapids Gold,40,@ Delaware Blue Coats - 2026-03-01 - L 112-124,2026-03-01,Delaware Blue Coats,AWAY,L,112,124,225000.0,298550.0,232918.0,1,1,1,5,4,1,0,5,75.07,128.62,36.32,0.0,164.94,240.01,0.687221,0,0.0,135000.0,260900.0,85300.0,1,1,1,3,5,1,0,92.08,119.81,28.1,0.0
2026-03-03|Capital City Go-Go|Grand Rapids Gold,Grand Rapids Gold,41,VS Capital City Go-Go - 2026-03-03 - W 130-121,2026-03-03,Capital City Go-Go,HOME,W,130,121,180000.0,298550.0,232918.0,1,1,1,4,4,1,0,5,63.32,136.34,40.35,0.0,176.69,240.01,0.736178,0,0.0,225000.0,243250.0,0.0,1,1,1,5,4,0,0,119.22,120.78,0.0,0.0
2026-03-05|Capital City Go-Go|Grand Rapids Gold,Grand Rapids Gold,42,VS Capital City Go-Go - 2026-03-05 - L 120-126,2026-03-05,Capital City Go-Go,HOME,L,120,126,135000.0,298550.0,232918.0,1,1,1,3,4,1,0,5,66.43,138.21,35.35,0.0,173.56,239.99,0.723197,0,0.0,225000.0,243250.0,0.0,1,1,1,5,4,0,0,114.96,125.05,0.0,0.0
2026-03-10|Grand Rapids Gold|Mexico City Capitanes,Grand Rapids Gold,43,VS Mexico City Capitanes - 2026-03-10 - L 112-115,2026-03-10,Mexico City Capitanes,HOME,L,112,115,180000.0,332670.0,232918.0,1,1,1,4,5,1,0,6,101.81,116.1,41.33,0.0,157.43,259.24,0.607275,0,0.0,405000.0,0.0,0.0,1,1,1,9,0,0,0,259.27,0.0,0.0,0.0
2026-03-11|Birmingham Squadron|Grand Rapids Gold,Grand Rapids Gold,44,VS Birmingham Squadron - 2026-03-11 - L 95-122,2026-03-11,Birmingham Squadron,HOME,L,95,122,315000.0,332670.0,232918.0,1,1,1,7,5,1,0,6,97.68,108.49,33.83,0.0,142.32,240.0,0.593,0,0.0,45000.0,441200.0,465836.0,1,1,1,1,6,2,0,2.52,164.05,73.43,0.0
2026-03-13|Grand Rapids Gold|Maine Celtics,Grand Rapids Gold,45,@ Maine Celtics - 2026-03-13 - L 91-96,2026-03-13,Maine Celtics,AWAY,L,91,96,180000.0,247370.0,232918.0,1,1,1,4,4,1,0,5,76.78,127.24,35.98,0.0,163.22,240.0,0.680083,0,0.0,135000.0,330600.0,232918.0,1,1,1,3,5,1,0,50.88,156.33,32.78,0.0
2026-03-15|Grand Rapids Gold|Oklahoma City Blue,Grand Rapids Gold,46,VS Oklahoma City Blue - 2026-03-15 - W 131-125,2026-03-15,Oklahoma City Blue,HOME,W,131,125,225000.0,247370.0,232918.0,1,1,1,5,4,1,0,5,96.32,116.81,40.22,0.0,157.03,253.35,0.619814,0,0.0,225000.0,255900.0,232918.0,1,1,1,5,3,1,1,107.16,75.96,35.82,34.4
2026-03-17|Grand Rapids Gold|Oklahoma City Blue,Grand Rapids Gold,47,VS Oklahoma City Blue - 2026-03-17 - L 127-130,2026-03-17,Oklahoma City Blue,HOME,L,127,130,225000.0,247370.0,232918.0,1,1,1,5,4,1,0,5,103.04,118.34,36.13,0.0,154.47,257.51,0.59986,0,0.0,270000.0,255900.0,232918.0,1,1,1,6,3,1,1,114.46,80.85,35.17,27.02
2026-03-20|Grand Rapids Gold|South Bay Lakers,Grand Rapids Gold,48,@ South Bay Lakers - 2026-03-20 - L 98-111,2026-03-20,South Bay Lakers,AWAY,L,98,111,225000.0,247370.0,232918.0,1,1,1,5,4,1,0,5,107.8,100.79,31.4,0.0,132.19,239.99,0.550815,0,0.0,225000.0,285900.0,318218.0,1,1,1,5,4,2,0,81.12,123.77,35.11,0.0
2026-03-21|Grand Rapids Gold|South Bay Lakers,Grand Rapids Gold,49,@ South Bay Lakers - 2026-03-21 - L 111-119,2026-03-21,South Bay Lakers,AWAY,L,111,119,225000.0,247370.0,232918.0,1,1,1,5,4,1,0,5,105.12,100.95,33.93,0.0,134.88,240.0,0.562,0,0.0,135000.0,285900.0,85300.0,1,1,1,3,4,1,2,52.38,106.0,24.17,57.45
2026-03-27|Birmingham Squadron|Grand Rapids Gold,Grand Rapids Gold,50,VS Birmingham Squadron - 2026-03-27 - W 123-101,2026-03-27,Birmingham Squadron,HOME,W,123,101,270000.0,247370.0,0.0,1,1,1,6,4,0,1,5,93.27,110.21,0.0,36.52,146.73,240.0,0.611375,0,0.0,90000.0,355900.0,0.0,1,1,1,2,5,0,0,35.99,204.01,0.0,0.0
2025-11-07|Greensboro Swarm|Maine Celtics,Greensboro Swarm,1,VS Maine Celtics - 2025-11-07 - W 131-129,2025-11-07,Maine Celtics,HOME,W,131,129,90000.0,275600.0,85300.0,1,1,1,2,5,1,1,7,52.31,137.39,34.98,36.92,209.29,261.6,0.800038,0,0.0,45000.0,415900.0,403518.0,1,1,1,1,6,3,0,6.27,146.67,108.65,0.0
2025-11-08|Greensboro Swarm|Maine Celtics,Greensboro Swarm,2,VS Maine Celtics - 2025-11-08 - W 122-120,2025-11-08,Maine Celtics,HOME,W,122,120,90000.0,275600.0,85300.0,1,1,1,2,5,1,1,7,45.58,122.19,37.47,34.78,194.44,240.02,0.810099,0,0.0,90000.0,415900.0,403518.0,1,1,1,2,6,3,0,13.59,126.55,99.86,0.0
2025-11-13|Delaware Blue Coats|Greensboro Swarm,Greensboro Swarm,3,@ Delaware Blue Coats - 2025-11-13 - W 133-126,2025-11-13,Delaware Blue Coats,AWAY,W,133,126,90000.0,360900.0,85300.0,1,1,1,2,6,1,1,8,45.49,129.67,29.93,34.92,194.52,240.01,0.810466,0,0.0,0.0,316050.0,232918.0,1,1,1,0,7,1,1,0.0,185.01,34.85,20.13
2025-11-15|Delaware Blue Coats|Greensboro Swarm,Greensboro Swarm,4,@ Delaware Blue Coats - 2025-11-15 - W 145-129,2025-11-15,Delaware Blue Coats,AWAY,W,145,129,90000.0,300900.0,85300.0,1,1,1,2,6,1,1,8,48.0,129.5,32.45,30.05,192.0,240.0,0.8,0,0.0,90000.0,265900.0,232918.0,1,1,1,2,6,1,1,55.8,132.75,31.05,20.4
2025-11-19|Greensboro Swarm|Raptors 905,Greensboro Swarm,5,VS Raptors 905 - 2025-11-19 - L 116-124,2025-11-19,Raptors 905,HOME,L,116,124,90000.0,290900.0,0.0,1,1,1,2,5,0,1,6,44.58,161.31,0.0,34.13,195.44,240.02,0.814265,0,0.0,90000.0,375900.0,403518.0,1,1,1,2,6,3,0,34.61,106.04,99.35,0.0
2025-11-20|Greensboro Swarm|Raptors 905,Greensboro Swarm,6,VS Raptors 905 - 2025-11-20 - L 103-114,2025-11-20,Raptors 905,HOME,L,103,114,90000.0,275900.0,403518.0,1,1,1,2,5,3,1,9,24.91,86.03,109.1,19.95,215.08,239.99,0.896204,0,0.0,45000.0,375900.0,403518.0,1,1,1,1,6,3,0,24.57,112.38,103.05,0.0
2025-11-22|Greensboro Swarm|Long Island Nets,Greensboro Swarm,7,@ Long Island Nets - 2025-11-22 - L 113-128,2025-11-22,Long Island Nets,AWAY,L,113,128,90000.0,386200.0,0.0,1,1,1,2,7,0,1,8,38.12,168.18,0.0,33.72,201.9,240.02,0.84118,0,0.0,90000.0,428850.0,0.0,1,1,1,2,6,0,2,44.52,127.3,0.0,68.18
2025-11-24|Greensboro Swarm|Long Island Nets,Greensboro Swarm,8,@ Long Island Nets - 2025-11-24 - W 126-114,2025-11-24,Long Island Nets,AWAY,W,126,114,90000.0,265900.0,403518.0,1,1,1,2,4,3,1,8,30.69,84.48,92.13,32.72,209.33,240.02,0.872136,0,0.0,90000.0,428850.0,0.0,1,1,1,2,6,0,2,51.5,116.56,0.0,71.95
2025-11-28|Capital City Go-Go|Greensboro Swarm,Greensboro Swarm,9,VS Capital City Go-Go - 2025-11-28 - L 107-109,2025-11-28,Capital City Go-Go,HOME,L,107,109,90000.0,335900.0,403518.0,1,1,1,2,5,3,1,9,35.91,100.48,91.8,28.97,221.25,257.16,0.860359,0,0.0,45000.0,584450.0,0.0,1,1,1,1,8,0,0,22.7,234.48,0.0,0.0
2025-11-30|Capital City Go-Go|Greensboro Swarm,Greensboro Swarm,10,@ Capital City Go-Go - 2025-11-30 - W 124-106,2025-11-30,Capital City Go-Go,AWAY,W,124,106,45000.0,421200.0,318218.0,1,1,1,1,6,2,1,9,34.72,111.45,60.92,32.92,205.29,240.01,0.855339,0,0.0,45000.0,499150.0,232918.0,1,1,1,1,7,1,1,5.65,155.99,38.8,39.57
2025-12-05|Greensboro Swarm|Westchester Knicks,Greensboro Swarm,11,VS Westchester Knicks - 2025-12-05 - W 112-106,2025-12-05,Westchester Knicks,HOME,W,112,106,90000.0,456200.0,85300.0,1,1,1,2,8,1,0,9,43.83,161.92,34.25,0.0,196.17,240.0,0.817375,0,0.0,135000.0,125300.0,255900.0,1,1,1,3,3,3,1,56.27,74.0,87.93,21.8
2025-12-07|Greensboro Swarm|Westchester Knicks,Greensboro Swarm,12,VS Westchester Knicks - 2025-12-07 - W 118-91,2025-12-07,Westchester Knicks,HOME,W,118,91,90000.0,456200.0,0.0,1,1,1,2,8,0,0,8,40.74,199.25,0.0,0.0,199.25,239.99,0.830243,0,0.0,180000.0,125300.0,170600.0,1,1,1,4,3,2,0,101.7,86.19,52.1,0.0
2025-12-12|College Park Skyhawks|Greensboro Swarm,Greensboro Swarm,13,@ College Park Skyhawks - 2025-12-12 - W 139-108,2025-12-12,College Park Skyhawks,AWAY,W,139,108,90000.0,456200.0,85300.0,1,1,1,2,8,1,1,10,34.38,142.56,30.83,32.22,205.61,239.99,0.856744,0,0.0,225000.0,240600.0,85300.0,1,1,1,5,4,1,0,98.91,107.1,33.98,0.0
2025-12-14|College Park Skyhawks|Greensboro Swarm,Greensboro Swarm,14,@ College Park Skyhawks - 2025-12-14 - W 119-100,2025-12-14,College Park Skyhawks,AWAY,W,119,100,90000.0,386200.0,85300.0,1,1,1,2,7,1,1,9,36.65,133.43,30.85,39.07,203.35,240.0,0.847292,0,0.0,225000.0,240600.0,85300.0,1,1,1,5,4,1,0,83.5,124.5,32.0,0.0
2025-12-19|Grand Rapids Gold|Greensboro Swarm,Greensboro Swarm,15,VS Grand Rapids Gold - 2025-12-19 - L 106-119,2025-12-19,Grand Rapids Gold,HOME,L,106,119,90000.0,275900.0,170600.0,1,1,1,2,5,2,1,8,37.02,94.12,72.83,36.03,202.98,240.0,0.84575,0,0.0,135000.0,503270.0,465836.0,1,1,1,3,7,2,0,39.78,132.66,67.56,0.0
2025-12-21|Greensboro Swarm|San Diego Clippers,Greensboro Swarm,16,@ San Diego Clippers - 2025-12-21 - W 127-117,2025-12-21,San Diego Clippers,AWAY,W,127,117,45000.0,376200.0,170600.0,1,1,1,1,6,2,1,9,32.03,113.81,61.72,32.45,207.98,240.01,0.866547,0,0.0,135000.0,439150.0,0.0,1,1,1,3,6,0,0,63.82,176.18,0.0,0.0
2025-12-27|Greensboro Swarm|Iowa Wolves,Greensboro Swarm,17,VS Iowa Wolves - 2025-12-27 - W 123-117,2025-12-27,Iowa Wolves,HOME,W,123,117,45000.0,456200.0,318218.0,1,1,1,1,8,2,1,11,17.93,119.67,66.92,35.48,222.07,240.0,0.925292,0,0.0,135000.0,330900.0,85300.0,1,1,1,3,5,1,0,84.82,117.18,38.03,0.0
2025-12-29|Greensboro Swarm|Texas Legends,Greensboro Swarm,18,VS Texas Legends - 2025-12-29 - W 136-130,2025-12-29,Texas Legends,HOME,W,136,130,45000.0,456200.0,318218.0,1,1,1,1,8,2,0,10,30.57,151.22,58.2,0.0,209.42,239.99,0.87262,0,0.0,180000.0,381200.0,85300.0,1,1,1,4,5,1,0,64.63,142.11,33.27,0.0
2025-12-31|Greensboro Swarm|Texas Legends,Greensboro Swarm,19,VS Texas Legends - 2025-12-31 - W 140-108,2025-12-31,Texas Legends,HOME,W,140,108,45000.0,461200.0,0.0,1,1,1,1,9,0,0,9,18.38,221.61,0.0,0.0,221.61,239.99,0.923413,0,0.0,180000.0,295900.0,85300.0,1,1,1,4,4,1,0,87.15,123.12,29.73,0.0
2026-01-03|Grand Rapids Gold|Greensboro Swarm,Greensboro Swarm,20,@ Grand Rapids Gold - 2026-01-03 - W 125-100,2026-01-03,Grand Rapids Gold,AWAY,W,125,100,45000.0,436200.0,0.0,1,1,1,1,8,0,0,8,20.53,219.45,0.0,0.0,219.45,239.98,0.914451,0,0.0,90000.0,511800.0,0.0,1,1,1,2,8,0,0,22.35,217.64,0.0,0.0
2026-01-05|Grand Rapids Gold|Greensboro Swarm,Greensboro Swarm,21,@ Grand Rapids Gold - 2026-01-05 - W 149-119,2026-01-05,Grand Rapids Gold,AWAY,W,149,119,45000.0,366200.0,232918.0,1,1,1,1,7,1,0,8,29.3,175.11,35.6,0.0,210.71,240.01,0.877922,0,0.0,90000.0,426500.0,0.0,1,1,1,2,7,0,0,17.22,222.77,0.0,0.0
2026-01-09|Greensboro Swarm|Rio Grande Valley Vipers,Greensboro Swarm,22,@ Rio Grande Valley Vipers - 2026-01-09 - L 115-120,2026-01-09,Rio Grande Valley Vipers,AWAY,L,115,120,45000.0,391200.0,232918.0,1,1,1,1,8,1,0,9,25.08,181.45,33.47,0.0,214.92,240.0,0.8955,0,0.0,225000.0,100300.0,85300.0,1,1,1,5,2,1,0,148.11,73.77,18.12,0.0
2026-01-10|Greensboro Swarm|Rio Grande Valley Vipers,Greensboro Swarm,23,@ Rio Grande Valley Vipers - 2026-01-10 - L 119-131,2026-01-10,Rio Grande Valley Vipers,AWAY,L,119,131,45000.0,391200.0,318218.0,1,1,1,1,8,2,1,11,25.4,127.35,59.82,27.43,214.6,240.0,0.894167,0,0.0,225000.0,130300.0,85300.0,1,1,1,5,3,1,0,128.28,90.58,21.13,0.0
2026-01-15|Greensboro Swarm|Westchester Knicks,Greensboro Swarm,24,@ Westchester Knicks - 2026-01-15 - W 123-111,2026-01-15,Westchester Knicks,AWAY,W,123,111,45000.0,451200.0,318218.0,1,1,1,1,8,2,0,10,15.13,163.72,61.15,0.0,224.87,240.0,0.936958,0,0.0,180000.0,295900.0,85300.0,1,1,1,4,5,1,0,83.12,130.6,26.28,0.0
2026-01-17|Greensboro Swarm|Osceola Magic,Greensboro Swarm,25,VS Osceola Magic - 2026-01-17 - W 125-123,2026-01-17,Osceola Magic,HOME,W,125,123,45000.0,426200.0,318218.0,1,1,1,1,7,2,1,10,18.48,130.51,68.65,36.03,235.19,253.67,0.927149,0,0.0,135000.0,571800.0,0.0,1,1,1,3,7,0,0,40.95,212.71,0.0,0.0
2026-01-19|Birmingham Squadron|Greensboro Swarm,Greensboro Swarm,26,@ Birmingham Squadron - 2026-01-19 - W 116-114,2026-01-19,Birmingham Squadron,AWAY,W,116,114,45000.0,451200.0,85300.0,1,1,1,1,8,1,1,10,12.25,164.6,27.83,35.32,227.75,240.0,0.948958,0,0.0,90000.0,305900.0,465836.0,1,1,1,2,4,2,0,77.21,87.41,75.36,0.0
2026-01-23|Greensboro Swarm|Maine Celtics,Greensboro Swarm,27,@ Maine Celtics - 2026-01-23 - W 122-112,2026-01-23,Maine Celtics,AWAY,W,122,112,45000.0,360900.0,232918.0,1,1,1,1,6,1,1,8,16.6,155.35,31.4,36.67,223.42,240.02,0.930839,0,0.0,135000.0,330600.0,85300.0,1,1,1,3,5,1,0,64.83,138.35,36.82,0.0
2026-01-25|Greensboro Swarm|Maine Celtics,Greensboro Swarm,28,@ Maine Celtics - 2026-01-25 - L 138-147,2026-01-25,Maine Celtics,AWAY,L,138,147,0.0,365900.0,318218.0,1,1,1,0,7,2,1,10,0.0,146.47,58.84,34.7,240.01,240.01,1.0,0,0.0,135000.0,355900.0,85300.0,1,1,1,3,5,1,0,71.09,131.21,37.72,0.0
2026-01-30|Greensboro Swarm|Windy City Bulls,Greensboro Swarm,29,VS Windy City Bulls - 2026-01-30 - L 110-115,2026-01-30,Windy City Bulls,HOME,L,110,115,0.0,446200.0,318218.0,1,1,1,0,7,2,1,10,0.0,146.51,59.29,34.2,240.0,240.0,1.0,0,0.0,225000.0,341200.0,0.0,1,1,1,5,4,0,0,129.74,110.25,0.0,0.0
2026-02-02|Greensboro Swarm|Windy City Bulls,Greensboro Swarm,30,VS Windy City Bulls - 2026-02-02 - W 126-103,2026-02-02,Windy City Bulls,HOME,W,126,103,0.0,451200.0,318218.0,1,1,1,0,8,2,1,11,0.0,147.78,58.34,33.88,240.0,240.0,1.0,0,0.0,225000.0,341200.0,0.0,1,1,1,5,4,0,0,129.38,110.61,0.0,0.0
2026-02-06|Cleveland Charge|Greensboro Swarm,Greensboro Swarm,31,@ Cleveland Charge - 2026-02-06 - L 135-140,2026-02-06,Cleveland Charge,AWAY,L,135,140,0.0,436200.0,318218.0,1,1,1,0,8,2,1,11,0.0,141.97,60.36,37.68,240.01,240.01,1.0,0,0.0,90000.0,401200.0,232917.0,1,1,1,2,6,1,0,62.01,142.79,35.2,0.0
2026-02-07|Cleveland Charge|Greensboro Swarm,Greensboro Swarm,32,@ Cleveland Charge - 2026-02-07 - W 123-110,2026-02-07,Cleveland Charge,AWAY,W,123,110,0.0,375900.0,318218.0,1,1,1,0,8,2,0,10,0.0,187.74,52.25,0.0,239.99,239.99,1.0,0,0.0,135000.0,351200.0,232917.0,1,1,1,3,5,1,0,70.72,132.64,36.65,0.0
2026-02-11|Capital City Go-Go|Greensboro Swarm,Greensboro Swarm,33,VS Capital City Go-Go - 2026-02-11 - W 136-119,2026-02-11,Capital City Go-Go,HOME,W,136,119,45000.0,290600.0,85300.0,1,1,1,1,7,1,0,8,15.2,182.3,42.5,0.0,224.8,240.0,0.936667,0,0.0,180000.0,243250.0,0.0,1,1,1,4,4,0,0,108.94,131.05,0.0,0.0
2026-02-12|Capital City Go-Go|Greensboro Swarm,Greensboro Swarm,34,VS Capital City Go-Go - 2026-02-12 - W 119-107,2026-02-12,Capital City Go-Go,HOME,W,119,107,45000.0,290600.0,318218.0,1,1,1,1,7,2,0,9,4.48,167.1,68.42,0.0,235.52,240.0,0.981333,0,0.0,135000.0,413850.0,0.0,1,1,1,3,6,0,0,45.91,194.08,0.0,0.0
2026-02-20|Greensboro Swarm|Wisconsin Herd,Greensboro Swarm,35,@ Wisconsin Herd - 2026-02-20 - W 116-105,2026-02-20,Wisconsin Herd,AWAY,W,116,105,90000.0,350900.0,0.0,1,1,1,2,7,0,0,7,33.16,206.83,0.0,0.0,206.83,239.99,0.861828,0,0.0,135000.0,295900.0,170600.0,1,1,1,3,4,2,0,60.29,128.23,51.46,0.0
2026-02-21|Greensboro Swarm|Wisconsin Herd,Greensboro Swarm,36,@ Wisconsin Herd - 2026-02-21 - W 129-104,2026-02-21,Wisconsin Herd,AWAY,W,129,104,135000.0,290600.0,0.0,1,1,1,3,7,0,0,7,50.41,189.59,0.0,0.0,189.59,240.0,0.789958,0,0.0,180000.0,295900.0,170600.0,1,1,1,4,4,2,0,75.44,109.21,55.37,0.0
2026-02-24|Greensboro Swarm|Memphis Hustle,Greensboro Swarm,37,@ Memphis Hustle - 2026-02-24 - W 126-105,2026-02-24,Memphis Hustle,AWAY,W,126,105,135000.0,280600.0,551136.0,1,1,1,3,6,3,1,10,22.48,106.66,79.51,31.33,217.5,239.98,0.906326,0,0.0,180000.0,341200.0,0.0,1,1,1,4,4,0,0,109.61,130.39,0.0,0.0
2026-02-28|Greensboro Swarm|Raptors 905,Greensboro Swarm,38,@ Raptors 905 - 2026-02-28 - W 126-114,2026-02-28,Raptors 905,AWAY,W,126,114,45000.0,170300.0,551136.0,1,1,1,1,4,3,2,9,7.43,73.96,101.56,57.04,232.56,239.99,0.96904,0,0.0,135000.0,240600.0,318218.0,1,1,1,3,4,2,0,53.54,115.44,71.03,0.0
2026-03-01|Greensboro Swarm|Raptors 905,Greensboro Swarm,39,@ Raptors 905 - 2026-03-01 - W 141-106,2026-03-01,Raptors 905,AWAY,W,141,106,45000.0,195300.0,551136.0,1,1,1,1,5,3,2,10,5.0,99.97,83.12,51.9,234.99,239.99,0.979166,0,0.0,135000.0,240600.0,318218.0,1,1,1,3,4,2,0,66.87,112.85,60.29,0.0
2026-03-04|Greensboro Swarm|Long Island Nets,Greensboro Swarm,40,VS Long Island Nets - 2026-03-04 - L 111-116,2026-03-04,Long Island Nets,HOME,L,111,116,135000.0,195300.0,232918.0,1,1,1,3,5,1,1,7,35.77,141.76,29.75,32.72,204.23,240.0,0.850958,0,0.0,0.0,333250.0,320600.0,1,1,1,0,6,3,1,0.0,115.34,94.56,30.12
2026-03-06|Greensboro Swarm|Long Island Nets,Greensboro Swarm,41,VS Long Island Nets - 2026-03-06 - L 115-117,2026-03-06,Long Island Nets,HOME,L,115,117,90000.0,195300.0,551136.0,1,1,1,2,5,3,1,9,18.13,99.52,96.0,26.37,221.89,240.02,0.924465,0,0.0,0.0,333250.0,320600.0,1,1,1,0,6,3,1,0.0,117.74,91.84,30.4
2026-03-07|Greensboro Swarm|Motor City Cruise,Greensboro Swarm,42,VS Motor City Cruise - 2026-03-07 - L 118-133,2026-03-07,Motor City Cruise,HOME,L,118,133,90000.0,125300.0,551136.0,1,1,1,2,4,3,1,8,29.75,98.34,99.55,12.35,210.24,239.99,0.876037,0,0.0,180000.0,305900.0,85300.0,1,1,1,4,5,1,0,88.85,113.14,38.02,0.0
2026-03-10|Delaware Blue Coats|Greensboro Swarm,Greensboro Swarm,43,VS Delaware Blue Coats - 2026-03-10 - W 140-98,2026-03-10,Delaware Blue Coats,HOME,W,140,98,180000.0,280600.0,318218.0,1,1,1,4,6,2,0,8,41.32,141.83,56.85,0.0,198.68,240.0,0.827833,0,0.0,225000.0,260900.0,0.0,1,1,1,5,5,0,0,115.83,124.17,0.0,0.0
2026-03-11|Delaware Blue Coats|Greensboro Swarm,Greensboro Swarm,44,VS Delaware Blue Coats - 2026-03-11 - W 136-116,2026-03-11,Delaware Blue Coats,HOME,W,136,116,180000.0,280600.0,318218.0,1,1,1,4,6,2,0,8,42.52,142.49,54.99,0.0,197.48,240.0,0.822833,0,0.0,225000.0,260900.0,0.0,1,1,1,5,5,0,0,100.01,139.99,0.0,0.0
2026-03-13|Greensboro Swarm|Osceola Magic,Greensboro Swarm,45,VS Osceola Magic - 2026-03-13 - W 127-120,2026-03-13,Osceola Magic,HOME,W,127,120,90000.0,280600.0,318218.0,1,1,1,2,6,2,0,8,19.32,152.58,68.1,0.0,220.68,240.0,0.9195,0,0.0,135000.0,511800.0,85300.0,1,1,1,3,6,1,0,24.33,185.27,30.42,0.0
2026-03-18|Greensboro Swarm|Noblesville Boom,Greensboro Swarm,46,VS Noblesville Boom - 2026-03-18 - W 111-107,2026-03-18,Noblesville Boom,HOME,W,111,107,45000.0,280600.0,551136.0,1,1,1,1,6,3,1,10,8.27,99.21,100.55,31.98,231.74,240.01,0.965543,0,0.0,315000.0,170600.0,0.0,1,1,1,7,2,0,0,195.47,44.54,0.0,0.0
2026-03-22|Greensboro Swarm|Westchester Knicks,Greensboro Swarm,47,@ Westchester Knicks - 2026-03-22 - L 131-141,2026-03-22,Westchester Knicks,AWAY,L,131,141,45000.0,280600.0,551136.0,1,1,1,1,6,3,1,10,11.87,105.02,85.15,37.97,228.14,240.01,0.950544,0,0.0,90000.0,170600.0,85300.0,1,1,1,2,2,1,4,37.12,41.9,31.32,129.66
2026-03-25|Greensboro Swarm|Motor City Cruise,Greensboro Swarm,48,@ Motor City Cruise - 2026-03-25 - L 132-143,2026-03-25,Motor City Cruise,AWAY,L,132,143,90000.0,280600.0,551136.0,1,1,1,2,6,3,0,9,31.87,113.75,94.38,0.0,208.13,240.0,0.867208,0,0.0,135000.0,220600.0,318218.0,1,1,1,3,4,2,1,93.72,68.26,43.75,34.27
2026-03-27|College Park Skyhawks|Greensboro Swarm,Greensboro Swarm,49,VS College Park Skyhawks - 2026-03-27 - W 132-121,2026-03-27,College Park Skyhawks,HOME,W,132,121,90000.0,280600.0,551136.0,1,1,1,2,6,3,0,9,20.39,121.38,98.24,0.0,219.62,240.01,0.915045,0,0.0,225000.0,115300.0,150000.0,1,1,1,5,2,1,0,146.76,57.25,36.0,0.0
2026-03-28|College Park Skyhawks|Greensboro Swarm,Greensboro Swarm,50,VS College Park Skyhawks - 2026-03-28 - L 138-141,2026-03-28,College Park Skyhawks,HOME,L,138,141,45000.0,280600.0,551136.0,1,1,1,1,6,3,1,10,23.07,100.69,107.13,31.1,238.92,261.99,0.911943,0,0.0,225000.0,115300.0,150000.0,1,1,1,5,2,1,0,156.48,63.53,41.98,0.0
2025-11-07|Cleveland Charge|Iowa Wolves,Iowa Wolves,1,VS Cleveland Charge - 2025-11-07 - W 137-124,2025-11-07,Cleveland Charge,HOME,W,137,124,135000.0,416200.0,551136.0,1,1,1,3,6,3,0,9,36.87,123.7,79.47,0.0,203.17,240.04,0.846401,0,0.0,45000.0,571800.0,150000.0,1,1,1,1,8,1,0,18.87,190.85,30.33,0.0
2025-11-08|Cleveland Charge|Iowa Wolves,Iowa Wolves,2,VS Cleveland Charge - 2025-11-08 - W 130-123,2025-11-08,Cleveland Charge,HOME,W,130,123,90000.0,366200.0,551136.0,1,1,1,2,5,3,0,8,29.16,120.01,90.82,0.0,210.83,239.99,0.878495,0,0.0,45000.0,571800.0,150000.0,1,1,1,1,8,1,0,24.2,189.88,25.92,0.0
2025-11-13|Grand Rapids Gold|Iowa Wolves,Iowa Wolves,3,@ Grand Rapids Gold - 2025-11-13 - L 113-121,2025-11-13,Grand Rapids Gold,AWAY,L,113,121,135000.0,280900.0,318218.0,1,1,1,3,4,2,0,6,63.45,112.15,64.4,0.0,176.55,240.0,0.735625,0,0.0,45000.0,511800.0,465836.0,1,1,1,1,8,2,0,32.72,138.88,68.42,0.0
2025-11-16|Iowa Wolves|Noblesville Boom,Iowa Wolves,4,VS Noblesville Boom - 2025-11-16 - W 137-133,2025-11-16,Noblesville Boom,HOME,W,137,133,135000.0,255900.0,551136.0,1,1,1,3,3,3,0,6,61.55,92.52,85.93,0.0,178.45,240.0,0.743542,0,0.0,135000.0,426500.0,0.0,1,1,1,3,5,0,0,70.5,169.5,0.0,0.0
2025-11-17|Iowa Wolves|Noblesville Boom,Iowa Wolves,5,VS Noblesville Boom - 2025-11-17 - W 133-120,2025-11-17,Noblesville Boom,HOME,W,133,120,135000.0,341200.0,551136.0,1,1,1,3,4,3,0,7,39.27,111.0,89.74,0.0,200.74,240.01,0.836382,0,0.0,135000.0,426500.0,0.0,1,1,1,3,5,0,0,79.11,160.88,0.0,0.0
2025-11-20|Iowa Wolves|Windy City Bulls,Iowa Wolves,6,VS Windy City Bulls - 2025-11-20 - L 140-144,2025-11-20,Windy City Bulls,HOME,L,140,144,90000.0,366200.0,551136.0,1,1,1,2,5,3,0,8,19.2,126.78,94.03,0.0,220.81,240.01,0.920003,0,0.0,135000.0,426500.0,318217.0,1,1,1,3,5,2,0,39.6,131.08,69.32,0.0
2025-11-21|Iowa Wolves|Windy City Bulls,Iowa Wolves,7,VS Windy City Bulls - 2025-11-21 - W 156-128,2025-11-21,Windy City Bulls,HOME,W,156,128,135000.0,366200.0,551136.0,1,1,1,3,5,3,0,8,36.09,124.4,79.52,0.0,203.92,240.01,0.849631,0,0.0,180000.0,341200.0,318217.0,1,1,1,4,4,2,1,40.61,98.06,69.94,31.4
2025-11-29|Iowa Wolves|Motor City Cruise,Iowa Wolves,8,@ Motor City Cruise - 2025-11-29 - W 156-137,2025-11-29,Motor City Cruise,AWAY,W,156,137,135000.0,416200.0,318218.0,1,1,1,3,6,2,0,8,38.56,141.96,59.48,0.0,201.44,240.0,0.839333,0,0.0,225000.0,305900.0,318218.0,1,1,1,5,5,2,0,68.69,115.89,55.41,0.0
2025-12-04|Grand Rapids Gold|Iowa Wolves,Iowa Wolves,9,@ Grand Rapids Gold - 2025-12-04 - L 124-134,2025-12-04,Grand Rapids Gold,AWAY,L,124,134,90000.0,366200.0,318218.0,1,1,1,2,5,2,0,7,34.26,147.47,58.29,0.0,205.76,240.02,0.857262,0,0.0,45000.0,503270.0,232918.0,1,1,1,1,7,1,0,34.03,172.06,33.93,0.0
2025-12-06|Iowa Wolves|Sioux Falls Skyforce,Iowa Wolves,10,@ Sioux Falls Skyforce - 2025-12-06 - L 121-133,2025-12-06,Sioux Falls Skyforce,AWAY,L,121,133,90000.0,366200.0,551136.0,1,1,1,2,5,3,0,8,29.58,126.96,83.46,0.0,210.42,240.0,0.87675,0,0.0,45000.0,341200.0,170600.0,1,1,1,1,4,2,2,13.22,99.27,56.53,70.98
2025-12-07|Iowa Wolves|Sioux Falls Skyforce,Iowa Wolves,11,@ Sioux Falls Skyforce - 2025-12-07 - W 115-110,2025-12-07,Sioux Falls Skyforce,AWAY,W,115,110,90000.0,341200.0,551136.0,1,1,1,2,4,3,0,7,36.26,108.07,95.67,0.0,203.74,240.0,0.848917,0,0.0,135000.0,341200.0,85300.0,1,1,1,3,4,1,1,52.42,121.6,27.02,38.97
2025-12-12|Iowa Wolves|Motor City Cruise,Iowa Wolves,12,VS Motor City Cruise - 2025-12-12 - L 101-121,2025-12-12,Motor City Cruise,HOME,L,101,121,180000.0,391200.0,551136.0,1,1,1,4,5,3,0,8,55.92,105.7,78.38,0.0,184.08,240.0,0.767,0,0.0,180000.0,391200.0,318218.0,1,1,1,4,6,2,1,34.45,104.29,67.08,34.18
2025-12-14|Iowa Wolves|Wisconsin Herd,Iowa Wolves,13,@ Wisconsin Herd - 2025-12-14 - L 102-107,2025-12-14,Wisconsin Herd,AWAY,L,102,107,90000.0,330900.0,551136.0,1,1,1,2,5,3,0,8,50.85,101.02,88.14,0.0,189.16,240.01,0.788134,0,0.0,45000.0,210600.0,170600.0,1,1,1,1,3,2,1,39.03,108.4,66.62,25.97
2025-12-16|Iowa Wolves|Wisconsin Herd,Iowa Wolves,14,@ Wisconsin Herd - 2025-12-16 - W 110-108,2025-12-16,Wisconsin Herd,AWAY,W,110,108,90000.0,305900.0,551136.0,1,1,1,2,4,3,0,7,53.98,97.56,88.45,0.0,186.01,239.99,0.775074,0,0.0,135000.0,210600.0,170600.0,1,1,1,3,3,2,1,72.04,87.61,48.32,32.03
2025-12-20|Birmingham Squadron|Iowa Wolves,Iowa Wolves,15,VS Birmingham Squadron - 2025-12-20 - W 117-101,2025-12-20,Birmingham Squadron,HOME,W,117,101,90000.0,305900.0,551136.0,1,1,1,2,4,3,0,7,40.78,103.79,95.44,0.0,199.23,240.01,0.83009,0,0.0,90000.0,441200.0,465836.0,1,1,1,2,6,2,0,60.95,111.8,67.25,0.0
2025-12-22|Iowa Wolves|Westchester Knicks,Iowa Wolves,16,@ Westchester Knicks - 2025-12-22 - W 132-104,2025-12-22,Westchester Knicks,AWAY,W,132,104,180000.0,330900.0,551136.0,1,1,1,4,5,3,0,8,63.58,95.2,81.22,0.0,176.42,240.0,0.735083,0,0.0,180000.0,356200.0,85300.0,1,1,1,4,5,1,1,73.55,101.63,34.73,30.08
2025-12-27|Greensboro Swarm|Iowa Wolves,Iowa Wolves,17,@ Greensboro Swarm - 2025-12-27 - L 117-123,2025-12-27,Greensboro Swarm,AWAY,L,117,123,135000.0,330900.0,85300.0,1,1,1,3,5,1,0,6,84.82,117.18,38.03,0.0,155.21,240.03,0.646628,0,0.0,45000.0,456200.0,318218.0,1,1,1,1,8,2,1,17.93,119.67,66.92,35.48
2025-12-29|Delaware Blue Coats|Iowa Wolves,Iowa Wolves,18,@ Delaware Blue Coats - 2025-12-29 - W 136-115,2025-12-29,Delaware Blue Coats,AWAY,W,136,115,135000.0,280900.0,318218.0,1,1,1,3,4,2,0,6,71.37,107.51,61.14,0.0,168.65,240.02,0.70265,0,0.0,135000.0,351200.0,0.0,1,1,1,3,7,0,0,45.13,194.87,0.0,0.0
2025-12-31|Delaware Blue Coats|Iowa Wolves,Iowa Wolves,19,@ Delaware Blue Coats - 2025-12-31 - L 118-119,2025-12-31,Delaware Blue Coats,AWAY,L,118,119,135000.0,280900.0,318218.0,1,1,1,3,4,2,0,6,59.73,119.88,60.39,0.0,180.27,240.0,0.751125,0,0.0,180000.0,346200.0,0.0,1,1,1,4,6,0,0,62.27,177.76,0.0,0.0
2026-01-03|Iowa Wolves|Sioux Falls Skyforce,Iowa Wolves,20,VS Sioux Falls Skyforce - 2026-01-03 - L 114-120,2026-01-03,Sioux Falls Skyforce,HOME,L,114,120,135000.0,330900.0,465836.0,1,1,1,3,5,2,0,7,74.89,108.14,56.98,0.0,165.12,240.01,0.687971,0,0.0,45000.0,341200.0,170600.0,1,1,1,1,4,2,2,5.98,95.23,68.93,69.85
2026-01-04|Iowa Wolves|Sioux Falls Skyforce,Iowa Wolves,21,VS Sioux Falls Skyforce - 2026-01-04 - W 120-110,2026-01-04,Sioux Falls Skyforce,HOME,W,120,110,135000.0,330900.0,232918.0,1,1,1,3,5,1,0,6,84.0,123.09,32.92,0.0,156.01,240.01,0.650015,0,0.0,45000.0,341200.0,170600.0,1,1,1,1,4,2,2,11.7,82.76,69.59,75.95
2026-01-09|Iowa Wolves|San Diego Clippers,Iowa Wolves,22,@ San Diego Clippers - 2026-01-09 - L 118-125,2026-01-09,San Diego Clippers,AWAY,L,118,125,90000.0,330900.0,465836.0,1,1,1,2,5,2,0,7,48.11,136.0,55.9,0.0,191.9,240.01,0.79955,0,0.0,180000.0,353850.0,0.0,1,1,1,4,5,0,0,89.53,150.47,0.0,0.0
2026-01-10|Iowa Wolves|San Diego Clippers,Iowa Wolves,23,@ San Diego Clippers - 2026-01-10 - W 105-98,2026-01-10,San Diego Clippers,AWAY,W,105,98,135000.0,280900.0,465836.0,1,1,1,3,4,2,0,6,56.74,119.7,63.6,0.0,183.3,240.04,0.763623,0,0.0,135000.0,353850.0,0.0,1,1,1,3,5,0,0,75.75,164.26,0.0,0.0
2026-01-13|Iowa Wolves|Valley Suns,Iowa Wolves,24,@ Valley Suns - 2026-01-13 - W 130-123,2026-01-13,Valley Suns,AWAY,W,130,123,135000.0,280900.0,465836.0,1,1,1,3,4,2,0,6,53.1,123.88,63.0,0.0,186.88,239.98,0.778732,0,0.0,135000.0,446500.0,0.0,1,1,1,3,6,0,0,68.01,172.0,0.0,0.0
2026-01-15|Iowa Wolves|Valley Suns,Iowa Wolves,25,@ Valley Suns - 2026-01-15 - W 137-127,2026-01-15,Valley Suns,AWAY,W,137,127,135000.0,280900.0,465836.0,1,1,1,3,4,2,0,6,51.61,122.4,66.0,0.0,188.4,240.01,0.784967,0,0.0,135000.0,446500.0,0.0,1,1,1,3,6,0,0,75.43,164.57,0.0,0.0
2026-01-18|Iowa Wolves|Long Island Nets,Iowa Wolves,26,VS Long Island Nets - 2026-01-18 - L 115-124,2026-01-18,Long Island Nets,HOME,L,115,124,180000.0,280900.0,232918.0,1,1,1,4,4,1,0,5,89.09,124.8,26.12,0.0,150.92,240.01,0.628807,0,0.0,45000.0,247950.0,320600.0,1,1,1,1,5,3,1,40.27,89.11,84.77,25.85
2026-01-19|Iowa Wolves|Long Island Nets,Iowa Wolves,27,VS Long Island Nets - 2026-01-19 - L 106-108,2026-01-19,Long Island Nets,HOME,L,106,108,180000.0,280900.0,232918.0,1,1,1,4,4,1,0,5,98.47,114.21,27.32,0.0,141.53,240.0,0.589708,0,0.0,45000.0,283250.0,320600.0,1,1,1,1,5,3,1,36.57,96.58,79.93,26.92
2026-01-24|Iowa Wolves|Memphis Hustle,Iowa Wolves,28,VS Memphis Hustle - 2026-01-24 - W 127-109,2026-01-24,Memphis Hustle,HOME,W,127,109,135000.0,330900.0,465836.0,1,1,1,3,5,2,0,7,57.38,122.11,60.5,0.0,182.61,239.99,0.760907,0,0.0,180000.0,426500.0,270668.0,1,1,1,4,5,1,0,64.53,143.84,31.63,0.0
2026-01-26|Iowa Wolves|Rio Grande Valley Vipers,Iowa Wolves,29,VS Rio Grande Valley Vipers - 2026-01-26 - W 136-129,2026-01-26,Rio Grande Valley Vipers,HOME,W,136,129,180000.0,330900.0,465836.0,1,1,1,4,5,2,0,7,67.72,108.14,64.15,0.0,172.29,240.01,0.717845,0,0.0,225000.0,30000.0,465836.0,1,1,1,5,1,2,0,146.69,22.95,70.37,0.0
2026-01-27|Iowa Wolves|Mexico City Capitanes,Iowa Wolves,30,VS Mexico City Capitanes - 2026-01-27 - W 113-104,2026-01-27,Mexico City Capitanes,HOME,W,113,104,180000.0,280900.0,465836.0,1,1,1,4,4,2,0,6,65.3,112.91,61.78,0.0,174.69,239.99,0.727905,0,0.0,495000.0,0.0,0.0,1,1,1,11,0,0,0,240.01,0.0,0.0,0.0
2026-01-30|Iowa Wolves|Santa Cruz Warriors,Iowa Wolves,31,@ Santa Cruz Warriors - 2026-01-30 - L 101-108,2026-01-30,Santa Cruz Warriors,AWAY,L,101,108,135000.0,330900.0,465836.0,1,1,1,3,5,2,0,7,69.95,108.94,61.17,0.0,170.11,240.06,0.708615,0,0.0,225000.0,110300.0,85300.0,1,1,1,5,2,1,0,153.14,48.0,38.85,0.0
2026-01-31|Iowa Wolves|Santa Cruz Warriors,Iowa Wolves,32,@ Santa Cruz Warriors - 2026-01-31 - W 127-123,2026-01-31,Santa Cruz Warriors,AWAY,W,127,123,135000.0,330900.0,465836.0,1,1,1,3,5,2,0,7,65.85,123.52,61.8,0.0,185.32,251.17,0.737827,0,0.0,225000.0,195600.0,0.0,1,1,1,5,3,0,0,175.2,75.96,0.0,0.0
2026-02-03|Iowa Wolves|Stockton Kings,Iowa Wolves,33,@ Stockton Kings - 2026-02-03 - W 114-109,2026-02-03,Stockton Kings,AWAY,W,114,109,135000.0,280900.0,465836.0,1,1,1,3,4,2,0,6,63.68,111.33,64.98,0.0,176.31,239.99,0.734656,0,0.0,45000.0,368400.0,307918.0,1,1,1,1,6,2,0,8.77,156.31,74.93,0.0
2026-02-07|Iowa Wolves|Maine Celtics,Iowa Wolves,34,VS Maine Celtics - 2026-02-07 - W 123-120,2026-02-07,Maine Celtics,HOME,W,123,120,180000.0,160300.0,232918.0,1,1,1,4,3,1,0,4,125.45,87.25,27.3,0.0,114.55,240.0,0.477292,0,0.0,180000.0,185300.0,85300.0,1,1,1,4,3,1,0,99.05,102.36,38.58,0.0
2026-02-10|Austin Spurs|Iowa Wolves,Iowa Wolves,35,VS Austin Spurs - 2026-02-10 - L 124-130,2026-02-10,Austin Spurs,HOME,L,124,130,180000.0,170600.0,232918.0,1,1,1,4,2,1,1,4,111.73,75.38,32.47,20.4,128.25,239.98,0.53442,0,0.0,225000.0,100300.0,170600.0,1,1,1,5,2,2,0,121.83,47.76,70.41,0.0
2026-02-11|Austin Spurs|Iowa Wolves,Iowa Wolves,36,VS Austin Spurs - 2026-02-11 - L 120-135,2026-02-11,Austin Spurs,HOME,L,120,135,180000.0,220600.0,232918.0,1,1,1,4,3,1,1,5,100.17,87.41,31.43,21.02,139.86,240.03,0.582677,0,0.0,225000.0,185600.0,170600.0,1,1,1,5,3,2,0,90.17,81.24,68.6,0.0
2026-02-22|Iowa Wolves|Rio Grande Valley Vipers,Iowa Wolves,37,VS Rio Grande Valley Vipers - 2026-02-22 - L 115-117,2026-02-22,Rio Grande Valley Vipers,HOME,L,115,117,180000.0,280900.0,232918.0,1,1,1,4,4,1,0,5,97.68,111.51,30.78,0.0,142.29,239.97,0.592949,0,0.0,180000.0,215600.0,85300.0,1,1,1,4,4,1,0,101.77,113.98,24.28,0.0
2026-02-25|Iowa Wolves|Stockton Kings,Iowa Wolves,38,@ Stockton Kings - 2026-02-25 - L 118-131,2026-02-25,Stockton Kings,AWAY,L,118,131,225000.0,255900.0,465836.0,1,1,1,5,3,2,0,5,95.56,88.68,55.77,0.0,144.45,240.01,0.60185,0,0.0,180000.0,255600.0,0.0,1,1,1,4,4,0,0,96.73,143.26,0.0,0.0
2026-02-27|Iowa Wolves|Mexico City Capitanes,Iowa Wolves,39,VS Mexico City Capitanes - 2026-02-27 - W 118-117,2026-02-27,Mexico City Capitanes,HOME,W,118,117,180000.0,280900.0,465836.0,1,1,1,4,4,2,0,6,66.03,105.19,68.82,0.0,174.01,240.04,0.724921,0,0.0,360000.0,0.0,0.0,1,1,1,8,0,0,0,240.01,0.0,0.0,0.0
2026-03-02|Iowa Wolves|Rip City Remix,Iowa Wolves,40,@ Rip City Remix - 2026-03-02 - W 122-95,2026-03-02,Rip City Remix,AWAY,W,122,95,180000.0,195600.0,465836.0,1,1,1,4,3,2,0,5,100.59,80.58,58.85,0.0,139.43,240.02,0.58091,0,0.0,225000.0,255900.0,232917.0,1,1,1,5,3,1,0,124.2,80.39,35.4,0.0
2026-03-04|Iowa Wolves|Rip City Remix,Iowa Wolves,41,@ Rip City Remix - 2026-03-04 - W 136-117,2026-03-04,Rip City Remix,AWAY,W,136,117,225000.0,195600.0,465836.0,1,1,1,5,3,2,0,5,90.1,90.09,59.8,0.0,149.89,239.99,0.624568,0,0.0,270000.0,255900.0,232917.0,1,1,1,6,3,1,0,132.73,73.42,33.85,0.0
2026-03-08|Iowa Wolves|Memphis Hustle,Iowa Wolves,42,VS Memphis Hustle - 2026-03-08 - L 132-142,2026-03-08,Memphis Hustle,HOME,L,132,142,180000.0,280900.0,232918.0,1,1,1,4,4,1,0,5,105.92,93.03,41.05,0.0,134.08,240.0,0.558667,0,0.0,180000.0,255900.0,318218.0,1,1,1,4,3,2,0,83.77,101.63,54.6,0.0
2026-03-11|Iowa Wolves|South Bay Lakers,Iowa Wolves,43,@ South Bay Lakers - 2026-03-11 - L 116-123,2026-03-11,South Bay Lakers,AWAY,L,116,123,315000.0,170600.0,232918.0,1,1,1,7,2,1,0,3,140.74,69.48,29.78,0.0,99.26,240.0,0.413583,0,0.0,45000.0,255900.0,784054.0,1,1,1,1,3,4,2,28.62,48.31,114.39,48.68
2026-03-13|Iowa Wolves|South Bay Lakers,Iowa Wolves,44,@ South Bay Lakers - 2026-03-13 - L 106-125,2026-03-13,South Bay Lakers,AWAY,L,106,125,270000.0,170600.0,232918.0,1,1,1,6,2,1,0,3,149.28,61.15,29.58,0.0,90.73,240.01,0.378026,0,0.0,90000.0,255900.0,551136.0,1,1,1,2,3,3,2,36.06,73.67,73.6,56.68
2026-03-16|Iowa Wolves|Salt Lake City Stars,Iowa Wolves,45,VS Salt Lake City Stars - 2026-03-16 - W 132-106,2026-03-16,Salt Lake City Stars,HOME,W,132,106,315000.0,220600.0,232918.0,1,1,1,7,3,1,1,5,125.21,58.22,26.95,29.63,114.8,240.01,0.478313,0,0.0,180000.0,341200.0,0.0,1,1,1,4,4,0,0,116.96,123.03,0.0,0.0
2026-03-18|Iowa Wolves|Salt Lake City Stars,Iowa Wolves,46,VS Salt Lake City Stars - 2026-03-18 - W 132-110,2026-03-18,Salt Lake City Stars,HOME,W,132,110,270000.0,135300.0,465836.0,1,1,1,6,2,2,1,5,101.21,36.72,62.42,39.67,138.81,240.02,0.578327,0,0.0,225000.0,426500.0,0.0,1,1,1,5,5,0,0,116.71,123.3,0.0,0.0
2026-03-20|Iowa Wolves|Texas Legends,Iowa Wolves,47,@ Texas Legends - 2026-03-20 - W 110-103,2026-03-20,Texas Legends,AWAY,W,110,103,225000.0,135300.0,465836.0,1,1,1,5,2,2,0,4,111.78,52.01,76.2,0.0,128.21,239.99,0.534231,0,0.0,45000.0,381200.0,465836.0,1,1,1,1,5,2,1,14.65,137.2,63.34,24.82
2026-03-22|Iowa Wolves|Texas Legends,Iowa Wolves,48,@ Texas Legends - 2026-03-22 - L 106-109,2026-03-22,Texas Legends,AWAY,L,106,109,225000.0,135300.0,465836.0,1,1,1,5,2,2,0,4,110.77,57.75,71.48,0.0,129.23,240.0,0.538458,0,0.0,0.0,381200.0,551136.0,1,1,1,0,5,3,1,0.0,120.86,82.99,36.15
2026-03-26|Iowa Wolves|Oklahoma City Blue,Iowa Wolves,49,VS Oklahoma City Blue - 2026-03-26 - W 133-106,2026-03-26,Oklahoma City Blue,HOME,W,133,106,270000.0,160300.0,465836.0,1,1,1,6,3,2,0,5,122.5,56.38,61.12,0.0,117.5,240.0,0.489583,0,0.0,180000.0,170600.0,0.0,1,1,1,4,2,0,1,126.62,79.54,0.0,33.85
2026-03-28|Iowa Wolves|Oklahoma City Blue,Iowa Wolves,50,VS Oklahoma City Blue - 2026-03-28 - W 132-117,2026-03-28,Oklahoma City Blue,HOME,W,132,117,270000.0,160300.0,232918.0,1,1,1,6,3,1,0,4,143.68,60.39,35.93,0.0,96.32,240.0,0.401333,0,0.0,225000.0,170600.0,0.0,1,1,1,5,2,0,1,143.59,66.17,0.0,30.25
2025-11-07|Capital City Go-Go|Long Island Nets,Long Island Nets,1,VS Capital City Go-Go - 2025-11-07 - W 109-102,2025-11-07,Capital City Go-Go,HOME,W,109,102,90000.0,350900.0,0.0,1,1,1,2,5,0,3,8,51.54,103.98,0.0,84.49,188.47,240.01,0.785259,0,0.0,90000.0,584450.0,0.0,1,1,1,2,8,0,0,16.32,223.68,0.0,0.0
2025-11-09|Capital City Go-Go|Long Island Nets,Long Island Nets,2,VS Capital City Go-Go - 2025-11-09 - L 105-112,2025-11-09,Capital City Go-Go,HOME,L,105,112,90000.0,350900.0,0.0,1,1,1,2,5,0,3,8,45.92,110.12,0.0,83.94,194.06,239.98,0.808651,0,0.0,90000.0,584450.0,0.0,1,1,1,2,8,0,0,23.7,216.31,0.0,0.0
2025-11-14|Long Island Nets|Maine Celtics,Long Island Nets,3,@ Maine Celtics - 2025-11-14 - L 92-116,2025-11-14,Maine Celtics,AWAY,L,92,116,90000.0,461200.0,0.0,1,1,1,2,7,0,3,10,48.03,105.47,0.0,86.5,191.97,240.0,0.799875,0,0.0,225000.0,270600.0,403518.0,1,1,1,5,4,3,0,61.29,85.77,92.94,0.0
2025-11-15|Long Island Nets|Maine Celtics,Long Island Nets,4,@ Maine Celtics - 2025-11-15 - L 116-127,2025-11-15,Maine Celtics,AWAY,L,116,127,90000.0,283250.0,0.0,1,1,1,2,5,0,3,8,51.35,119.67,0.0,68.98,188.65,240.0,0.786042,0,0.0,135000.0,270600.0,403518.0,1,1,1,3,4,3,0,37.63,98.98,103.37,0.0
2025-11-22|Greensboro Swarm|Long Island Nets,Long Island Nets,5,VS Greensboro Swarm - 2025-11-22 - W 128-113,2025-11-22,Greensboro Swarm,HOME,W,128,113,90000.0,428850.0,0.0,1,1,1,2,6,0,2,8,44.52,127.3,0.0,68.18,195.48,240.0,0.8145,0,0.0,90000.0,386200.0,0.0,1,1,1,2,7,0,1,38.12,168.18,0.0,33.72
2025-11-24|Greensboro Swarm|Long Island Nets,Long Island Nets,6,VS Greensboro Swarm - 2025-11-24 - L 114-126,2025-11-24,Greensboro Swarm,HOME,L,114,126,90000.0,428850.0,0.0,1,1,1,2,6,0,2,8,51.5,116.56,0.0,71.95,188.51,240.01,0.785426,0,0.0,90000.0,265900.0,403518.0,1,1,1,2,4,3,1,30.69,84.48,92.13,32.72
2025-11-26|College Park Skyhawks|Long Island Nets,Long Island Nets,7,@ College Park Skyhawks - 2025-11-26 - W 125-101,2025-11-26,College Park Skyhawks,AWAY,W,125,101,90000.0,393550.0,0.0,1,1,1,2,6,0,2,8,35.13,139.53,0.0,65.35,204.88,240.01,0.853631,0,0.0,135000.0,355900.0,403517.0,1,1,1,3,6,3,0,36.24,132.84,70.92,0.0
2025-11-29|Long Island Nets|Raptors 905,Long Island Nets,8,VS Raptors 905 - 2025-11-29 - L 102-130,2025-11-29,Raptors 905,HOME,L,102,130,90000.0,418550.0,0.0,1,1,1,2,7,0,1,8,40.85,174.2,0.0,24.95,199.15,240.0,0.829792,0,0.0,90000.0,375900.0,403518.0,1,1,1,2,6,3,0,31.32,120.04,88.65,0.0
2025-12-01|Long Island Nets|Raptors 905,Long Island Nets,9,VS Raptors 905 - 2025-12-01 - L 113-120,2025-12-01,Raptors 905,HOME,L,113,120,90000.0,418550.0,0.0,1,1,1,2,7,0,1,8,46.28,158.5,0.0,35.22,193.72,240.0,0.807167,0,0.0,45000.0,425900.0,318218.0,1,1,1,1,7,2,0,32.8,134.94,72.27,0.0
2025-12-05|Delaware Blue Coats|Long Island Nets,Long Island Nets,10,@ Delaware Blue Coats - 2025-12-05 - W 125-106,2025-12-05,Delaware Blue Coats,AWAY,W,125,106,45000.0,368550.0,170600.0,1,1,1,1,6,2,1,9,30.43,129.21,47.87,32.5,209.58,240.01,0.873214,0,0.0,45000.0,444000.0,0.0,1,1,1,1,9,0,0,7.62,232.38,0.0,0.0
2025-12-06|Delaware Blue Coats|Long Island Nets,Long Island Nets,11,@ Delaware Blue Coats - 2025-12-06 - W 137-134,2025-12-06,Delaware Blue Coats,AWAY,W,137,134,45000.0,368550.0,170600.0,1,1,1,1,6,2,1,9,41.55,105.91,73.57,36.57,216.05,257.6,0.838703,0,0.0,45000.0,396350.0,232918.0,1,1,1,1,7,1,0,36.5,185.9,35.18,0.0
2025-12-09|College Park Skyhawks|Long Island Nets,Long Island Nets,12,VS College Park Skyhawks - 2025-12-09 - L 107-114,2025-12-09,College Park Skyhawks,HOME,L,107,114,45000.0,258250.0,170600.0,1,1,1,1,4,2,3,9,34.1,68.11,63.43,87.37,218.91,253.01,0.865223,0,0.0,135000.0,270600.0,318217.0,1,1,1,3,5,2,0,37.26,145.36,70.36,0.0
2025-12-10|Long Island Nets|Westchester Knicks,Long Island Nets,13,@ Westchester Knicks - 2025-12-10 - W 115-95,2025-12-10,Westchester Knicks,AWAY,W,115,95,45000.0,350900.0,85300.0,1,1,1,1,5,1,3,9,30.43,112.85,16.73,79.98,209.56,239.99,0.873203,0,0.0,90000.0,195600.0,255900.0,1,1,1,2,3,3,1,33.17,89.05,87.69,30.1
2025-12-12|Long Island Nets|Westchester Knicks,Long Island Nets,14,@ Westchester Knicks - 2025-12-12 - W 110-103,2025-12-12,Westchester Knicks,AWAY,W,110,103,45000.0,333250.0,85300.0,1,1,1,1,6,1,0,7,38.68,165.67,35.65,0.0,201.32,240.0,0.838833,0,0.0,180000.0,210600.0,0.0,1,1,1,4,4,0,0,117.79,122.22,0.0,0.0
2025-12-20|Long Island Nets|Mexico City Capitanes,Long Island Nets,15,@ Mexico City Capitanes - 2025-12-20 - L 102-111,2025-12-20,Mexico City Capitanes,AWAY,L,102,111,45000.0,343550.0,170600.0,1,1,1,1,5,2,2,9,24.63,106.22,59.63,49.51,215.36,239.99,0.897371,0,0.0,450000.0,0.0,0.0,1,1,1,10,0,0,0,240.01,0.0,0.0,0.0
2025-12-22|Long Island Nets|Oklahoma City Blue,Long Island Nets,16,VS Oklahoma City Blue - 2025-12-22 - W 116-97,2025-12-22,Oklahoma City Blue,HOME,W,116,97,90000.0,393550.0,170600.0,1,1,1,2,6,2,1,9,33.35,103.09,66.47,37.1,206.66,240.01,0.861047,0,0.0,135000.0,341200.0,0.0,1,1,1,3,4,0,0,130.55,109.44,0.0,0.0
2025-12-28|College Park Skyhawks|Long Island Nets,Long Island Nets,17,@ College Park Skyhawks - 2025-12-28 - W 119-111,2025-12-28,College Park Skyhawks,AWAY,W,119,111,45000.0,333250.0,170600.0,1,1,1,1,6,2,1,9,35.32,109.57,57.01,38.1,204.68,240.0,0.852833,0,0.0,180000.0,355900.0,85300.0,1,1,1,4,6,1,0,42.91,166.8,30.28,0.0
2026-01-02|Cleveland Charge|Long Island Nets,Long Island Nets,18,@ Cleveland Charge - 2026-01-02 - L 126-131,2026-01-02,Cleveland Charge,AWAY,L,126,131,90000.0,333250.0,235300.0,1,1,1,2,6,2,1,9,34.05,129.25,68.37,24.92,222.54,256.59,0.867298,0,0.0,90000.0,401200.0,232917.0,1,1,1,2,6,1,0,42.33,172.8,41.45,0.0
2026-01-04|Long Island Nets|San Diego Clippers,Long Island Nets,19,VS San Diego Clippers - 2026-01-04 - W 119-115,2026-01-04,San Diego Clippers,HOME,W,119,115,90000.0,258250.0,320600.0,1,1,1,2,4,3,1,8,54.47,58.05,100.1,27.38,185.53,240.0,0.773042,0,0.0,180000.0,439150.0,0.0,1,1,1,4,6,0,0,84.52,155.48,0.0,0.0
2026-01-06|Long Island Nets|San Diego Clippers,Long Island Nets,20,VS San Diego Clippers - 2026-01-06 - L 125-126,2026-01-06,San Diego Clippers,HOME,L,125,126,90000.0,308250.0,320600.0,1,1,1,2,5,3,0,8,53.61,110.01,76.37,0.0,186.38,239.99,0.776616,0,0.0,180000.0,353850.0,0.0,1,1,1,4,5,0,0,76.22,163.78,0.0,0.0
2026-01-08|Long Island Nets|Wisconsin Herd,Long Island Nets,21,VS Wisconsin Herd - 2026-01-08 - L 101-108,2026-01-08,Wisconsin Herd,HOME,L,101,108,90000.0,308250.0,235300.0,1,1,1,2,5,2,0,7,42.1,121.85,76.05,0.0,197.9,240.0,0.824583,0,0.0,90000.0,250600.0,318218.0,1,1,1,2,4,2,1,33.39,121.77,51.97,32.87
2026-01-09|Long Island Nets|Wisconsin Herd,Long Island Nets,22,VS Wisconsin Herd - 2026-01-09 - W 121-112,2026-01-09,Wisconsin Herd,HOME,W,121,112,45000.0,393550.0,235300.0,1,1,1,1,6,2,0,8,39.27,137.46,63.27,0.0,200.73,240.0,0.836375,0,0.0,180000.0,250600.0,318218.0,1,1,1,4,4,2,0,71.14,115.35,53.52,0.0
2026-01-12|Long Island Nets|Stockton Kings,Long Island Nets,23,VS Stockton Kings - 2026-01-12 - L 112-118,2026-01-12,Stockton Kings,HOME,L,112,118,45000.0,418550.0,0.0,1,1,1,1,7,0,1,8,37.5,178.7,0.0,23.8,202.5,240.0,0.84375,0,0.0,180000.0,283100.0,75000.0,1,1,1,4,5,1,0,77.28,120.14,42.57,0.0
2026-01-14|Capital City Go-Go|Long Island Nets,Long Island Nets,24,@ Capital City Go-Go - 2026-01-14 - W 104-101,2026-01-14,Capital City Go-Go,AWAY,W,104,101,45000.0,418550.0,85300.0,1,1,1,1,7,1,1,9,39.17,152.11,24.55,24.17,200.83,240.0,0.836792,0,0.0,135000.0,328550.0,465836.0,1,1,1,3,5,2,0,37.25,141.07,61.66,0.0
2026-01-18|Iowa Wolves|Long Island Nets,Long Island Nets,25,@ Iowa Wolves - 2026-01-18 - W 124-115,2026-01-18,Iowa Wolves,AWAY,W,124,115,45000.0,247950.0,320600.0,1,1,1,1,5,3,1,9,40.27,89.11,84.77,25.85,199.73,240.0,0.832208,0,0.0,180000.0,280900.0,232918.0,1,1,1,4,4,1,0,89.09,124.8,26.12,0.0
2026-01-19|Iowa Wolves|Long Island Nets,Long Island Nets,26,@ Iowa Wolves - 2026-01-19 - W 108-106,2026-01-19,Iowa Wolves,AWAY,W,108,106,45000.0,283250.0,320600.0,1,1,1,1,5,3,1,9,36.57,96.58,79.93,26.92,203.43,240.0,0.847625,0,0.0,180000.0,280900.0,232918.0,1,1,1,4,4,1,0,98.47,114.21,27.32,0.0
2026-01-21|Long Island Nets|Sioux Falls Skyforce,Long Island Nets,27,@ Sioux Falls Skyforce - 2026-01-21 - L 110-119,2026-01-21,Sioux Falls Skyforce,AWAY,L,110,119,90000.0,368550.0,320600.0,1,1,1,2,6,3,1,10,32.73,98.22,85.76,23.3,207.28,240.01,0.863631,0,0.0,135000.0,426500.0,170600.0,1,1,1,3,5,2,0,32.85,145.51,61.64,0.0
2026-01-23|Long Island Nets|Raptors 905,Long Island Nets,28,VS Raptors 905 - 2026-01-23 - W 109-93,2026-01-23,Raptors 905,HOME,W,109,93,45000.0,428850.0,320600.0,1,1,1,1,6,3,1,10,38.33,107.21,68.54,25.93,201.68,240.01,0.840298,0,0.0,135000.0,390900.0,0.0,1,1,1,3,6,0,0,66.08,173.92,0.0,0.0
2026-01-26|Long Island Nets|Motor City Cruise,Long Island Nets,29,VS Motor City Cruise - 2026-01-26 - W 112-106,2026-01-26,Motor City Cruise,HOME,W,112,106,45000.0,453850.0,235300.0,1,1,1,1,7,2,0,9,37.0,136.81,66.2,0.0,203.01,240.01,0.84584,0,0.0,180000.0,135300.0,318218.0,1,1,1,4,3,2,0,95.35,81.57,63.08,0.0
2026-01-28|Long Island Nets|Motor City Cruise,Long Island Nets,30,VS Motor City Cruise - 2026-01-28 - L 104-106,2026-01-28,Motor City Cruise,HOME,L,104,106,45000.0,368550.0,235300.0,1,1,1,1,6,2,0,8,39.25,135.89,64.87,0.0,200.76,240.01,0.836465,0,0.0,225000.0,135300.0,85300.0,1,1,1,5,3,1,0,114.91,94.12,30.97,0.0
2026-02-02|Grand Rapids Gold|Long Island Nets,Long Island Nets,31,VS Grand Rapids Gold - 2026-02-02 - W 115-107,2026-02-02,Grand Rapids Gold,HOME,W,115,107,45000.0,368550.0,320600.0,1,1,1,1,6,3,0,9,38.8,116.13,85.07,0.0,201.2,240.0,0.838333,0,0.0,90000.0,503270.0,232918.0,1,1,1,2,7,1,0,15.11,186.07,38.83,0.0
2026-02-05|Long Island Nets|Windy City Bulls,Long Island Nets,32,@ Windy City Bulls - 2026-02-05 - W 143-123,2026-02-05,Windy City Bulls,AWAY,W,143,123,90000.0,503850.0,320600.0,1,1,1,2,8,3,0,11,30.58,131.84,77.57,0.0,209.41,239.99,0.872578,0,0.0,180000.0,341200.0,0.0,1,1,1,4,4,0,0,114.53,125.47,0.0,0.0
2026-02-06|Long Island Nets|Windy City Bulls,Long Island Nets,33,@ Windy City Bulls - 2026-02-06 - L 127-133,2026-02-06,Windy City Bulls,AWAY,L,127,133,45000.0,247950.0,320600.0,1,1,1,1,5,3,0,8,33.2,124.2,82.6,0.0,206.8,240.0,0.861667,0,0.0,180000.0,341200.0,85300.0,1,1,1,4,4,1,0,84.02,118.29,37.68,0.0
2026-02-08|Long Island Nets|Noblesville Boom,Long Island Nets,34,VS Noblesville Boom - 2026-02-08 - W 110-94,2026-02-08,Noblesville Boom,HOME,W,110,94,90000.0,503850.0,320600.0,1,1,1,2,8,3,0,11,37.4,125.76,76.84,0.0,202.6,240.0,0.844167,0,0.0,225000.0,341200.0,232918.0,1,1,1,5,4,1,0,90.85,110.46,38.68,0.0
2026-02-10|Long Island Nets|Noblesville Boom,Long Island Nets,35,VS Noblesville Boom - 2026-02-10 - L 117-121,2026-02-10,Noblesville Boom,HOME,L,117,121,45000.0,418550.0,320600.0,1,1,1,1,7,3,0,10,36.5,114.92,88.6,0.0,203.52,240.02,0.847929,0,0.0,180000.0,341200.0,0.0,1,1,1,4,4,0,0,122.54,117.46,0.0,0.0
2026-02-12|Delaware Blue Coats|Long Island Nets,Long Island Nets,36,@ Delaware Blue Coats - 2026-02-12 - W 123-107,2026-02-12,Delaware Blue Coats,AWAY,W,123,107,45000.0,373550.0,320600.0,1,1,1,1,6,3,0,9,31.43,123.63,84.94,0.0,208.57,240.0,0.869042,0,0.0,90000.0,388850.0,85300.0,1,1,1,2,6,1,0,27.31,178.8,33.88,0.0
2026-02-19|Birmingham Squadron|Long Island Nets,Long Island Nets,37,@ Birmingham Squadron - 2026-02-19 - W 121-103,2026-02-19,Birmingham Squadron,AWAY,W,121,103,0.0,308250.0,320600.0,1,1,1,0,5,3,2,10,0.0,99.45,88.65,51.9,240.0,240.0,1.0,0,0.0,90000.0,441200.0,465836.0,1,1,1,2,6,2,0,48.61,121.69,69.7,0.0
2026-02-20|Birmingham Squadron|Long Island Nets,Long Island Nets,38,@ Birmingham Squadron - 2026-02-20 - L 102-104,2026-02-20,Birmingham Squadron,AWAY,L,102,104,0.0,393550.0,320600.0,1,1,1,0,6,3,2,11,0.0,101.15,85.86,52.99,240.0,240.0,1.0,0,0.0,90000.0,270600.0,465836.0,1,1,1,2,4,2,0,59.74,109.9,70.36,0.0
2026-02-25|Long Island Nets|Maine Celtics,Long Island Nets,39,VS Maine Celtics - 2026-02-25 - W 116-109,2026-02-25,Maine Celtics,HOME,W,116,109,0.0,222950.0,320600.0,1,1,1,0,4,3,2,9,0.0,88.08,95.83,56.08,239.99,239.99,1.0,0,0.0,135000.0,280600.0,318218.0,1,1,1,3,4,2,0,44.79,117.85,77.37,0.0
2026-02-26|Grand Rapids Gold|Long Island Nets,Long Island Nets,40,VS Grand Rapids Gold - 2026-02-26 - L 116-119,2026-02-26,Grand Rapids Gold,HOME,L,116,119,0.0,308250.0,320600.0,1,1,1,0,5,3,1,9,0.0,116.77,93.08,30.15,240.0,240.0,1.0,0,0.0,180000.0,298550.0,232918.0,1,1,1,4,4,1,0,62.34,138.11,39.55,0.0
2026-03-01|Long Island Nets|Westchester Knicks,Long Island Nets,41,VS Westchester Knicks - 2026-03-01 - W 117-111,2026-03-01,Westchester Knicks,HOME,W,117,111,0.0,333250.0,320600.0,1,1,1,0,6,3,1,10,0.0,120.68,91.11,28.2,239.99,239.99,1.0,0,0.0,225000.0,185600.0,85300.0,1,1,1,5,3,1,2,88.67,66.09,19.18,66.05
2026-03-04|Greensboro Swarm|Long Island Nets,Long Island Nets,42,@ Greensboro Swarm - 2026-03-04 - W 116-111,2026-03-04,Greensboro Swarm,AWAY,W,116,111,0.0,333250.0,320600.0,1,1,1,0,6,3,1,10,0.0,115.34,94.56,30.12,240.02,240.02,1.0,0,0.0,135000.0,195300.0,232918.0,1,1,1,3,5,1,1,35.77,141.76,29.75,32.72
2026-03-06|Greensboro Swarm|Long Island Nets,Long Island Nets,43,@ Greensboro Swarm - 2026-03-06 - W 117-115,2026-03-06,Greensboro Swarm,AWAY,W,117,115,0.0,333250.0,320600.0,1,1,1,0,6,3,1,10,0.0,117.74,91.84,30.4,239.98,239.98,1.0,0,0.0,90000.0,195300.0,551136.0,1,1,1,2,5,3,1,18.13,99.52,96.0,26.37
2026-03-15|Long Island Nets|Osceola Magic,Long Island Nets,44,@ Osceola Magic - 2026-03-15 - L 107-126,2026-03-15,Osceola Magic,AWAY,L,107,126,135000.0,375900.0,0.0,1,1,1,3,6,0,0,6,45.26,194.72,0.0,0.0,194.72,239.98,0.811401,0,0.0,90000.0,511800.0,85300.0,1,1,1,2,6,1,0,33.8,176.7,29.5,0.0
2026-03-17|Long Island Nets|Osceola Magic,Long Island Nets,45,@ Osceola Magic - 2026-03-17 - L 111-130,2026-03-17,Osceola Magic,AWAY,L,111,130,135000.0,375900.0,0.0,1,1,1,3,6,0,0,6,59.57,180.44,0.0,0.0,180.44,240.01,0.751802,0,0.0,135000.0,426500.0,85300.0,1,1,1,3,5,1,0,46.13,157.96,35.92,0.0
2026-03-19|Long Island Nets|Maine Celtics,Long Island Nets,46,VS Maine Celtics - 2026-03-19 - L 104-114,2026-03-19,Maine Celtics,HOME,L,104,114,180000.0,325900.0,0.0,1,1,1,4,5,0,0,5,75.68,164.33,0.0,0.0,164.33,240.01,0.68468,0,0.0,90000.0,280600.0,551136.0,1,1,1,2,4,3,0,45.63,111.38,82.99,0.0
2026-03-22|Capital City Go-Go|Long Island Nets,Long Island Nets,47,@ Capital City Go-Go - 2026-03-22 - L 120-127,2026-03-22,Capital City Go-Go,AWAY,L,120,127,135000.0,375900.0,0.0,1,1,1,3,6,0,0,6,57.57,193.68,0.0,0.0,193.68,251.25,0.770866,0,0.0,270000.0,200600.0,0.0,1,1,1,6,3,0,0,135.94,115.32,0.0,0.0
2026-03-24|Long Island Nets|Westchester Knicks,Long Island Nets,48,VS Westchester Knicks - 2026-03-24 - L 104-114,2026-03-24,Westchester Knicks,HOME,L,104,114,180000.0,330900.0,0.0,1,1,1,4,5,0,0,5,90.99,149.0,0.0,0.0,149.0,239.99,0.620859,0,0.0,225000.0,170600.0,0.0,1,1,1,5,2,0,2,111.18,55.95,0.0,72.88
2026-03-25|Delaware Blue Coats|Long Island Nets,Long Island Nets,49,VS Delaware Blue Coats - 2026-03-25 - L 118-120,2026-03-25,Delaware Blue Coats,HOME,L,118,120,180000.0,305900.0,0.0,1,1,1,4,4,0,0,4,117.46,122.55,0.0,0.0,122.55,240.01,0.510604,0,0.0,225000.0,213250.0,0.0,1,1,1,5,3,0,0,134.72,105.29,0.0,0.0
2026-03-28|Cleveland Charge|Long Island Nets,Long Island Nets,50,@ Cleveland Charge - 2026-03-28 - L 93-113,2026-03-28,Cleveland Charge,AWAY,L,93,113,180000.0,375900.0,0.0,1,1,1,4,6,0,0,6,69.13,170.87,0.0,0.0,170.87,240.0,0.711958,0,0.0,225000.0,401200.0,0.0,1,1,1,5,6,0,1,63.42,153.57,0.0,22.98
2025-11-07|Greensboro Swarm|Maine Celtics,Maine Celtics,1,@ Greensboro Swarm - 2025-11-07 - L 129-131,2025-11-07,Greensboro Swarm,AWAY,L,129,131,45000.0,415900.0,403518.0,1,1,1,1,6,3,0,9,6.27,146.67,108.65,0.0,255.32,261.59,0.976031,0,0.0,90000.0,275600.0,85300.0,1,1,1,2,5,1,1,52.31,137.39,34.98,36.92
2025-11-08|Greensboro Swarm|Maine Celtics,Maine Celtics,2,@ Greensboro Swarm - 2025-11-08 - L 120-122,2025-11-08,Greensboro Swarm,AWAY,L,120,122,90000.0,415900.0,403518.0,1,1,1,2,6,3,0,9,13.59,126.55,99.86,0.0,226.41,240.0,0.943375,0,0.0,90000.0,275600.0,85300.0,1,1,1,2,5,1,1,45.58,122.19,37.47,34.78
2025-11-12|Maine Celtics|Raptors 905,Maine Celtics,3,@ Raptors 905 - 2025-11-12 - L 75-111,2025-11-12,Raptors 905,AWAY,L,75,111,225000.0,270600.0,318218.0,1,1,1,5,4,2,0,6,84.62,97.73,57.65,0.0,155.38,240.0,0.647417,0,0.0,135000.0,375900.0,403518.0,1,1,1,3,6,3,0,35.2,117.9,86.9,0.0
2025-11-14|Long Island Nets|Maine Celtics,Maine Celtics,4,VS Long Island Nets - 2025-11-14 - W 116-92,2025-11-14,Long Island Nets,HOME,W,116,92,225000.0,270600.0,403518.0,1,1,1,5,4,3,0,7,61.29,85.77,92.94,0.0,178.71,240.0,0.744625,0,0.0,90000.0,461200.0,0.0,1,1,1,2,7,0,3,48.03,105.47,0.0,86.5
2025-11-15|Long Island Nets|Maine Celtics,Maine Celtics,5,VS Long Island Nets - 2025-11-15 - W 127-116,2025-11-15,Long Island Nets,HOME,W,127,116,135000.0,270600.0,403518.0,1,1,1,3,4,3,0,7,37.63,98.98,103.37,0.0,202.35,239.98,0.843195,0,0.0,90000.0,283250.0,0.0,1,1,1,2,5,0,3,51.35,119.67,0.0,68.98
2025-11-21|Delaware Blue Coats|Maine Celtics,Maine Celtics,6,VS Delaware Blue Coats - 2025-11-21 - W 113-111,2025-11-21,Delaware Blue Coats,HOME,W,113,111,90000.0,330600.0,403518.0,1,1,1,2,5,3,0,8,29.44,111.84,98.73,0.0,210.57,240.01,0.877338,0,0.0,90000.0,265900.0,232918.0,1,1,1,2,6,1,0,49.96,161.09,28.95,0.0
2025-11-23|Delaware Blue Coats|Maine Celtics,Maine Celtics,7,VS Delaware Blue Coats - 2025-11-23 - W 129-119,2025-11-23,Delaware Blue Coats,HOME,W,129,119,180000.0,195300.0,403518.0,1,1,1,4,3,3,0,6,69.21,70.03,100.75,0.0,170.78,239.99,0.711613,0,0.0,90000.0,265900.0,0.0,1,1,1,2,6,0,0,34.65,205.34,0.0,0.0
2025-11-28|Maine Celtics|Westchester Knicks,Maine Celtics,8,@ Westchester Knicks - 2025-11-28 - W 98-84,2025-11-28,Westchester Knicks,AWAY,W,98,84,135000.0,330600.0,85300.0,1,1,1,3,5,1,0,6,61.53,147.1,31.38,0.0,178.48,240.01,0.743636,0,0.0,90000.0,295900.0,85300.0,1,1,1,2,5,1,0,69.59,143.83,26.58,0.0
2025-11-30|Maine Celtics|Westchester Knicks,Maine Celtics,9,@ Westchester Knicks - 2025-11-30 - W 122-95,2025-11-30,Westchester Knicks,AWAY,W,122,95,180000.0,330600.0,0.0,1,1,1,4,5,0,0,5,87.18,152.82,0.0,0.0,152.82,240.0,0.63675,0,0.0,180000.0,100300.0,0.0,1,1,1,4,2,0,1,124.4,70.2,0.0,45.4
2025-12-06|College Park Skyhawks|Maine Celtics,Maine Celtics,10,VS College Park Skyhawks - 2025-12-06 - W 117-95,2025-12-06,College Park Skyhawks,HOME,W,117,95,180000.0,330600.0,403518.0,1,1,1,4,5,3,0,8,51.24,109.83,78.93,0.0,188.76,240.0,0.7865,0,0.0,180000.0,270600.0,232917.0,1,1,1,4,5,1,0,69.4,138.59,32.02,0.0
2025-12-07|College Park Skyhawks|Maine Celtics,Maine Celtics,11,VS College Park Skyhawks - 2025-12-07 - W 118-95,2025-12-07,College Park Skyhawks,HOME,W,118,95,180000.0,330600.0,403518.0,1,1,1,4,5,3,0,8,62.86,112.34,64.79,0.0,177.13,239.99,0.738072,0,0.0,180000.0,245600.0,318217.0,1,1,1,4,4,2,0,45.53,126.57,67.9,0.0
2025-12-10|Capital City Go-Go|Maine Celtics,Maine Celtics,12,@ Capital City Go-Go - 2025-12-10 - W 112-101,2025-12-10,Capital City Go-Go,AWAY,W,112,101,180000.0,330600.0,85300.0,1,1,1,4,5,1,0,6,77.25,126.28,36.47,0.0,162.75,240.0,0.678125,0,0.0,45000.0,338550.0,465836.0,1,1,1,1,5,2,1,12.6,134.88,60.69,31.83
2025-12-12|Capital City Go-Go|Maine Celtics,Maine Celtics,13,@ Capital City Go-Go - 2025-12-12 - L 77-111,2025-12-12,Capital City Go-Go,AWAY,L,77,111,180000.0,330600.0,85300.0,1,1,1,4,5,1,0,6,82.4,124.11,33.48,0.0,157.59,239.99,0.656652,0,0.0,135000.0,338550.0,232918.0,1,1,1,3,5,1,1,66.61,126.02,20.95,26.43
2025-12-14|Maine Celtics|Raptors 905,Maine Celtics,14,VS Raptors 905 - 2025-12-14 - L 107-112,2025-12-14,Raptors 905,HOME,L,107,112,135000.0,330600.0,318218.0,1,1,1,3,5,2,0,7,35.87,141.15,62.98,0.0,204.13,240.0,0.850542,0,0.0,90000.0,425900.0,318218.0,1,1,1,2,7,2,0,37.94,142.06,60.0,0.0
2025-12-19|Maine Celtics|Salt Lake City Stars,Maine Celtics,15,@ Salt Lake City Stars - 2025-12-19 - L 107-123,2025-12-19,Salt Lake City Stars,AWAY,L,107,123,135000.0,330600.0,403518.0,1,1,1,3,5,3,0,8,23.08,119.63,97.28,0.0,216.91,239.99,0.903829,0,0.0,90000.0,426500.0,551136.0,1,1,1,2,5,3,0,22.4,129.51,88.1,0.0
2025-12-21|Austin Spurs|Maine Celtics,Maine Celtics,16,VS Austin Spurs - 2025-12-21 - W 123-114,2025-12-21,Austin Spurs,HOME,W,123,114,45000.0,330600.0,403518.0,1,1,1,1,5,3,0,8,20.47,122.51,97.01,0.0,219.52,239.99,0.914705,0,0.0,180000.0,170300.0,403518.0,1,1,1,4,3,3,0,86.5,52.2,101.32,0.0
2025-12-27|Maine Celtics|Raptors 905,Maine Celtics,17,@ Raptors 905 - 2025-12-27 - L 92-125,2025-12-27,Raptors 905,AWAY,L,92,125,180000.0,330600.0,403518.0,1,1,1,4,5,3,0,8,63.5,107.05,69.45,0.0,176.5,240.0,0.735417,0,0.0,135000.0,375900.0,318218.0,1,1,1,3,6,2,0,45.2,139.91,54.89,0.0
2025-12-28|Maine Celtics|Raptors 905,Maine Celtics,18,@ Raptors 905 - 2025-12-28 - L 100-124,2025-12-28,Raptors 905,AWAY,L,100,124,180000.0,330600.0,170600.0,1,1,1,4,5,2,0,7,66.33,117.4,56.26,0.0,173.66,239.99,0.723613,0,0.0,135000.0,375900.0,403518.0,1,1,1,3,6,3,0,40.33,131.51,68.17,0.0
2025-12-31|Maine Celtics|Noblesville Boom,Maine Celtics,19,VS Noblesville Boom - 2025-12-31 - L 122-123,2025-12-31,Noblesville Boom,HOME,L,122,123,90000.0,330600.0,403518.0,1,1,1,2,5,3,0,8,45.93,91.9,102.17,0.0,194.07,240.0,0.808625,0,0.0,135000.0,426500.0,0.0,1,1,1,3,5,0,0,94.25,145.74,0.0,0.0
2026-01-02|Maine Celtics|Noblesville Boom,Maine Celtics,20,VS Noblesville Boom - 2026-01-02 - W 108-100,2026-01-02,Noblesville Boom,HOME,W,108,100,135000.0,365900.0,318218.0,1,1,1,3,5,2,0,7,47.43,122.95,69.62,0.0,192.57,240.0,0.802375,0,0.0,180000.0,426500.0,0.0,1,1,1,4,5,0,0,102.43,137.57,0.0,0.0
2026-01-03|Capital City Go-Go|Maine Celtics,Maine Celtics,21,VS Capital City Go-Go - 2026-01-03 - W 112-109,2026-01-03,Capital City Go-Go,HOME,W,112,109,135000.0,365900.0,318218.0,1,1,1,3,5,2,0,7,46.33,130.65,77.19,0.0,207.84,254.17,0.81772,0,0.0,135000.0,423850.0,0.0,1,1,1,3,6,0,0,104.08,150.08,0.0,0.0
2026-01-08|Maine Celtics|Salt Lake City Stars,Maine Celtics,22,VS Salt Lake City Stars - 2026-01-08 - W 102-94,2026-01-08,Salt Lake City Stars,HOME,W,102,94,90000.0,365900.0,403518.0,1,1,1,2,5,3,0,8,26.72,123.79,89.5,0.0,213.29,240.01,0.888671,0,0.0,135000.0,426500.0,232918.0,1,1,1,3,5,1,0,55.05,153.74,31.2,0.0
2026-01-09|Maine Celtics|Salt Lake City Stars,Maine Celtics,23,VS Salt Lake City Stars - 2026-01-09 - W 107-102,2026-01-09,Salt Lake City Stars,HOME,W,107,102,90000.0,415900.0,403518.0,1,1,1,2,6,3,0,9,30.8,126.57,82.63,0.0,209.2,240.0,0.871667,0,0.0,135000.0,426500.0,232918.0,1,1,1,3,5,1,0,47.73,158.06,34.2,0.0
2026-01-14|Maine Celtics|Wisconsin Herd,Maine Celtics,24,@ Wisconsin Herd - 2026-01-14 - W 114-106,2026-01-14,Wisconsin Herd,AWAY,W,114,106,135000.0,330600.0,0.0,1,1,1,3,5,0,0,5,80.79,159.22,0.0,0.0,159.22,240.01,0.663389,0,0.0,180000.0,250600.0,85300.0,1,1,1,4,4,1,1,68.78,120.36,15.37,35.5
2026-01-16|Maine Celtics|Wisconsin Herd,Maine Celtics,25,@ Wisconsin Herd - 2026-01-16 - L 98-113,2026-01-16,Wisconsin Herd,AWAY,L,98,113,135000.0,415900.0,0.0,1,1,1,3,6,0,0,6,78.71,161.34,0.0,0.0,161.34,240.05,0.67211,0,0.0,135000.0,250600.0,85300.0,1,1,1,3,4,1,1,67.7,123.15,18.02,31.13
2026-01-18|College Park Skyhawks|Maine Celtics,Maine Celtics,26,@ College Park Skyhawks - 2026-01-18 - W 112-103,2026-01-18,College Park Skyhawks,AWAY,W,112,103,135000.0,365900.0,403518.0,1,1,1,3,5,3,0,8,45.82,99.34,94.84,0.0,194.18,240.0,0.809083,0,0.0,270000.0,310900.0,85300.0,1,1,1,6,5,1,0,139.69,70.06,30.27,0.0
2026-01-21|College Park Skyhawks|Maine Celtics,Maine Celtics,27,@ College Park Skyhawks - 2026-01-21 - W 121-115,2026-01-21,College Park Skyhawks,AWAY,W,121,115,135000.0,330600.0,0.0,1,1,1,3,5,0,0,5,94.3,145.71,0.0,0.0,145.71,240.01,0.6071,0,0.0,225000.0,225600.0,85300.0,1,1,1,5,4,1,0,134.22,72.25,33.53,0.0
2026-01-23|Greensboro Swarm|Maine Celtics,Maine Celtics,28,VS Greensboro Swarm - 2026-01-23 - L 112-122,2026-01-23,Greensboro Swarm,HOME,L,112,122,135000.0,330600.0,85300.0,1,1,1,3,5,1,0,6,64.83,138.35,36.82,0.0,175.17,240.0,0.729875,0,0.0,45000.0,360900.0,232918.0,1,1,1,1,6,1,1,16.6,155.35,31.4,36.67
2026-01-25|Greensboro Swarm|Maine Celtics,Maine Celtics,29,VS Greensboro Swarm - 2026-01-25 - W 147-138,2026-01-25,Greensboro Swarm,HOME,W,147,138,135000.0,355900.0,85300.0,1,1,1,3,5,1,0,6,71.09,131.21,37.72,0.0,168.93,240.02,0.703816,0,0.0,0.0,365900.0,318218.0,1,1,1,0,7,2,1,0.0,146.47,58.84,34.7
2026-01-29|Grand Rapids Gold|Maine Celtics,Maine Celtics,30,VS Grand Rapids Gold - 2026-01-29 - L 119-122,2026-01-29,Grand Rapids Gold,HOME,L,119,122,90000.0,365900.0,170600.0,1,1,1,2,5,2,0,7,43.93,132.7,78.28,0.0,210.98,254.91,0.827665,0,0.0,90000.0,341200.0,232918.0,1,1,1,2,6,1,0,24.12,190.95,39.87,0.0
2026-01-31|Maine Celtics|Westchester Knicks,Maine Celtics,31,VS Westchester Knicks - 2026-01-31 - W 108-98,2026-01-31,Westchester Knicks,HOME,W,108,98,90000.0,365900.0,318218.0,1,1,1,2,5,2,0,7,51.6,127.57,60.83,0.0,188.4,240.0,0.785,0,0.0,135000.0,125300.0,85300.0,1,1,1,3,3,1,0,124.62,80.24,35.15,0.0
2026-02-01|Maine Celtics|Westchester Knicks,Maine Celtics,32,VS Westchester Knicks - 2026-02-01 - L 110-117,2026-02-01,Westchester Knicks,HOME,L,110,117,90000.0,365900.0,170600.0,1,1,1,2,5,2,0,7,43.97,128.09,67.95,0.0,196.04,240.01,0.816799,0,0.0,135000.0,280900.0,85300.0,1,1,1,3,4,1,0,84.46,124.85,30.68,0.0
2026-02-04|Maine Celtics|Sioux Falls Skyforce,Maine Celtics,33,@ Sioux Falls Skyforce - 2026-02-04 - W 117-116,2026-02-04,Sioux Falls Skyforce,AWAY,W,117,116,135000.0,330600.0,232918.0,1,1,1,3,5,1,0,6,70.91,158.69,39.13,0.0,197.82,268.73,0.736129,0,0.0,135000.0,426500.0,0.0,1,1,1,3,5,0,1,72.71,179.38,0.0,16.67
2026-02-06|Maine Celtics|Sioux Falls Skyforce,Maine Celtics,34,@ Sioux Falls Skyforce - 2026-02-06 - L 112-134,2026-02-06,Sioux Falls Skyforce,AWAY,L,112,134,135000.0,185300.0,85300.0,1,1,1,3,3,1,0,4,84.99,115.79,39.23,0.0,155.02,240.01,0.64589,0,0.0,180000.0,426500.0,0.0,1,1,1,4,5,0,1,70.17,142.19,0.0,27.63
2026-02-07|Iowa Wolves|Maine Celtics,Maine Celtics,35,@ Iowa Wolves - 2026-02-07 - L 120-123,2026-02-07,Iowa Wolves,AWAY,L,120,123,180000.0,185300.0,85300.0,1,1,1,4,3,1,0,4,99.05,102.36,38.58,0.0,140.94,239.99,0.587274,0,0.0,180000.0,160300.0,232918.0,1,1,1,4,3,1,0,125.45,87.25,27.3,0.0
2026-02-11|Maine Celtics|Motor City Cruise,Maine Celtics,36,VS Motor City Cruise - 2026-02-11 - L 103-109,2026-02-11,Motor City Cruise,HOME,L,103,109,180000.0,245300.0,551136.0,1,1,1,4,4,3,0,7,36.85,97.39,105.75,0.0,203.14,239.99,0.846452,0,0.0,270000.0,120300.0,85300.0,1,1,1,6,2,1,0,143.9,61.05,35.05,0.0
2026-02-12|Maine Celtics|Motor City Cruise,Maine Celtics,37,VS Motor City Cruise - 2026-02-12 - L 108-123,2026-02-12,Motor City Cruise,HOME,L,108,123,180000.0,245300.0,318218.0,1,1,1,4,4,2,0,6,46.47,126.33,67.2,0.0,193.53,240.0,0.806375,0,0.0,270000.0,135300.0,85300.0,1,1,1,6,3,1,0,132.35,66.95,40.7,0.0
2026-02-19|Delaware Blue Coats|Maine Celtics,Maine Celtics,38,@ Delaware Blue Coats - 2026-02-19 - L 120-127,2026-02-19,Delaware Blue Coats,AWAY,L,120,127,135000.0,330600.0,0.0,1,1,1,3,5,0,0,5,62.62,177.4,0.0,0.0,177.4,240.02,0.739105,0,0.0,180000.0,346200.0,0.0,1,1,1,4,6,0,0,66.71,173.31,0.0,0.0
2026-02-21|Delaware Blue Coats|Maine Celtics,Maine Celtics,39,@ Delaware Blue Coats - 2026-02-21 - W 102-101,2026-02-21,Delaware Blue Coats,AWAY,W,102,101,135000.0,330600.0,85300.0,1,1,1,3,5,1,0,6,45.1,158.38,36.52,0.0,194.9,240.0,0.812083,0,0.0,225000.0,175600.0,0.0,1,1,1,5,4,0,0,92.5,147.49,0.0,0.0
2026-02-25|Long Island Nets|Maine Celtics,Maine Celtics,40,@ Long Island Nets - 2026-02-25 - L 109-116,2026-02-25,Long Island Nets,AWAY,L,109,116,135000.0,280600.0,318218.0,1,1,1,3,4,2,0,6,44.79,117.85,77.37,0.0,195.22,240.01,0.813383,0,0.0,0.0,222950.0,320600.0,1,1,1,0,4,3,2,0.0,88.08,95.83,56.08
2026-02-27|Maine Celtics|Windy City Bulls,Maine Celtics,41,VS Windy City Bulls - 2026-02-27 - L 106-121,2026-02-27,Windy City Bulls,HOME,L,106,121,135000.0,280600.0,318218.0,1,1,1,3,4,2,0,6,52.3,114.39,73.35,0.0,187.74,240.04,0.78212,0,0.0,180000.0,341200.0,85300.0,1,1,1,4,4,1,0,74.07,132.04,33.9,0.0
2026-03-01|Maine Celtics|Windy City Bulls,Maine Celtics,42,VS Windy City Bulls - 2026-03-01 - W 122-97,2026-03-01,Windy City Bulls,HOME,W,122,97,180000.0,280600.0,551136.0,1,1,1,4,4,3,0,7,70.38,109.69,59.93,0.0,169.62,240.0,0.70675,0,0.0,270000.0,255900.0,0.0,1,1,1,6,3,0,0,151.45,88.55,0.0,0.0
2026-03-08|Maine Celtics|Osceola Magic,Maine Celtics,43,@ Osceola Magic - 2026-03-08 - L 103-134,2026-03-08,Osceola Magic,AWAY,L,103,134,180000.0,415900.0,232918.0,1,1,1,4,6,1,0,7,67.58,147.67,24.75,0.0,172.42,240.0,0.718417,0,0.0,135000.0,571800.0,85300.0,1,1,1,3,7,1,0,50.64,163.95,25.42,0.0
2026-03-10|Maine Celtics|Osceola Magic,Maine Celtics,44,@ Osceola Magic - 2026-03-10 - W 119-112,2026-03-10,Osceola Magic,AWAY,W,119,112,180000.0,330600.0,232918.0,1,1,1,4,5,1,0,6,90.1,112.11,37.8,0.0,149.91,240.01,0.624599,0,0.0,135000.0,511800.0,85300.0,1,1,1,3,6,1,0,26.64,180.28,33.07,0.0
2026-03-13|Grand Rapids Gold|Maine Celtics,Maine Celtics,45,VS Grand Rapids Gold - 2026-03-13 - W 96-91,2026-03-13,Grand Rapids Gold,HOME,W,96,91,135000.0,330600.0,232918.0,1,1,1,3,5,1,0,6,50.88,156.33,32.78,0.0,189.11,239.99,0.787991,0,0.0,180000.0,247370.0,232918.0,1,1,1,4,4,1,0,76.78,127.24,35.98,0.0
2026-03-16|Birmingham Squadron|Maine Celtics,Maine Celtics,46,@ Birmingham Squadron - 2026-03-16 - L 143-144,2026-03-16,Birmingham Squadron,AWAY,L,143,144,135000.0,330600.0,232918.0,1,1,1,3,5,1,0,6,67.42,142.72,29.87,0.0,172.59,240.01,0.719095,0,0.0,0.0,441200.0,465836.0,1,1,1,0,6,2,0,0.0,164.95,75.05,0.0
2026-03-17|Birmingham Squadron|Maine Celtics,Maine Celtics,47,@ Birmingham Squadron - 2026-03-17 - L 106-122,2026-03-17,Birmingham Squadron,AWAY,L,106,122,90000.0,330600.0,232918.0,1,1,1,2,5,1,0,6,43.11,162.35,34.53,0.0,196.88,239.99,0.820368,0,0.0,0.0,441200.0,465836.0,1,1,1,0,6,2,0,0.0,160.32,79.69,0.0
2026-03-19|Long Island Nets|Maine Celtics,Maine Celtics,48,@ Long Island Nets - 2026-03-19 - W 114-104,2026-03-19,Long Island Nets,AWAY,W,114,104,90000.0,280600.0,551136.0,1,1,1,2,4,3,0,7,45.63,111.38,82.99,0.0,194.37,240.0,0.809875,0,0.0,180000.0,325900.0,0.0,1,1,1,4,5,0,0,75.68,164.33,0.0,0.0
2026-03-22|Cleveland Charge|Maine Celtics,Maine Celtics,49,VS Cleveland Charge - 2026-03-22 - W 121-91,2026-03-22,Cleveland Charge,HOME,W,121,91,180000.0,330600.0,551136.0,1,1,1,4,5,3,0,8,46.48,106.15,87.37,0.0,193.52,240.0,0.806333,0,0.0,180000.0,401200.0,0.0,1,1,1,4,6,0,0,71.73,168.29,0.0,0.0
2026-03-24|Cleveland Charge|Maine Celtics,Maine Celtics,50,VS Cleveland Charge - 2026-03-24 - W 130-105,2026-03-24,Cleveland Charge,HOME,W,130,105,180000.0,330600.0,551136.0,1,1,1,4,5,3,0,8,47.48,115.2,77.31,0.0,192.51,239.99,0.802158,0,0.0,180000.0,401200.0,0.0,1,1,1,4,6,0,1,59.4,154.61,0.0,25.98
2025-11-08|Memphis Hustle|Mexico City Capitanes,Memphis Hustle,1,VS Mexico City Capitanes - 2025-11-08 - W 133-117,2025-11-08,Mexico City Capitanes,HOME,W,133,117,90000.0,341200.0,698754.0,1,1,1,2,4,3,1,8,40.02,71.26,95.62,33.1,199.98,240.0,0.83325,0,0.0,405000.0,0.0,0.0,1,1,1,9,0,0,0,240.02,0.0,0.0,0.0
2025-11-09|Memphis Hustle|Mexico City Capitanes,Memphis Hustle,2,VS Mexico City Capitanes - 2025-11-09 - W 109-103,2025-11-09,Mexico City Capitanes,HOME,W,109,103,225000.0,341200.0,0.0,1,1,1,5,4,0,0,4,109.14,130.86,0.0,0.0,130.86,240.0,0.54525,0,0.0,360000.0,0.0,0.0,1,1,1,8,0,0,0,240.03,0.0,0.0,0.0
2025-11-11|Memphis Hustle|Texas Legends,Memphis Hustle,3,@ Texas Legends - 2025-11-11 - L 105-118,2025-11-11,Texas Legends,AWAY,L,105,118,225000.0,426500.0,0.0,1,1,1,5,5,0,0,5,102.12,137.87,0.0,0.0,137.87,239.99,0.574482,0,0.0,180000.0,381200.0,170600.0,1,1,1,4,5,2,0,40.92,134.37,64.72,0.0
2025-11-13|Memphis Hustle|Oklahoma City Blue,Memphis Hustle,4,@ Oklahoma City Blue - 2025-11-13 - W 122-119,2025-11-13,Oklahoma City Blue,AWAY,W,122,119,225000.0,426500.0,0.0,1,1,1,5,5,0,0,5,98.93,141.06,0.0,0.0,141.06,239.99,0.587774,0,0.0,45000.0,481500.0,551136.0,1,1,1,1,6,3,0,31.68,124.18,84.13,0.0
2025-11-15|Austin Spurs|Memphis Hustle,Memphis Hustle,5,VS Austin Spurs - 2025-11-15 - L 98-120,2025-11-15,Austin Spurs,HOME,L,98,120,225000.0,426500.0,0.0,1,1,1,5,5,0,0,5,108.53,131.47,0.0,0.0,131.47,240.0,0.547792,0,0.0,90000.0,340900.0,403518.0,1,1,1,2,5,3,0,39.48,114.13,86.38,0.0
2025-11-16|Austin Spurs|Memphis Hustle,Memphis Hustle,6,VS Austin Spurs - 2025-11-16 - L 111-125,2025-11-16,Austin Spurs,HOME,L,111,125,180000.0,426500.0,0.0,1,1,1,4,5,0,1,6,75.89,129.93,0.0,34.17,164.1,239.99,0.683778,0,0.0,90000.0,340900.0,318218.0,1,1,1,2,5,2,0,49.95,129.71,60.35,0.0
2025-11-19|Memphis Hustle|Rio Grande Valley Vipers,Memphis Hustle,7,VS Rio Grande Valley Vipers - 2025-11-19 - L 125-130,2025-11-19,Rio Grande Valley Vipers,HOME,L,125,130,225000.0,426500.0,0.0,1,1,1,5,5,0,0,5,85.82,154.19,0.0,0.0,154.19,240.01,0.642432,0,0.0,180000.0,100300.0,257918.0,1,1,1,4,2,2,0,95.09,75.5,69.42,0.0
2025-11-21|Memphis Hustle|Rio Grande Valley Vipers,Memphis Hustle,8,VS Rio Grande Valley Vipers - 2025-11-21 - L 107-110,2025-11-21,Rio Grande Valley Vipers,HOME,L,107,110,225000.0,341200.0,0.0,1,1,1,5,4,0,0,4,102.42,137.59,0.0,0.0,137.59,240.01,0.573268,0,0.0,225000.0,142950.0,257918.0,1,1,1,5,3,2,0,92.77,77.38,69.85,0.0
2025-11-25|Memphis Hustle|Oklahoma City Blue,Memphis Hustle,9,@ Oklahoma City Blue - 2025-11-25 - L 84-114,2025-11-25,Oklahoma City Blue,AWAY,L,84,114,270000.0,341200.0,0.0,1,1,1,6,4,0,0,4,137.35,102.65,0.0,0.0,102.65,240.0,0.427708,0,0.0,135000.0,396200.0,551136.0,1,1,1,3,5,3,0,45.05,119.43,75.51,0.0
2025-12-03|Birmingham Squadron|Memphis Hustle,Memphis Hustle,10,@ Birmingham Squadron - 2025-12-03 - L 85-118,2025-12-03,Birmingham Squadron,AWAY,L,85,118,180000.0,341200.0,0.0,1,1,1,4,4,0,0,4,113.34,126.66,0.0,0.0,126.66,240.0,0.52775,0,0.0,135000.0,355900.0,0.0,1,1,1,3,5,0,0,74.5,165.49,0.0,0.0
2025-12-05|Birmingham Squadron|Memphis Hustle,Memphis Hustle,11,@ Birmingham Squadron - 2025-12-05 - W 124-99,2025-12-05,Birmingham Squadron,AWAY,W,124,99,225000.0,341200.0,0.0,1,1,1,5,4,0,1,5,99.73,106.71,0.0,33.55,140.26,239.99,0.584441,0,0.0,90000.0,355900.0,232918.0,1,1,1,2,5,1,0,55.17,156.86,27.97,0.0
2025-12-11|Memphis Hustle|Osceola Magic,Memphis Hustle,12,VS Osceola Magic - 2025-12-11 - W 132-121,2025-12-11,Osceola Magic,HOME,W,132,121,135000.0,341200.0,503586.0,1,1,1,3,4,2,1,7,53.39,89.15,63.15,34.32,186.62,240.01,0.777551,0,0.0,45000.0,597100.0,465836.0,1,1,1,1,7,2,0,4.23,173.17,62.6,0.0
2025-12-14|Memphis Hustle|Osceola Magic,Memphis Hustle,13,@ Osceola Magic - 2025-12-14 - W 121-119,2025-12-14,Osceola Magic,AWAY,W,121,119,225000.0,426500.0,0.0,1,1,1,5,5,0,1,6,71.76,133.87,0.0,34.37,168.24,240.0,0.701,0,0.0,90000.0,571800.0,0.0,1,1,1,2,7,0,0,37.73,202.26,0.0,0.0
2025-12-16|Memphis Hustle|Osceola Magic,Memphis Hustle,14,@ Osceola Magic - 2025-12-16 - W 125-122,2025-12-16,Osceola Magic,AWAY,W,125,122,225000.0,426500.0,0.0,1,1,1,5,5,0,1,6,71.84,137.22,0.0,30.95,168.17,240.01,0.700679,0,0.0,45000.0,511800.0,465836.0,1,1,1,1,6,2,0,15.12,162.13,62.76,0.0
2025-12-19|Cleveland Charge|Memphis Hustle,Memphis Hustle,15,VS Cleveland Charge - 2025-12-19 - L 107-118,2025-12-19,Cleveland Charge,HOME,L,107,118,180000.0,341200.0,270668.0,1,1,1,4,4,1,1,6,63.4,112.01,32.37,32.22,176.6,240.0,0.735833,0,0.0,45000.0,571800.0,150000.0,1,1,1,1,8,1,0,16.3,198.62,25.08,0.0
2025-12-20|Memphis Hustle|Windy City Bulls,Memphis Hustle,16,@ Windy City Bulls - 2025-12-20 - L 102-110,2025-12-20,Windy City Bulls,AWAY,L,102,110,180000.0,341200.0,270668.0,1,1,1,4,4,1,1,6,74.63,99.21,31.88,34.28,165.37,240.0,0.689042,0,0.0,90000.0,426500.0,403517.0,1,1,1,2,5,3,0,41.7,104.85,93.44,0.0
2025-12-27|Memphis Hustle|Valley Suns,Memphis Hustle,17,VS Valley Suns - 2025-12-27 - W 117-116,2025-12-27,Valley Suns,HOME,W,117,116,225000.0,170600.0,270668.0,1,1,1,5,2,1,0,3,134.62,68.36,37.02,0.0,105.38,240.0,0.439083,0,0.0,90000.0,446500.0,232918.0,1,1,1,2,6,1,0,50.26,169.85,19.88,0.0
2025-12-29|Memphis Hustle|Valley Suns,Memphis Hustle,18,VS Valley Suns - 2025-12-29 - L 107-109,2025-12-29,Valley Suns,HOME,L,107,109,180000.0,255900.0,736504.0,1,1,1,4,3,3,0,6,83.39,87.8,74.98,0.0,162.78,246.17,0.66125,0,0.0,90000.0,446500.0,232918.0,1,1,1,2,6,1,0,53.09,168.16,24.92,0.0
2025-12-31|Memphis Hustle|Salt Lake City Stars,Memphis Hustle,19,@ Salt Lake City Stars - 2025-12-31 - L 130-144,2025-12-31,Salt Lake City Stars,AWAY,L,130,144,180000.0,255900.0,270668.0,1,1,1,4,3,1,0,4,103.11,101.43,35.45,0.0,136.88,239.99,0.570357,0,0.0,90000.0,426500.0,318218.0,1,1,1,2,5,2,0,39.32,142.83,57.85,0.0
2026-01-03|Memphis Hustle|South Bay Lakers,Memphis Hustle,20,@ South Bay Lakers - 2026-01-03 - L 121-125,2026-01-03,South Bay Lakers,AWAY,L,121,125,180000.0,341200.0,503586.0,1,1,1,4,4,2,0,6,66.06,131.94,53.15,0.0,185.09,251.15,0.73697,0,0.0,0.0,456500.0,551136.0,1,1,1,0,6,3,1,0.0,121.83,90.59,38.75
2026-01-06|Memphis Hustle|South Bay Lakers,Memphis Hustle,21,@ South Bay Lakers - 2026-01-06 - L 101-113,2026-01-06,South Bay Lakers,AWAY,L,101,113,180000.0,341200.0,270668.0,1,1,1,4,4,1,0,5,81.2,124.81,34.0,0.0,158.81,240.01,0.661681,0,0.0,90000.0,456500.0,0.0,1,1,1,2,6,0,1,24.65,176.5,0.0,38.85
2026-01-13|Memphis Hustle|Sioux Falls Skyforce,Memphis Hustle,22,VS Sioux Falls Skyforce - 2026-01-13 - L 107-119,2026-01-13,Sioux Falls Skyforce,HOME,L,107,119,180000.0,341200.0,0.0,1,1,1,4,4,0,0,4,113.61,126.41,0.0,0.0,126.41,240.02,0.526664,0,0.0,45000.0,426500.0,255900.0,1,1,1,1,5,3,1,2.52,112.26,86.19,39.02
2026-01-14|Memphis Hustle|Texas Legends,Memphis Hustle,23,VS Texas Legends - 2026-01-14 - L 123-132,2026-01-14,Texas Legends,HOME,L,123,132,180000.0,426500.0,0.0,1,1,1,4,5,0,0,5,99.24,140.77,0.0,0.0,140.77,240.01,0.586517,0,0.0,225000.0,210600.0,0.0,1,1,1,5,3,0,0,144.39,95.61,0.0,0.0
2026-01-18|Memphis Hustle|Rip City Remix,Memphis Hustle,24,@ Rip City Remix - 2026-01-18 - L 105-108,2026-01-18,Rip City Remix,AWAY,L,105,108,180000.0,426500.0,0.0,1,1,1,4,5,0,0,5,91.92,148.07,0.0,0.0,148.07,239.99,0.616984,0,0.0,225000.0,255900.0,0.0,1,1,1,5,3,0,0,128.82,111.2,0.0,0.0
2026-01-19|Memphis Hustle|Rip City Remix,Memphis Hustle,25,@ Rip City Remix - 2026-01-19 - L 109-119,2026-01-19,Rip City Remix,AWAY,L,109,119,180000.0,426500.0,0.0,1,1,1,4,5,0,0,5,91.2,148.79,0.0,0.0,148.79,239.99,0.619984,0,0.0,180000.0,255900.0,232917.0,1,1,1,4,3,1,1,80.93,96.66,32.5,29.9
2026-01-21|Memphis Hustle|Salt Lake City Stars,Memphis Hustle,26,@ Salt Lake City Stars - 2026-01-21 - W 117-116,2026-01-21,Salt Lake City Stars,AWAY,W,117,116,135000.0,426500.0,270668.0,1,1,1,3,5,1,0,6,71.53,154.55,35.95,0.0,190.5,262.03,0.727016,0,0.0,135000.0,511800.0,232918.0,1,1,1,3,6,1,0,44.43,185.12,32.48,0.0
2026-01-24|Iowa Wolves|Memphis Hustle,Memphis Hustle,27,@ Iowa Wolves - 2026-01-24 - L 109-127,2026-01-24,Iowa Wolves,AWAY,L,109,127,180000.0,426500.0,270668.0,1,1,1,4,5,1,0,6,64.53,143.84,31.63,0.0,175.47,240.0,0.731125,0,0.0,135000.0,330900.0,465836.0,1,1,1,3,5,2,0,57.38,122.11,60.5,0.0
2026-01-30|Cleveland Charge|Memphis Hustle,Memphis Hustle,28,@ Cleveland Charge - 2026-01-30 - L 117-131,2026-01-30,Cleveland Charge,AWAY,L,117,131,225000.0,341200.0,0.0,1,1,1,5,4,0,0,4,104.74,135.25,0.0,0.0,135.25,239.99,0.563565,0,0.0,135000.0,436500.0,232917.0,1,1,1,3,6,1,0,61.02,160.59,18.38,0.0
2026-02-01|Memphis Hustle|Motor City Cruise,Memphis Hustle,29,@ Motor City Cruise - 2026-02-01 - W 120-109,2026-02-01,Motor City Cruise,AWAY,W,120,109,225000.0,255900.0,0.0,1,1,1,5,3,0,0,3,136.0,104.0,0.0,0.0,104.0,240.0,0.433333,0,0.0,225000.0,135300.0,85300.0,1,1,1,5,3,1,1,120.61,66.49,30.25,22.65
2026-02-03|Memphis Hustle|Motor City Cruise,Memphis Hustle,30,@ Motor City Cruise - 2026-02-03 - L 105-135,2026-02-03,Motor City Cruise,AWAY,L,105,135,180000.0,341200.0,0.0,1,1,1,4,4,0,0,4,118.72,121.29,0.0,0.0,121.29,240.01,0.505354,0,0.0,315000.0,135300.0,85300.0,1,1,1,7,3,1,1,119.33,70.87,21.98,27.82
2026-02-06|Memphis Hustle|San Diego Clippers,Memphis Hustle,31,VS San Diego Clippers - 2026-02-06 - L 105-116,2026-02-06,San Diego Clippers,HOME,L,105,116,225000.0,341200.0,0.0,1,1,1,5,4,0,0,4,101.54,138.45,0.0,0.0,138.45,239.99,0.576899,0,0.0,180000.0,268550.0,0.0,1,1,1,4,4,0,1,100.75,114.06,0.0,25.18
2026-02-08|Memphis Hustle|San Diego Clippers,Memphis Hustle,32,VS San Diego Clippers - 2026-02-08 - L 106-109,2026-02-08,San Diego Clippers,HOME,L,106,109,180000.0,426500.0,0.0,1,1,1,4,5,0,0,5,84.81,155.18,0.0,0.0,155.18,239.99,0.64661,0,0.0,180000.0,215900.0,0.0,1,1,1,4,3,0,1,103.74,114.3,0.0,21.97
2026-02-11|Memphis Hustle|Santa Cruz Warriors,Memphis Hustle,33,VS Santa Cruz Warriors - 2026-02-11 - W 108-107,2026-02-11,Santa Cruz Warriors,HOME,W,108,107,225000.0,341200.0,0.0,1,1,1,5,4,0,0,4,118.3,121.7,0.0,0.0,121.7,240.0,0.507083,0,0.0,180000.0,50000.0,85300.0,1,1,1,4,2,1,0,132.88,64.83,42.27,0.0
2026-02-12|Memphis Hustle|Santa Cruz Warriors,Memphis Hustle,34,VS Santa Cruz Warriors - 2026-02-12 - L 116-134,2026-02-12,Santa Cruz Warriors,HOME,L,116,134,225000.0,341200.0,0.0,1,1,1,5,4,0,0,4,114.9,125.1,0.0,0.0,125.1,240.0,0.52125,0,0.0,180000.0,305900.0,85300.0,1,1,1,4,5,1,0,99.89,105.49,34.63,0.0
2026-02-20|Memphis Hustle|Stockton Kings,Memphis Hustle,35,VS Stockton Kings - 2026-02-20 - L 113-117,2026-02-20,Stockton Kings,HOME,L,113,117,225000.0,341200.0,0.0,1,1,1,5,4,0,0,4,118.1,121.9,0.0,0.0,121.9,240.0,0.507917,0,0.0,90000.0,368400.0,232918.0,1,1,1,2,6,1,0,33.84,166.53,39.63,0.0
2026-02-22|Austin Spurs|Memphis Hustle,Memphis Hustle,36,@ Austin Spurs - 2026-02-22 - L 97-102,2026-02-22,Austin Spurs,AWAY,L,97,102,180000.0,426500.0,0.0,1,1,1,4,5,0,0,5,106.43,133.56,0.0,0.0,133.56,239.99,0.556523,0,0.0,180000.0,185600.0,85300.0,1,1,1,4,3,1,0,111.78,87.69,40.52,0.0
2026-02-24|Greensboro Swarm|Memphis Hustle,Memphis Hustle,37,VS Greensboro Swarm - 2026-02-24 - L 105-126,2026-02-24,Greensboro Swarm,HOME,L,105,126,180000.0,341200.0,0.0,1,1,1,4,4,0,0,4,109.61,130.39,0.0,0.0,130.39,240.0,0.543292,0,0.0,135000.0,280600.0,551136.0,1,1,1,3,6,3,1,22.48,106.66,79.51,31.33
2026-02-26|Memphis Hustle|Wisconsin Herd,Memphis Hustle,38,VS Wisconsin Herd - 2026-02-26 - W 117-97,2026-02-26,Wisconsin Herd,HOME,W,117,97,225000.0,341200.0,0.0,1,1,1,5,4,0,0,4,120.83,119.16,0.0,0.0,119.16,239.99,0.496521,0,0.0,225000.0,170600.0,170600.0,1,1,1,5,2,2,0,120.47,62.4,57.13,0.0
2026-02-27|Memphis Hustle|Wisconsin Herd,Memphis Hustle,39,VS Wisconsin Herd - 2026-02-27 - L 126-134,2026-02-27,Wisconsin Herd,HOME,L,126,134,180000.0,341200.0,0.0,1,1,1,4,4,0,0,4,123.79,116.22,0.0,0.0,116.22,240.01,0.48423,0,0.0,180000.0,255900.0,170600.0,1,1,1,4,3,2,0,77.79,99.59,62.61,0.0
2026-03-01|Austin Spurs|Memphis Hustle,Memphis Hustle,40,@ Austin Spurs - 2026-03-01 - L 118-121,2026-03-01,Austin Spurs,AWAY,L,118,121,180000.0,255900.0,85300.0,1,1,1,4,3,1,0,4,115.58,104.87,19.55,0.0,124.42,240.0,0.518417,0,0.0,180000.0,240600.0,232918.0,1,1,1,4,3,1,0,112.34,95.44,32.23,0.0
2026-03-03|Memphis Hustle|Texas Legends,Memphis Hustle,41,VS Texas Legends - 2026-03-03 - W 135-113,2026-03-03,Texas Legends,HOME,W,135,113,180000.0,341200.0,318218.0,1,1,1,4,4,2,0,6,83.32,106.94,49.75,0.0,156.69,240.01,0.652848,0,0.0,225000.0,381200.0,0.0,1,1,1,5,5,0,0,86.55,153.45,0.0,0.0
2026-03-05|Memphis Hustle|Sioux Falls Skyforce,Memphis Hustle,42,VS Sioux Falls Skyforce - 2026-03-05 - L 82-119,2026-03-05,Sioux Falls Skyforce,HOME,L,82,119,180000.0,255900.0,318218.0,1,1,1,4,3,2,0,5,111.57,78.59,49.85,0.0,128.44,240.01,0.535144,0,0.0,225000.0,341200.0,85300.0,1,1,1,5,4,1,2,77.67,88.48,20.73,53.12
2026-03-08|Iowa Wolves|Memphis Hustle,Memphis Hustle,43,@ Iowa Wolves - 2026-03-08 - W 142-132,2026-03-08,Iowa Wolves,AWAY,W,142,132,180000.0,255900.0,318218.0,1,1,1,4,3,2,0,5,83.77,101.63,54.6,0.0,156.23,240.0,0.650958,0,0.0,180000.0,280900.0,232918.0,1,1,1,4,4,1,0,105.92,93.03,41.05,0.0
2026-03-14|Memphis Hustle|Mexico City Capitanes,Memphis Hustle,44,@ Mexico City Capitanes - 2026-03-14 - L 122-125,2026-03-14,Mexico City Capitanes,AWAY,L,122,125,315000.0,85300.0,318218.0,1,1,1,7,1,2,0,3,144.85,31.8,63.35,0.0,95.15,240.0,0.396458,0,0.0,405000.0,0.0,0.0,1,1,1,9,0,0,0,240.02,0.0,0.0,0.0
2026-03-15|Memphis Hustle|Mexico City Capitanes,Memphis Hustle,45,@ Mexico City Capitanes - 2026-03-15 - W 127-109,2026-03-15,Mexico City Capitanes,AWAY,W,127,109,315000.0,85300.0,318218.0,1,1,1,7,1,2,0,3,149.93,38.25,51.83,0.0,90.08,240.01,0.375318,0,0.0,450000.0,0.0,0.0,1,1,1,10,0,0,0,240.0,0.0,0.0,0.0
2026-03-19|Memphis Hustle|Stockton Kings,Memphis Hustle,46,VS Stockton Kings - 2026-03-19 - W 126-121,2026-03-19,Stockton Kings,HOME,W,126,121,270000.0,85300.0,318218.0,1,1,1,6,1,2,0,3,138.67,38.78,62.55,0.0,101.33,240.0,0.422208,0,0.0,90000.0,340900.0,465836.0,1,1,1,2,5,2,0,26.72,137.74,75.55,0.0
2026-03-21|Memphis Hustle|Oklahoma City Blue,Memphis Hustle,47,VS Oklahoma City Blue - 2026-03-21 - W 115-108,2026-03-21,Oklahoma City Blue,HOME,W,115,108,270000.0,85300.0,318218.0,1,1,1,6,1,2,0,3,162.51,13.5,63.99,0.0,77.49,240.0,0.322875,0,0.0,225000.0,341200.0,0.0,1,1,1,5,4,0,1,111.07,96.48,0.0,32.45
2026-03-22|Memphis Hustle|Oklahoma City Blue,Memphis Hustle,48,VS Oklahoma City Blue - 2026-03-22 - L 115-125,2026-03-22,Oklahoma City Blue,HOME,L,115,125,315000.0,0.0,318218.0,1,1,1,7,0,2,0,2,176.08,0.0,63.92,0.0,63.92,240.0,0.266333,0,0.0,225000.0,255900.0,0.0,1,1,1,5,3,0,1,128.83,80.5,0.0,30.67
2026-03-26|Memphis Hustle|Rio Grande Valley Vipers,Memphis Hustle,49,@ Rio Grande Valley Vipers - 2026-03-26 - L 107-121,2026-03-26,Rio Grande Valley Vipers,AWAY,L,107,121,270000.0,0.0,318218.0,1,1,1,6,0,2,0,2,174.95,0.0,65.05,0.0,65.05,240.0,0.271042,0,0.0,180000.0,130300.0,0.0,1,1,1,4,3,0,0,109.65,130.35,0.0,0.0
2026-03-28|Memphis Hustle|Rio Grande Valley Vipers,Memphis Hustle,50,@ Rio Grande Valley Vipers - 2026-03-28 - W 120-118,2026-03-28,Rio Grande Valley Vipers,AWAY,W,120,118,315000.0,85300.0,318218.0,1,1,1,7,1,2,0,3,147.39,33.6,59.04,0.0,92.64,240.03,0.385952,0,0.0,225000.0,130300.0,0.0,1,1,1,5,3,0,0,116.35,123.65,0.0,0.0
2025-11-08|Memphis Hustle|Mexico City Capitanes,Mexico City Capitanes,1,@ Memphis Hustle - 2025-11-08 - L 117-133,2025-11-08,Memphis Hustle,AWAY,L,117,133,405000.0,0.0,0.0,1,1,1,9,0,0,0,0,240.02,0.0,0.0,0.0,0.0,240.02,0.0,0,0.0,90000.0,341200.0,698754.0,1,1,1,2,4,3,1,40.02,71.26,95.62,33.1
2025-11-09|Memphis Hustle|Mexico City Capitanes,Mexico City Capitanes,2,@ Memphis Hustle - 2025-11-09 - L 103-109,2025-11-09,Memphis Hustle,AWAY,L,103,109,360000.0,0.0,0.0,1,1,1,8,0,0,0,0,240.03,0.0,0.0,0.0,0.0,240.03,0.0,0,0.0,225000.0,341200.0,0.0,1,1,1,5,4,0,0,109.14,130.86,0.0,0.0
2025-11-13|Mexico City Capitanes|Osceola Magic,Mexico City Capitanes,3,@ Osceola Magic - 2025-11-13 - L 111-117,2025-11-13,Osceola Magic,AWAY,L,111,117,450000.0,0.0,0.0,1,1,1,10,0,0,0,0,240.01,0.0,0.0,0.0,0.0,240.01,0.0,0,0.0,0.0,597100.0,318218.0,1,1,1,0,7,2,0,0.0,171.72,68.28,0.0
2025-11-16|Mexico City Capitanes|Oklahoma City Blue,Mexico City Capitanes,4,VS Oklahoma City Blue - 2025-11-16 - W 121-107,2025-11-16,Oklahoma City Blue,HOME,W,121,107,540000.0,0.0,0.0,1,1,1,12,0,0,0,0,240.02,0.0,0.0,0.0,0.0,240.02,0.0,0,0.0,90000.0,481500.0,0.0,1,1,1,2,6,0,0,62.22,177.78,0.0,0.0
2025-11-17|Mexico City Capitanes|Oklahoma City Blue,Mexico City Capitanes,5,VS Oklahoma City Blue - 2025-11-17 - W 106-91,2025-11-17,Oklahoma City Blue,HOME,W,106,91,495000.0,0.0,0.0,1,1,1,11,0,0,0,0,240.01,0.0,0.0,0.0,0.0,240.01,0.0,0,0.0,90000.0,310900.0,0.0,1,1,1,2,4,0,0,78.66,161.32,0.0,0.0
2025-11-23|Birmingham Squadron|Mexico City Capitanes,Mexico City Capitanes,6,VS Birmingham Squadron - 2025-11-23 - W 120-97,2025-11-23,Birmingham Squadron,HOME,W,120,97,450000.0,0.0,0.0,1,1,1,10,0,0,0,0,240.0,0.0,0.0,0.0,0.0,240.0,0.0,0,0.0,135000.0,441200.0,232918.0,1,1,1,3,6,1,0,39.38,164.82,35.8,0.0
2025-11-24|Birmingham Squadron|Mexico City Capitanes,Mexico City Capitanes,7,VS Birmingham Squadron - 2025-11-24 - W 115-102,2025-11-24,Birmingham Squadron,HOME,W,115,102,450000.0,0.0,0.0,1,1,1,10,0,0,0,0,240.02,0.0,0.0,0.0,0.0,240.02,0.0,0,0.0,45000.0,441200.0,232918.0,1,1,1,1,6,1,0,28.48,171.26,40.3,0.0
2025-11-28|Mexico City Capitanes|Texas Legends,Mexico City Capitanes,8,@ Texas Legends - 2025-11-28 - L 101-110,2025-11-28,Texas Legends,AWAY,L,101,110,450000.0,0.0,0.0,1,1,1,10,0,0,0,0,240.0,0.0,0.0,0.0,0.0,240.0,0.0,0,0.0,225000.0,381200.0,85300.0,1,1,1,5,5,1,0,74.26,134.15,31.58,0.0
2025-11-29|Mexico City Capitanes|Texas Legends,Mexico City Capitanes,9,@ Texas Legends - 2025-11-29 - L 97-119,2025-11-29,Texas Legends,AWAY,L,97,119,450000.0,0.0,0.0,1,1,1,10,0,0,0,0,240.01,0.0,0.0,0.0,0.0,240.01,0.0,0,0.0,225000.0,381200.0,85300.0,1,1,1,5,5,1,0,73.89,140.23,25.88,0.0
2025-12-01|Mexico City Capitanes|Texas Legends,Mexico City Capitanes,10,VS Texas Legends - 2025-12-01 - W 119-105,2025-12-01,Texas Legends,HOME,W,119,105,405000.0,0.0,0.0,1,1,1,9,0,0,0,0,240.01,0.0,0.0,0.0,0.0,240.01,0.0,0,0.0,180000.0,381200.0,85300.0,1,1,1,4,5,1,0,61.22,141.84,36.93,0.0
2025-12-04|Mexico City Capitanes|Rio Grande Valley Vipers,Mexico City Capitanes,11,@ Rio Grande Valley Vipers - 2025-12-04 - L 107-125,2025-12-04,Rio Grande Valley Vipers,AWAY,L,107,125,450000.0,0.0,0.0,1,1,1,10,0,0,0,0,239.99,0.0,0.0,0.0,0.0,239.99,0.0,0,0.0,225000.0,100300.0,232918.0,1,1,1,5,2,1,0,127.74,74.02,38.25,0.0
2025-12-06|Mexico City Capitanes|Rio Grande Valley Vipers,Mexico City Capitanes,12,@ Rio Grande Valley Vipers - 2025-12-06 - W 118-113,2025-12-06,Rio Grande Valley Vipers,AWAY,W,118,113,450000.0,0.0,0.0,1,1,1,10,0,0,0,0,239.99,0.0,0.0,0.0,0.0,239.99,0.0,0,0.0,270000.0,100300.0,0.0,1,1,1,6,2,0,0,164.73,75.27,0.0,0.0
2025-12-08|Austin Spurs|Mexico City Capitanes,Mexico City Capitanes,13,VS Austin Spurs - 2025-12-08 - L 107-110,2025-12-08,Austin Spurs,HOME,L,107,110,450000.0,0.0,0.0,1,1,1,10,0,0,0,0,240.0,0.0,0.0,0.0,0.0,240.0,0.0,0,0.0,135000.0,100300.0,403518.0,1,1,1,3,2,3,0,83.86,58.08,98.05,0.0
2025-12-10|Austin Spurs|Mexico City Capitanes,Mexico City Capitanes,14,VS Austin Spurs - 2025-12-10 - L 104-117,2025-12-10,Austin Spurs,HOME,L,104,117,405000.0,0.0,0.0,1,1,1,9,0,0,0,0,240.0,0.0,0.0,0.0,0.0,240.0,0.0,0,0.0,180000.0,100300.0,403518.0,1,1,1,4,2,3,0,86.57,55.14,98.3,0.0
2025-12-20|Long Island Nets|Mexico City Capitanes,Mexico City Capitanes,15,VS Long Island Nets - 2025-12-20 - W 111-102,2025-12-20,Long Island Nets,HOME,W,111,102,450000.0,0.0,0.0,1,1,1,10,0,0,0,0,240.01,0.0,0.0,0.0,0.0,240.01,0.0,0,0.0,45000.0,343550.0,170600.0,1,1,1,1,5,2,2,24.63,106.22,59.63,49.51
2025-12-22|Mexico City Capitanes|Osceola Magic,Mexico City Capitanes,16,@ Osceola Magic - 2025-12-22 - L 112-119,2025-12-22,Osceola Magic,AWAY,L,112,119,450000.0,0.0,0.0,1,1,1,10,0,0,0,0,239.99,0.0,0.0,0.0,0.0,239.99,0.0,0,0.0,90000.0,571800.0,0.0,1,1,1,2,7,0,0,34.78,205.21,0.0,0.0
2025-12-27|Austin Spurs|Mexico City Capitanes,Mexico City Capitanes,17,@ Austin Spurs - 2025-12-27 - L 105-109,2025-12-27,Austin Spurs,AWAY,L,105,109,495000.0,0.0,0.0,1,1,1,11,0,0,0,0,240.01,0.0,0.0,0.0,0.0,240.01,0.0,0,0.0,135000.0,170300.0,403518.0,1,1,1,3,3,3,0,72.68,67.99,99.31,0.0
2025-12-29|Mexico City Capitanes|Oklahoma City Blue,Mexico City Capitanes,18,@ Oklahoma City Blue - 2025-12-29 - W 130-123,2025-12-29,Oklahoma City Blue,AWAY,W,130,123,450000.0,0.0,0.0,1,1,1,10,0,0,0,0,240.0,0.0,0.0,0.0,0.0,240.0,0.0,0,0.0,315000.0,85300.0,0.0,1,1,1,7,1,0,0,204.21,35.78,0.0,0.0
2025-12-30|Mexico City Capitanes|Oklahoma City Blue,Mexico City Capitanes,19,@ Oklahoma City Blue - 2025-12-30 - W 102-90,2025-12-30,Oklahoma City Blue,AWAY,W,102,90,405000.0,0.0,0.0,1,1,1,9,0,0,0,0,239.99,0.0,0.0,0.0,0.0,239.99,0.0,0,0.0,270000.0,85300.0,85300.0,1,1,1,6,1,1,0,164.13,38.7,37.17,0.0
2026-01-04|Mexico City Capitanes|Texas Legends,Mexico City Capitanes,20,VS Texas Legends - 2026-01-04 - W 118-113,2026-01-04,Texas Legends,HOME,W,118,113,450000.0,0.0,0.0,1,1,1,10,0,0,0,0,240.02,0.0,0.0,0.0,0.0,240.02,0.0,0,0.0,180000.0,295900.0,170600.0,1,1,1,4,4,2,0,69.59,108.48,61.92,0.0
2026-01-06|Mexico City Capitanes|Texas Legends,Mexico City Capitanes,21,VS Texas Legends - 2026-01-06 - W 122-109,2026-01-06,Texas Legends,HOME,W,122,109,495000.0,0.0,0.0,1,1,1,11,0,0,0,0,240.0,0.0,0.0,0.0,0.0,240.0,0.0,0,0.0,135000.0,295900.0,170600.0,1,1,1,3,4,2,0,81.06,101.78,57.15,0.0
2026-01-07|Cleveland Charge|Mexico City Capitanes,Mexico City Capitanes,22,VS Cleveland Charge - 2026-01-07 - W 126-119,2026-01-07,Cleveland Charge,HOME,W,126,119,495000.0,0.0,0.0,1,1,1,11,0,0,0,0,240.0,0.0,0.0,0.0,0.0,240.0,0.0,0,0.0,90000.0,401200.0,0.0,1,1,1,2,6,0,0,56.68,183.32,0.0,0.0
2026-01-09|Mexico City Capitanes|Santa Cruz Warriors,Mexico City Capitanes,23,VS Santa Cruz Warriors - 2026-01-09 - W 121-114,2026-01-09,Santa Cruz Warriors,HOME,W,121,114,450000.0,0.0,0.0,1,1,1,10,0,0,0,0,240.0,0.0,0.0,0.0,0.0,240.0,0.0,0,0.0,225000.0,366200.0,85300.0,1,1,1,5,5,1,0,101.95,106.39,31.65,0.0
2026-01-11|Mexico City Capitanes|Santa Cruz Warriors,Mexico City Capitanes,24,VS Santa Cruz Warriors - 2026-01-11 - W 122-118,2026-01-11,Santa Cruz Warriors,HOME,W,122,118,450000.0,0.0,0.0,1,1,1,10,0,0,0,0,240.01,0.0,0.0,0.0,0.0,240.01,0.0,0,0.0,225000.0,366200.0,170600.0,1,1,1,5,5,2,0,91.18,97.95,50.91,0.0
2026-01-13|Mexico City Capitanes|Rio Grande Valley Vipers,Mexico City Capitanes,25,VS Rio Grande Valley Vipers - 2026-01-13 - W 122-97,2026-01-13,Rio Grande Valley Vipers,HOME,W,122,97,450000.0,0.0,0.0,1,1,1,10,0,0,0,0,240.0,0.0,0.0,0.0,0.0,240.0,0.0,0,0.0,225000.0,130300.0,318218.0,1,1,1,5,3,2,0,112.93,72.27,54.8,0.0
2026-01-14|Mexico City Capitanes|Rio Grande Valley Vipers,Mexico City Capitanes,26,VS Rio Grande Valley Vipers - 2026-01-14 - W 139-102,2026-01-14,Rio Grande Valley Vipers,HOME,W,139,102,450000.0,0.0,0.0,1,1,1,10,0,0,0,0,240.03,0.0,0.0,0.0,0.0,240.03,0.0,0,0.0,225000.0,130300.0,318218.0,1,1,1,5,3,2,0,100.09,78.64,61.29,0.0
2026-01-18|Mexico City Capitanes|San Diego Clippers,Mexico City Capitanes,27,VS San Diego Clippers - 2026-01-18 - L 96-115,2026-01-18,San Diego Clippers,HOME,L,96,115,450000.0,0.0,0.0,1,1,1,10,0,0,0,0,240.0,0.0,0.0,0.0,0.0,240.0,0.0,0,0.0,225000.0,215900.0,0.0,1,1,1,5,3,0,0,129.57,110.41,0.0,0.0
2026-01-20|Mexico City Capitanes|San Diego Clippers,Mexico City Capitanes,28,VS San Diego Clippers - 2026-01-20 - W 113-101,2026-01-20,San Diego Clippers,HOME,W,113,101,450000.0,0.0,0.0,1,1,1,10,0,0,0,0,240.01,0.0,0.0,0.0,0.0,240.01,0.0,0,0.0,225000.0,215900.0,0.0,1,1,1,5,3,0,0,131.89,108.1,0.0,0.0
2026-01-22|Mexico City Capitanes|South Bay Lakers,Mexico City Capitanes,29,@ South Bay Lakers - 2026-01-22 - W 123-113,2026-01-22,South Bay Lakers,AWAY,W,123,113,450000.0,0.0,0.0,1,1,1,10,0,0,0,0,240.0,0.0,0.0,0.0,0.0,240.0,0.0,0,0.0,90000.0,456500.0,318218.0,1,1,1,2,6,2,0,25.36,143.14,71.49,0.0
2026-01-24|Mexico City Capitanes|South Bay Lakers,Mexico City Capitanes,30,@ South Bay Lakers - 2026-01-24 - L 95-125,2026-01-24,South Bay Lakers,AWAY,L,95,125,495000.0,0.0,0.0,1,1,1,11,0,0,0,0,240.0,0.0,0.0,0.0,0.0,240.0,0.0,0,0.0,90000.0,456500.0,85300.0,1,1,1,2,6,1,0,46.67,158.49,34.85,0.0
2026-01-27|Iowa Wolves|Mexico City Capitanes,Mexico City Capitanes,31,@ Iowa Wolves - 2026-01-27 - L 104-113,2026-01-27,Iowa Wolves,AWAY,L,104,113,495000.0,0.0,0.0,1,1,1,11,0,0,0,0,240.01,0.0,0.0,0.0,0.0,240.01,0.0,0,0.0,180000.0,280900.0,465836.0,1,1,1,4,4,2,0,65.3,112.91,61.78,0.0
2026-02-01|Mexico City Capitanes|Rip City Remix,Mexico City Capitanes,32,VS Rip City Remix - 2026-02-01 - W 130-104,2026-02-01,Rip City Remix,HOME,W,130,104,450000.0,0.0,0.0,1,1,1,10,0,0,0,0,240.0,0.0,0.0,0.0,0.0,240.0,0.0,0,0.0,225000.0,426500.0,0.0,1,1,1,5,5,0,0,128.37,111.63,0.0,0.0
2026-02-03|Mexico City Capitanes|Rip City Remix,Mexico City Capitanes,33,VS Rip City Remix - 2026-02-03 - L 119-133,2026-02-03,Rip City Remix,HOME,L,119,133,495000.0,0.0,0.0,1,1,1,11,0,0,0,0,240.02,0.0,0.0,0.0,0.0,240.02,0.0,0,0.0,225000.0,426500.0,0.0,1,1,1,5,5,0,0,99.75,140.25,0.0,0.0
2026-02-11|Mexico City Capitanes|Stockton Kings,Mexico City Capitanes,34,@ Stockton Kings - 2026-02-11 - W 107-86,2026-02-11,Stockton Kings,AWAY,W,107,86,450000.0,0.0,0.0,1,1,1,10,0,0,0,0,240.0,0.0,0.0,0.0,0.0,240.0,0.0,0,0.0,180000.0,368400.0,0.0,1,1,1,4,6,0,0,73.62,166.38,0.0,0.0
2026-02-12|Mexico City Capitanes|Stockton Kings,Mexico City Capitanes,35,@ Stockton Kings - 2026-02-12 - L 98-113,2026-02-12,Stockton Kings,AWAY,L,98,113,450000.0,0.0,0.0,1,1,1,10,0,0,0,0,240.0,0.0,0.0,0.0,0.0,240.0,0.0,0,0.0,135000.0,368400.0,232918.0,1,1,1,3,6,1,0,61.23,147.72,31.05,0.0
2026-02-22|Mexico City Capitanes|Salt Lake City Stars,Mexico City Capitanes,36,VS Salt Lake City Stars - 2026-02-22 - W 120-119,2026-02-22,Salt Lake City Stars,HOME,W,120,119,495000.0,0.0,0.0,1,1,1,11,0,0,0,0,239.99,0.0,0.0,0.0,0.0,239.99,0.0,0,0.0,135000.0,341200.0,0.0,1,1,1,3,4,0,0,99.45,140.54,0.0,0.0
2026-02-24|Mexico City Capitanes|Salt Lake City Stars,Mexico City Capitanes,37,VS Salt Lake City Stars - 2026-02-24 - W 122-118,2026-02-24,Salt Lake City Stars,HOME,W,122,118,450000.0,0.0,0.0,1,1,1,10,0,0,0,0,239.98,0.0,0.0,0.0,0.0,239.98,0.0,0,0.0,135000.0,341200.0,0.0,1,1,1,3,4,0,0,105.2,134.8,0.0,0.0
2026-02-27|Iowa Wolves|Mexico City Capitanes,Mexico City Capitanes,38,@ Iowa Wolves - 2026-02-27 - L 117-118,2026-02-27,Iowa Wolves,AWAY,L,117,118,360000.0,0.0,0.0,1,1,1,8,0,0,0,0,240.01,0.0,0.0,0.0,0.0,240.01,0.0,0,0.0,180000.0,280900.0,465836.0,1,1,1,4,4,2,0,66.03,105.19,68.82,0.0
2026-03-01|Mexico City Capitanes|Noblesville Boom,Mexico City Capitanes,39,VS Noblesville Boom - 2026-03-01 - W 118-114,2026-03-01,Noblesville Boom,HOME,W,118,114,360000.0,0.0,0.0,1,1,1,8,0,0,0,0,240.05,0.0,0.0,0.0,0.0,240.05,0.0,0,0.0,225000.0,255900.0,0.0,1,1,1,5,3,0,0,146.72,93.29,0.0,0.0
2026-03-03|Mexico City Capitanes|Noblesville Boom,Mexico City Capitanes,40,VS Noblesville Boom - 2026-03-03 - W 122-110,2026-03-03,Noblesville Boom,HOME,W,122,110,450000.0,0.0,0.0,1,1,1,10,0,0,0,0,240.04,0.0,0.0,0.0,0.0,240.04,0.0,0,0.0,270000.0,170600.0,0.0,1,1,1,6,2,0,0,182.19,57.81,0.0,0.0
2026-03-06|Mexico City Capitanes|Wisconsin Herd,Mexico City Capitanes,41,@ Wisconsin Herd - 2026-03-06 - W 116-104,2026-03-06,Wisconsin Herd,AWAY,W,116,104,405000.0,0.0,0.0,1,1,1,9,0,0,0,0,240.0,0.0,0.0,0.0,0.0,240.0,0.0,0,0.0,225000.0,125300.0,170600.0,1,1,1,5,2,2,0,113.29,66.53,60.18,0.0
2026-03-07|Mexico City Capitanes|Wisconsin Herd,Mexico City Capitanes,42,@ Wisconsin Herd - 2026-03-07 - W 116-97,2026-03-07,Wisconsin Herd,AWAY,W,116,97,495000.0,0.0,0.0,1,1,1,11,0,0,0,0,240.0,0.0,0.0,0.0,0.0,240.0,0.0,0,0.0,225000.0,250600.0,170600.0,1,1,1,5,4,2,0,89.97,102.14,47.88,0.0
2026-03-10|Grand Rapids Gold|Mexico City Capitanes,Mexico City Capitanes,43,@ Grand Rapids Gold - 2026-03-10 - W 115-112,2026-03-10,Grand Rapids Gold,AWAY,W,115,112,405000.0,0.0,0.0,1,1,1,9,0,0,0,0,259.27,0.0,0.0,0.0,0.0,259.27,0.0,0,0.0,180000.0,332670.0,232918.0,1,1,1,4,5,1,0,101.81,116.1,41.33,0.0
2026-03-14|Memphis Hustle|Mexico City Capitanes,Mexico City Capitanes,44,VS Memphis Hustle - 2026-03-14 - W 125-122,2026-03-14,Memphis Hustle,HOME,W,125,122,405000.0,0.0,0.0,1,1,1,9,0,0,0,0,240.02,0.0,0.0,0.0,0.0,240.02,0.0,0,0.0,315000.0,85300.0,318218.0,1,1,1,7,1,2,0,144.85,31.8,63.35,0.0
2026-03-15|Memphis Hustle|Mexico City Capitanes,Mexico City Capitanes,45,VS Memphis Hustle - 2026-03-15 - L 109-127,2026-03-15,Memphis Hustle,HOME,L,109,127,450000.0,0.0,0.0,1,1,1,10,0,0,0,0,240.0,0.0,0.0,0.0,0.0,240.0,0.0,0,0.0,315000.0,85300.0,318218.0,1,1,1,7,1,2,0,149.93,38.25,51.83,0.0
2026-03-20|Mexico City Capitanes|Sioux Falls Skyforce,Mexico City Capitanes,46,@ Sioux Falls Skyforce - 2026-03-20 - L 89-131,2026-03-20,Sioux Falls Skyforce,AWAY,L,89,131,495000.0,0.0,0.0,1,1,1,11,0,0,0,0,240.0,0.0,0.0,0.0,0.0,240.0,0.0,0,0.0,270000.0,341200.0,170600.0,1,1,1,6,4,2,1,71.29,101.69,36.9,30.12
2026-03-21|Mexico City Capitanes|Sioux Falls Skyforce,Mexico City Capitanes,47,@ Sioux Falls Skyforce - 2026-03-21 - W 116-105,2026-03-21,Sioux Falls Skyforce,AWAY,W,116,105,450000.0,0.0,0.0,1,1,1,10,0,0,0,0,240.01,0.0,0.0,0.0,0.0,240.01,0.0,0,0.0,135000.0,341200.0,85300.0,1,1,1,3,4,1,1,65.32,110.06,26.77,37.85
2026-03-24|Mexico City Capitanes|Valley Suns,Mexico City Capitanes,48,@ Valley Suns - 2026-03-24 - W 112-99,2026-03-24,Valley Suns,AWAY,W,112,99,540000.0,0.0,0.0,1,1,1,12,0,0,0,0,239.99,0.0,0.0,0.0,0.0,239.99,0.0,0,0.0,225000.0,275900.0,0.0,1,1,1,5,4,0,0,112.02,127.98,0.0,0.0
2026-03-25|Mexico City Capitanes|Valley Suns,Mexico City Capitanes,49,@ Valley Suns - 2026-03-25 - L 94-114,2026-03-25,Valley Suns,AWAY,L,94,114,540000.0,0.0,0.0,1,1,1,12,0,0,0,0,239.99,0.0,0.0,0.0,0.0,239.99,0.0,0,0.0,225000.0,190600.0,0.0,1,1,1,5,3,0,0,158.67,81.34,0.0,0.0
2026-03-28|Austin Spurs|Mexico City Capitanes,Mexico City Capitanes,50,@ Austin Spurs - 2026-03-28 - L 86-118,2026-03-28,Austin Spurs,AWAY,L,86,118,540000.0,0.0,0.0,1,1,1,12,0,0,0,0,239.99,0.0,0.0,0.0,0.0,239.99,0.0,0,0.0,90000.0,255600.0,403518.0,1,1,1,2,4,3,0,33.73,111.75,94.52,0.0
2025-11-07|Motor City Cruise|Sioux Falls Skyforce,Motor City Cruise,1,VS Sioux Falls Skyforce - 2025-11-07 - W 137-114,2025-11-07,Sioux Falls Skyforce,HOME,W,137,114,135000.0,285600.0,232918.0,1,1,1,3,5,1,0,6,71.7,144.2,24.1,0.0,168.3,240.0,0.70125,0,0.0,180000.0,511800.0,170600.0,1,1,1,4,6,2,0,33.18,154.07,52.77,0.0
2025-11-08|Motor City Cruise|Sioux Falls Skyforce,Motor City Cruise,2,VS Sioux Falls Skyforce - 2025-11-08 - L 118-137,2025-11-08,Sioux Falls Skyforce,HOME,L,118,137,180000.0,200300.0,85300.0,1,1,1,4,4,1,0,5,106.09,116.53,17.38,0.0,133.91,240.0,0.557958,0,0.0,135000.0,511800.0,170600.0,1,1,1,3,6,2,0,30.3,148.42,61.29,0.0
2025-11-12|Cleveland Charge|Motor City Cruise,Motor City Cruise,3,VS Cleveland Charge - 2025-11-12 - L 111-121,2025-11-12,Cleveland Charge,HOME,L,111,121,225000.0,135300.0,0.0,1,1,1,5,3,0,0,3,134.49,105.5,0.0,0.0,105.5,239.99,0.439602,0,0.0,45000.0,571800.0,0.0,1,1,1,1,8,0,0,19.75,220.25,0.0,0.0
2025-11-15|Grand Rapids Gold|Motor City Cruise,Motor City Cruise,4,@ Grand Rapids Gold - 2025-11-15 - L 94-118,2025-11-15,Grand Rapids Gold,AWAY,L,94,118,180000.0,305900.0,318218.0,1,1,1,4,5,2,0,7,50.76,128.99,60.23,0.0,189.22,239.98,0.788482,0,0.0,135000.0,511800.0,465836.0,1,1,1,3,8,2,0,37.62,138.46,63.94,0.0
2025-11-16|Grand Rapids Gold|Motor City Cruise,Motor City Cruise,5,@ Grand Rapids Gold - 2025-11-16 - W 122-117,2025-11-16,Grand Rapids Gold,AWAY,W,122,117,135000.0,305900.0,232918.0,1,1,1,3,5,1,0,6,72.89,132.22,34.92,0.0,167.14,240.03,0.69633,0,0.0,45000.0,469150.0,465836.0,1,1,1,1,7,2,0,29.25,143.96,66.79,0.0
2025-11-22|Motor City Cruise|Noblesville Boom,Motor City Cruise,6,@ Noblesville Boom - 2025-11-22 - W 107-96,2025-11-22,Noblesville Boom,AWAY,W,107,96,90000.0,305900.0,318218.0,1,1,1,2,5,2,0,7,57.1,120.99,61.92,0.0,182.91,240.01,0.762093,0,0.0,180000.0,255900.0,465836.0,1,1,1,4,3,2,0,94.52,69.13,76.35,0.0
2025-11-23|Motor City Cruise|Noblesville Boom,Motor City Cruise,7,@ Noblesville Boom - 2025-11-23 - L 88-104,2025-11-23,Noblesville Boom,AWAY,L,88,104,90000.0,305900.0,318218.0,1,1,1,2,5,2,0,7,50.47,134.22,55.32,0.0,189.54,240.01,0.789717,0,0.0,180000.0,255900.0,465836.0,1,1,1,4,3,2,0,106.45,61.88,71.66,0.0
2025-11-25|Motor City Cruise|Wisconsin Herd,Motor City Cruise,8,VS Wisconsin Herd - 2025-11-25 - L 111-118,2025-11-25,Wisconsin Herd,HOME,L,111,118,135000.0,220600.0,318218.0,1,1,1,3,4,2,0,6,58.54,122.9,58.53,0.0,181.43,239.97,0.756053,0,0.0,225000.0,210600.0,85300.0,1,1,1,5,3,1,1,105.93,81.55,24.95,27.6
2025-11-29|Iowa Wolves|Motor City Cruise,Motor City Cruise,9,VS Iowa Wolves - 2025-11-29 - L 137-156,2025-11-29,Iowa Wolves,HOME,L,137,156,225000.0,305900.0,318218.0,1,1,1,5,5,2,0,7,68.69,115.89,55.41,0.0,171.3,239.99,0.71378,0,0.0,135000.0,416200.0,318218.0,1,1,1,3,6,2,0,38.56,141.96,59.48,0.0
2025-12-03|Motor City Cruise|Wisconsin Herd,Motor City Cruise,10,VS Wisconsin Herd - 2025-12-03 - L 112-114,2025-12-03,Wisconsin Herd,HOME,L,112,114,90000.0,305900.0,318218.0,1,1,1,2,5,2,1,8,38.56,120.87,57.43,23.15,201.45,240.01,0.83934,0,0.0,180000.0,85300.0,403518.0,1,1,1,4,1,3,1,94.64,23.15,90.43,31.8
2025-12-05|Motor City Cruise|Windy City Bulls,Motor City Cruise,11,@ Windy City Bulls - 2025-12-05 - W 129-118,2025-12-05,Windy City Bulls,AWAY,W,129,118,180000.0,391200.0,318218.0,1,1,1,4,6,2,0,8,57.64,120.73,61.62,0.0,182.35,239.99,0.759823,0,0.0,135000.0,426500.0,85300.0,1,1,1,3,5,1,0,51.5,152.64,35.87,0.0
2025-12-06|Motor City Cruise|Windy City Bulls,Motor City Cruise,12,@ Windy City Bulls - 2025-12-06 - W 128-126,2025-12-06,Windy City Bulls,AWAY,W,128,126,90000.0,391200.0,318218.0,1,1,1,2,6,2,0,8,47.26,147.2,64.95,0.0,212.15,259.41,0.817817,0,0.0,90000.0,426500.0,403517.0,1,1,1,2,5,3,0,33.03,132.73,93.64,0.0
2025-12-10|Cleveland Charge|Motor City Cruise,Motor City Cruise,13,VS Cleveland Charge - 2025-12-10 - L 121-129,2025-12-10,Cleveland Charge,HOME,L,121,129,180000.0,391200.0,85300.0,1,1,1,4,6,1,1,8,37.72,132.09,31.9,38.3,202.29,240.01,0.84284,0,0.0,45000.0,657100.0,150000.0,1,1,1,1,9,1,0,17.02,201.27,21.72,0.0
2025-12-12|Iowa Wolves|Motor City Cruise,Motor City Cruise,14,@ Iowa Wolves - 2025-12-12 - W 121-101,2025-12-12,Iowa Wolves,AWAY,W,121,101,180000.0,391200.0,318218.0,1,1,1,4,6,2,1,9,34.45,104.29,67.08,34.18,205.55,240.0,0.856458,0,0.0,180000.0,391200.0,551136.0,1,1,1,4,5,3,0,55.92,105.7,78.38,0.0
2025-12-20|Motor City Cruise|Valley Suns,Motor City Cruise,15,@ Valley Suns - 2025-12-20 - L 121-130,2025-12-20,Valley Suns,AWAY,L,121,130,90000.0,305900.0,318218.0,1,1,1,2,5,2,1,8,43.53,114.66,49.56,32.23,196.45,239.98,0.81861,0,0.0,135000.0,446500.0,0.0,1,1,1,3,6,0,0,67.49,172.5,0.0,0.0
2025-12-22|College Park Skyhawks|Motor City Cruise,Motor City Cruise,16,@ College Park Skyhawks - 2025-12-22 - W 113-112,2025-12-22,College Park Skyhawks,AWAY,W,113,112,90000.0,305900.0,318218.0,1,1,1,2,5,2,1,8,29.53,107.95,66.22,36.3,210.47,240.0,0.876958,0,0.0,135000.0,355900.0,85300.0,1,1,1,3,6,1,0,45.26,157.4,37.35,0.0
2025-12-27|Motor City Cruise|Windy City Bulls,Motor City Cruise,17,VS Windy City Bulls - 2025-12-27 - L 101-116,2025-12-27,Windy City Bulls,HOME,L,101,116,225000.0,220600.0,232918.0,1,1,1,5,4,1,0,5,86.29,124.95,28.77,0.0,153.72,240.01,0.640473,0,0.0,135000.0,341200.0,318217.0,1,1,1,3,4,2,0,66.2,112.21,61.58,0.0
2025-12-29|Motor City Cruise|Windy City Bulls,Motor City Cruise,18,VS Windy City Bulls - 2025-12-29 - W 138-117,2025-12-29,Windy City Bulls,HOME,W,138,117,225000.0,305900.0,232918.0,1,1,1,5,5,1,0,6,58.15,157.37,24.48,0.0,181.85,240.0,0.757708,0,0.0,180000.0,341200.0,0.0,1,1,1,4,4,0,0,86.94,153.06,0.0,0.0
2025-12-30|Grand Rapids Gold|Motor City Cruise,Motor City Cruise,19,VS Grand Rapids Gold - 2025-12-30 - L 114-123,2025-12-30,Grand Rapids Gold,HOME,L,114,123,135000.0,305900.0,232918.0,1,1,1,3,5,1,0,6,50.8,156.89,32.3,0.0,189.19,239.99,0.788325,0,0.0,45000.0,511800.0,0.0,1,1,1,1,8,0,0,7.83,232.16,0.0,0.0
2026-01-03|Motor City Cruise|Westchester Knicks,Motor City Cruise,20,VS Westchester Knicks - 2026-01-03 - L 132-140,2026-01-03,Westchester Knicks,HOME,L,132,140,180000.0,305900.0,0.0,1,1,1,4,5,0,1,6,71.1,151.1,0.0,44.38,195.48,266.58,0.733288,0,0.0,90000.0,366200.0,85300.0,1,1,1,2,5,1,0,52.05,169.21,45.32,0.0
2026-01-04|Motor City Cruise|Westchester Knicks,Motor City Cruise,21,VS Westchester Knicks - 2026-01-04 - L 94-99,2026-01-04,Westchester Knicks,HOME,L,94,99,180000.0,305900.0,0.0,1,1,1,4,5,0,0,5,82.71,157.28,0.0,0.0,157.28,239.99,0.655361,0,0.0,90000.0,280900.0,170600.0,1,1,1,2,4,2,0,49.57,124.8,65.63,0.0
2026-01-07|Capital City Go-Go|Motor City Cruise,Motor City Cruise,22,@ Capital City Go-Go - 2026-01-07 - L 104-112,2026-01-07,Capital City Go-Go,AWAY,L,104,112,270000.0,50000.0,0.0,1,1,1,6,2,0,0,2,167.41,72.6,0.0,0.0,72.6,240.01,0.302487,0,0.0,135000.0,253250.0,465836.0,1,1,1,3,4,2,1,49.73,98.0,62.62,29.65
2026-01-09|Capital City Go-Go|Motor City Cruise,Motor City Cruise,23,@ Capital City Go-Go - 2026-01-09 - L 106-114,2026-01-09,Capital City Go-Go,AWAY,L,106,114,270000.0,135300.0,0.0,1,1,1,6,3,0,1,4,126.42,80.1,0.0,33.48,113.58,240.0,0.47325,0,0.0,135000.0,253250.0,465836.0,1,1,1,3,4,2,1,61.93,74.05,71.35,32.67
2026-01-11|Motor City Cruise|Salt Lake City Stars,Motor City Cruise,24,VS Salt Lake City Stars - 2026-01-11 - W 108-102,2026-01-11,Salt Lake City Stars,HOME,W,108,102,270000.0,50000.0,232918.0,1,1,1,6,2,1,1,4,107.66,66.07,29.05,37.22,132.34,240.0,0.551417,0,0.0,90000.0,426500.0,465836.0,1,1,1,2,5,2,0,45.83,123.15,71.02,0.0
2026-01-15|Birmingham Squadron|Motor City Cruise,Motor City Cruise,25,@ Birmingham Squadron - 2026-01-15 - W 109-94,2026-01-15,Birmingham Squadron,AWAY,W,109,94,225000.0,50000.0,232918.0,1,1,1,5,2,1,1,4,129.41,47.27,30.02,33.32,110.61,240.02,0.460837,0,0.0,90000.0,441200.0,232918.0,1,1,1,2,6,1,0,63.43,145.29,31.28,0.0
2026-01-17|Birmingham Squadron|Motor City Cruise,Motor City Cruise,26,@ Birmingham Squadron - 2026-01-17 - W 127-103,2026-01-17,Birmingham Squadron,AWAY,W,127,103,225000.0,135300.0,318218.0,1,1,1,5,3,2,1,6,117.98,56.02,42.75,23.25,122.02,240.0,0.508417,0,0.0,135000.0,220600.0,465836.0,1,1,1,3,3,2,0,81.37,88.47,70.17,0.0
2026-01-22|Grand Rapids Gold|Motor City Cruise,Motor City Cruise,27,VS Grand Rapids Gold - 2026-01-22 - W 125-114,2026-01-22,Grand Rapids Gold,HOME,W,125,114,225000.0,135300.0,318218.0,1,1,1,5,3,2,1,6,105.24,62.61,45.01,27.13,134.75,239.99,0.561482,0,0.0,90000.0,417970.0,232918.0,1,1,1,2,6,1,0,18.12,183.84,38.05,0.0
2026-01-24|Delaware Blue Coats|Motor City Cruise,Motor City Cruise,28,@ Delaware Blue Coats - 2026-01-24 - W 133-119,2026-01-24,Delaware Blue Coats,AWAY,W,133,119,225000.0,135300.0,318218.0,1,1,1,5,3,2,0,5,107.0,75.29,57.72,0.0,133.01,240.01,0.554185,0,0.0,225000.0,170600.0,0.0,1,1,1,5,3,0,0,132.23,107.76,0.0,0.0
2026-01-26|Long Island Nets|Motor City Cruise,Motor City Cruise,29,@ Long Island Nets - 2026-01-26 - L 106-112,2026-01-26,Long Island Nets,AWAY,L,106,112,180000.0,135300.0,318218.0,1,1,1,4,3,2,0,5,95.35,81.57,63.08,0.0,144.65,240.0,0.602708,0,0.0,45000.0,453850.0,235300.0,1,1,1,1,7,2,0,37.0,136.81,66.2,0.0
2026-01-28|Long Island Nets|Motor City Cruise,Motor City Cruise,30,@ Long Island Nets - 2026-01-28 - W 106-104,2026-01-28,Long Island Nets,AWAY,W,106,104,225000.0,135300.0,85300.0,1,1,1,5,3,1,0,4,114.91,94.12,30.97,0.0,125.09,240.0,0.521208,0,0.0,45000.0,368550.0,235300.0,1,1,1,1,6,2,0,39.25,135.89,64.87,0.0
2026-01-31|Cleveland Charge|Motor City Cruise,Motor City Cruise,31,@ Cleveland Charge - 2026-01-31 - W 114-104,2026-01-31,Cleveland Charge,AWAY,W,114,104,270000.0,135300.0,85300.0,1,1,1,6,3,1,0,4,131.76,75.19,33.07,0.0,108.26,240.02,0.451046,0,0.0,135000.0,436500.0,0.0,1,1,1,3,6,0,0,66.66,173.33,0.0,0.0
2026-02-01|Memphis Hustle|Motor City Cruise,Motor City Cruise,32,VS Memphis Hustle - 2026-02-01 - L 109-120,2026-02-01,Memphis Hustle,HOME,L,109,120,225000.0,135300.0,85300.0,1,1,1,5,3,1,1,5,120.61,66.49,30.25,22.65,119.39,240.0,0.497458,0,0.0,225000.0,255900.0,0.0,1,1,1,5,3,0,0,136.0,104.0,0.0,0.0
2026-02-03|Memphis Hustle|Motor City Cruise,Motor City Cruise,33,VS Memphis Hustle - 2026-02-03 - W 135-105,2026-02-03,Memphis Hustle,HOME,W,135,105,315000.0,135300.0,85300.0,1,1,1,7,3,1,1,5,119.33,70.87,21.98,27.82,120.67,240.0,0.502792,0,0.0,180000.0,341200.0,0.0,1,1,1,4,4,0,0,118.72,121.29,0.0,0.0
2026-02-08|Motor City Cruise|Raptors 905,Motor City Cruise,34,@ Raptors 905 - 2026-02-08 - L 99-112,2026-02-08,Raptors 905,AWAY,L,99,112,270000.0,135300.0,85300.0,1,1,1,6,3,1,1,5,113.59,69.12,33.27,24.03,126.42,240.01,0.526728,0,0.0,135000.0,340900.0,0.0,1,1,1,3,5,0,0,89.72,150.28,0.0,0.0
2026-02-11|Maine Celtics|Motor City Cruise,Motor City Cruise,35,@ Maine Celtics - 2026-02-11 - W 109-103,2026-02-11,Maine Celtics,AWAY,W,109,103,270000.0,120300.0,85300.0,1,1,1,6,2,1,0,3,143.9,61.05,35.05,0.0,96.1,240.0,0.400417,0,0.0,180000.0,245300.0,551136.0,1,1,1,4,4,3,0,36.85,97.39,105.75,0.0
2026-02-12|Maine Celtics|Motor City Cruise,Motor City Cruise,36,@ Maine Celtics - 2026-02-12 - W 123-108,2026-02-12,Maine Celtics,AWAY,W,123,108,270000.0,135300.0,85300.0,1,1,1,6,3,1,0,4,132.35,66.95,40.7,0.0,107.65,240.0,0.448542,0,0.0,180000.0,245300.0,318218.0,1,1,1,4,4,2,0,46.47,126.33,67.2,0.0
2026-02-20|College Park Skyhawks|Motor City Cruise,Motor City Cruise,37,VS College Park Skyhawks - 2026-02-20 - L 124-131,2026-02-20,College Park Skyhawks,HOME,L,124,131,270000.0,50000.0,85300.0,1,1,1,6,2,1,0,3,138.56,64.83,36.6,0.0,101.43,239.99,0.422643,0,0.0,270000.0,75000.0,85300.0,1,1,1,6,2,1,0,160.8,44.22,34.98,0.0
2026-02-22|College Park Skyhawks|Motor City Cruise,Motor City Cruise,38,VS College Park Skyhawks - 2026-02-22 - W 149-118,2026-02-22,College Park Skyhawks,HOME,W,149,118,180000.0,50000.0,318218.0,1,1,1,4,2,2,1,5,109.24,36.41,61.56,32.78,130.75,239.99,0.544814,0,0.0,315000.0,75000.0,85300.0,1,1,1,7,2,1,0,158.74,48.32,32.93,0.0
2026-02-26|Austin Spurs|Motor City Cruise,Motor City Cruise,39,@ Austin Spurs - 2026-02-26 - L 94-102,2026-02-26,Austin Spurs,AWAY,L,94,102,225000.0,220600.0,85300.0,1,1,1,5,4,1,1,6,99.65,77.48,29.33,33.53,140.34,239.99,0.584774,0,0.0,180000.0,255600.0,232918.0,1,1,1,4,4,1,0,93.17,110.15,36.68,0.0
2026-03-01|Motor City Cruise|Oklahoma City Blue,Motor City Cruise,40,@ Oklahoma City Blue - 2026-03-01 - W 129-121,2026-03-01,Oklahoma City Blue,AWAY,W,129,121,180000.0,305900.0,85300.0,1,1,1,4,5,1,1,7,108.79,71.29,29.02,30.92,131.23,240.02,0.546746,0,0.0,225000.0,170600.0,318218.0,1,1,1,5,2,2,1,114.76,34.13,64.0,27.12
2026-03-07|Greensboro Swarm|Motor City Cruise,Motor City Cruise,41,@ Greensboro Swarm - 2026-03-07 - W 133-118,2026-03-07,Greensboro Swarm,AWAY,W,133,118,180000.0,305900.0,85300.0,1,1,1,4,5,1,0,6,88.85,113.14,38.02,0.0,151.16,240.01,0.629807,0,0.0,90000.0,125300.0,551136.0,1,1,1,2,4,3,1,29.75,98.34,99.55,12.35
2026-03-10|Motor City Cruise|Noblesville Boom,Motor City Cruise,42,VS Noblesville Boom - 2026-03-10 - W 135-131,2026-03-10,Noblesville Boom,HOME,W,135,131,135000.0,305900.0,318218.0,1,1,1,3,5,2,0,7,97.37,86.96,55.68,0.0,142.64,240.01,0.594309,0,0.0,360000.0,170600.0,0.0,1,1,1,8,2,0,0,211.4,28.6,0.0,0.0
2026-03-11|Motor City Cruise|Noblesville Boom,Motor City Cruise,43,VS Noblesville Boom - 2026-03-11 - W 135-128,2026-03-11,Noblesville Boom,HOME,W,135,128,135000.0,205600.0,318218.0,1,1,1,3,3,2,1,6,96.43,74.67,30.65,38.25,143.57,240.0,0.598208,0,0.0,315000.0,170600.0,0.0,1,1,1,7,2,0,0,187.17,52.83,0.0,0.0
2026-03-15|Delaware Blue Coats|Motor City Cruise,Motor City Cruise,44,VS Delaware Blue Coats - 2026-03-15 - W 128-119,2026-03-15,Delaware Blue Coats,HOME,W,128,119,270000.0,205600.0,0.0,1,1,1,6,3,0,1,4,131.6,69.7,0.0,38.75,108.45,240.05,0.451781,0,0.0,225000.0,260900.0,0.0,1,1,1,5,5,0,0,94.36,145.67,0.0,0.0
2026-03-17|Motor City Cruise|Raptors 905,Motor City Cruise,45,@ Raptors 905 - 2026-03-17 - L 122-123,2026-03-17,Raptors 905,AWAY,L,122,123,225000.0,220600.0,0.0,1,1,1,5,4,0,1,5,105.54,97.85,0.0,36.63,134.48,240.02,0.560287,0,0.0,45000.0,290600.0,318218.0,1,1,1,1,5,2,2,13.3,105.01,61.4,60.29
2026-03-20|Motor City Cruise|Wisconsin Herd,Motor City Cruise,46,@ Wisconsin Herd - 2026-03-20 - W 123-105,2026-03-20,Wisconsin Herd,AWAY,W,123,105,270000.0,220600.0,0.0,1,1,1,6,4,0,0,4,118.48,121.51,0.0,0.0,121.51,239.99,0.506313,0,0.0,225000.0,210600.0,170600.0,1,1,1,5,3,2,0,107.42,83.53,49.05,0.0
2026-03-21|Motor City Cruise|Wisconsin Herd,Motor City Cruise,47,@ Wisconsin Herd - 2026-03-21 - W 113-108,2026-03-21,Wisconsin Herd,AWAY,W,113,108,180000.0,220600.0,0.0,1,1,1,4,4,0,0,4,131.83,108.16,0.0,0.0,108.16,239.99,0.450685,0,0.0,225000.0,210600.0,170600.0,1,1,1,5,3,2,0,81.07,110.13,48.81,0.0
2026-03-25|Greensboro Swarm|Motor City Cruise,Motor City Cruise,48,VS Greensboro Swarm - 2026-03-25 - W 143-132,2026-03-25,Greensboro Swarm,HOME,W,143,132,135000.0,220600.0,318218.0,1,1,1,3,4,2,1,7,93.72,68.26,43.75,34.27,146.28,240.0,0.6095,0,0.0,90000.0,280600.0,551136.0,1,1,1,2,6,3,0,31.87,113.75,94.38,0.0
2026-03-27|Motor City Cruise|Osceola Magic,Motor City Cruise,49,VS Osceola Magic - 2026-03-27 - W 132-118,2026-03-27,Osceola Magic,HOME,W,132,118,180000.0,305900.0,85300.0,1,1,1,4,5,1,0,6,106.47,107.55,25.98,0.0,133.53,240.0,0.556375,0,0.0,90000.0,486500.0,85300.0,1,1,1,2,6,1,0,36.89,171.14,31.98,0.0
2026-03-28|Motor City Cruise|Osceola Magic,Motor City Cruise,50,VS Osceola Magic - 2026-03-28 - L 119-125,2026-03-28,Osceola Magic,HOME,L,119,125,180000.0,305900.0,0.0,1,1,1,4,5,0,0,5,102.76,137.23,0.0,0.0,137.23,239.99,0.571815,0,0.0,90000.0,511800.0,85300.0,1,1,1,2,6,1,0,27.64,179.24,33.13,0.0
2025-11-07|Grand Rapids Gold|Noblesville Boom,Noblesville Boom,1,@ Grand Rapids Gold - 2025-11-07 - L 124-130,2025-11-07,Grand Rapids Gold,AWAY,L,124,130,135000.0,426500.0,0.0,1,1,1,3,5,0,0,5,79.16,160.83,0.0,0.0,160.83,239.99,0.670153,0,0.0,45000.0,469150.0,465836.0,1,1,1,1,7,2,0,33.17,129.85,76.98,0.0
2025-11-08|Grand Rapids Gold|Noblesville Boom,Noblesville Boom,2,VS Grand Rapids Gold - 2025-11-08 - L 109-120,2025-11-08,Grand Rapids Gold,HOME,L,109,120,135000.0,426500.0,0.0,1,1,1,3,5,0,0,5,74.98,165.03,0.0,0.0,165.03,240.01,0.687596,0,0.0,45000.0,503270.0,465836.0,1,1,1,1,7,2,0,30.13,143.84,66.01,0.0
2025-11-12|Noblesville Boom|Sioux Falls Skyforce,Noblesville Boom,3,@ Sioux Falls Skyforce - 2025-11-12 - L 124-134,2025-11-12,Sioux Falls Skyforce,AWAY,L,124,134,135000.0,426500.0,0.0,1,1,1,3,5,0,0,5,83.2,156.8,0.0,0.0,156.8,240.0,0.653333,0,0.0,90000.0,511800.0,170600.0,1,1,1,2,6,2,0,19.79,151.01,69.21,0.0
2025-11-14|Noblesville Boom|Sioux Falls Skyforce,Noblesville Boom,4,@ Sioux Falls Skyforce - 2025-11-14 - L 123-132,2025-11-14,Sioux Falls Skyforce,AWAY,L,123,132,135000.0,426500.0,0.0,1,1,1,3,5,0,0,5,70.62,169.38,0.0,0.0,169.38,240.0,0.70575,0,0.0,90000.0,511800.0,170600.0,1,1,1,2,6,2,0,30.1,139.8,70.1,0.0
2025-11-16|Iowa Wolves|Noblesville Boom,Noblesville Boom,5,@ Iowa Wolves - 2025-11-16 - L 133-137,2025-11-16,Iowa Wolves,AWAY,L,133,137,135000.0,426500.0,0.0,1,1,1,3,5,0,0,5,70.5,169.5,0.0,0.0,169.5,240.0,0.70625,0,0.0,135000.0,255900.0,551136.0,1,1,1,3,3,3,0,61.55,92.52,85.93,0.0
2025-11-17|Iowa Wolves|Noblesville Boom,Noblesville Boom,6,@ Iowa Wolves - 2025-11-17 - L 120-133,2025-11-17,Iowa Wolves,AWAY,L,120,133,135000.0,426500.0,0.0,1,1,1,3,5,0,0,5,79.11,160.88,0.0,0.0,160.88,239.99,0.670361,0,0.0,135000.0,341200.0,551136.0,1,1,1,3,4,3,0,39.27,111.0,89.74,0.0
2025-11-22|Motor City Cruise|Noblesville Boom,Noblesville Boom,7,VS Motor City Cruise - 2025-11-22 - L 96-107,2025-11-22,Motor City Cruise,HOME,L,96,107,180000.0,255900.0,465836.0,1,1,1,4,3,2,0,5,94.52,69.13,76.35,0.0,145.48,240.0,0.606167,0,0.0,90000.0,305900.0,318218.0,1,1,1,2,5,2,0,57.1,120.99,61.92,0.0
2025-11-23|Motor City Cruise|Noblesville Boom,Noblesville Boom,8,VS Motor City Cruise - 2025-11-23 - W 104-88,2025-11-23,Motor City Cruise,HOME,W,104,88,180000.0,255900.0,465836.0,1,1,1,4,3,2,0,5,106.45,61.88,71.66,0.0,133.54,239.99,0.55644,0,0.0,90000.0,305900.0,318218.0,1,1,1,2,5,2,0,50.47,134.22,55.32,0.0
2025-11-30|Noblesville Boom|Wisconsin Herd,Noblesville Boom,9,VS Wisconsin Herd - 2025-11-30 - W 111-109,2025-11-30,Wisconsin Herd,HOME,W,111,109,180000.0,255900.0,232918.0,1,1,1,4,3,1,0,4,104.26,98.41,37.33,0.0,135.74,240.0,0.565583,0,0.0,225000.0,170600.0,403518.0,1,1,1,5,2,3,1,77.51,65.02,70.2,27.27
2025-12-03|Cleveland Charge|Noblesville Boom,Noblesville Boom,10,@ Cleveland Charge - 2025-12-03 - W 140-128,2025-12-03,Cleveland Charge,AWAY,W,140,128,135000.0,426500.0,0.0,1,1,1,3,5,0,0,5,61.76,178.24,0.0,0.0,178.24,240.0,0.742667,0,0.0,45000.0,571800.0,382917.0,1,1,1,1,8,2,0,21.27,160.19,58.55,0.0
2025-12-05|Cleveland Charge|Noblesville Boom,Noblesville Boom,11,@ Cleveland Charge - 2025-12-05 - L 102-114,2025-12-05,Cleveland Charge,AWAY,L,102,114,135000.0,426500.0,0.0,1,1,1,3,5,0,0,5,54.78,185.22,0.0,0.0,185.22,240.0,0.77175,0,0.0,45000.0,571800.0,0.0,1,1,1,1,8,0,0,27.05,212.94,0.0,0.0
2025-12-11|Noblesville Boom|Wisconsin Herd,Noblesville Boom,12,VS Wisconsin Herd - 2025-12-11 - W 118-98,2025-12-11,Wisconsin Herd,HOME,W,118,98,90000.0,511800.0,465836.0,1,1,1,2,6,2,0,8,36.78,155.35,47.87,0.0,203.22,240.0,0.84675,0,0.0,180000.0,335900.0,170600.0,1,1,1,4,5,2,1,61.37,103.69,44.92,30.03
2025-12-13|Noblesville Boom|Windy City Bulls,Noblesville Boom,13,VS Windy City Bulls - 2025-12-13 - W 130-114,2025-12-13,Windy City Bulls,HOME,W,130,114,90000.0,511800.0,232918.0,1,1,1,2,6,1,0,7,38.8,169.7,31.5,0.0,201.2,240.0,0.838333,0,0.0,90000.0,426500.0,403517.0,1,1,1,2,5,3,0,31.63,115.89,92.49,0.0
2025-12-14|Noblesville Boom|Windy City Bulls,Noblesville Boom,14,VS Windy City Bulls - 2025-12-14 - L 134-137,2025-12-14,Windy City Bulls,HOME,L,134,137,135000.0,511800.0,232918.0,1,1,1,3,6,1,0,7,61.3,141.15,37.55,0.0,178.7,240.0,0.744583,0,0.0,180000.0,255900.0,318217.0,1,1,1,4,3,2,0,75.97,98.3,65.74,0.0
2025-12-19|Noblesville Boom|Osceola Magic,Noblesville Boom,15,VS Osceola Magic - 2025-12-19 - W 112-99,2025-12-19,Osceola Magic,HOME,W,112,99,225000.0,341200.0,232918.0,1,1,1,5,4,1,0,5,83.11,117.95,38.95,0.0,156.9,240.01,0.653723,0,0.0,90000.0,657100.0,0.0,1,1,1,2,8,0,0,19.63,220.37,0.0,0.0
2025-12-21|Noblesville Boom|Santa Cruz Warriors,Noblesville Boom,16,@ Santa Cruz Warriors - 2025-12-21 - L 100-108,2025-12-21,Santa Cruz Warriors,AWAY,L,100,108,135000.0,426500.0,0.0,1,1,1,3,5,0,0,5,76.85,163.16,0.0,0.0,163.16,240.01,0.679805,0,0.0,225000.0,280900.0,170600.0,1,1,1,5,4,2,0,105.0,91.98,43.05,0.0
2025-12-27|Noblesville Boom|Texas Legends,Noblesville Boom,17,VS Texas Legends - 2025-12-27 - L 112-122,2025-12-27,Texas Legends,HOME,L,112,122,135000.0,426500.0,0.0,1,1,1,3,5,0,0,5,85.75,154.26,0.0,0.0,154.26,240.01,0.642723,0,0.0,180000.0,381200.0,85300.0,1,1,1,4,5,1,0,69.98,132.53,37.48,0.0
2025-12-28|Grand Rapids Gold|Noblesville Boom,Noblesville Boom,18,VS Grand Rapids Gold - 2025-12-28 - W 149-145,2025-12-28,Grand Rapids Gold,HOME,W,149,145,135000.0,426500.0,0.0,1,1,1,3,5,0,0,5,108.07,154.76,0.0,0.0,154.76,262.83,0.588822,0,0.0,90000.0,511800.0,0.0,1,1,1,2,8,0,0,17.7,245.13,0.0,0.0
2025-12-31|Maine Celtics|Noblesville Boom,Noblesville Boom,19,@ Maine Celtics - 2025-12-31 - W 123-122,2025-12-31,Maine Celtics,AWAY,W,123,122,135000.0,426500.0,0.0,1,1,1,3,5,0,0,5,94.25,145.74,0.0,0.0,145.74,239.99,0.607275,0,0.0,90000.0,330600.0,403518.0,1,1,1,2,5,3,0,45.93,91.9,102.17,0.0
2026-01-02|Maine Celtics|Noblesville Boom,Noblesville Boom,20,@ Maine Celtics - 2026-01-02 - L 100-108,2026-01-02,Maine Celtics,AWAY,L,100,108,180000.0,426500.0,0.0,1,1,1,4,5,0,0,5,102.43,137.57,0.0,0.0,137.57,240.0,0.573208,0,0.0,135000.0,365900.0,318218.0,1,1,1,3,5,2,0,47.43,122.95,69.62,0.0
2026-01-06|Noblesville Boom|Raptors 905,Noblesville Boom,21,@ Raptors 905 - 2026-01-06 - L 95-107,2026-01-06,Raptors 905,AWAY,L,95,107,135000.0,426500.0,232918.0,1,1,1,3,5,1,0,6,92.08,123.27,24.65,0.0,147.92,240.0,0.616333,0,0.0,90000.0,425900.0,318218.0,1,1,1,2,7,2,0,29.88,143.94,66.18,0.0
2026-01-08|Noblesville Boom|Raptors 905,Noblesville Boom,22,@ Raptors 905 - 2026-01-08 - L 98-117,2026-01-08,Raptors 905,AWAY,L,98,117,135000.0,426500.0,232918.0,1,1,1,3,5,1,0,6,85.22,117.78,37.0,0.0,154.78,240.0,0.644917,0,0.0,135000.0,425900.0,0.0,1,1,1,3,7,0,0,59.66,180.38,0.0,0.0
2026-01-11|Noblesville Boom|Windy City Bulls,Noblesville Boom,23,@ Windy City Bulls - 2026-01-11 - W 128-120,2026-01-11,Windy City Bulls,AWAY,W,128,120,135000.0,341200.0,465836.0,1,1,1,3,4,2,0,6,71.97,106.62,61.42,0.0,168.04,240.01,0.700137,0,0.0,135000.0,341200.0,318217.0,1,1,1,3,4,2,0,48.52,122.03,69.45,0.0
2026-01-15|Grand Rapids Gold|Noblesville Boom,Noblesville Boom,24,VS Grand Rapids Gold - 2026-01-15 - L 92-102,2026-01-15,Grand Rapids Gold,HOME,L,92,102,135000.0,341200.0,465836.0,1,1,1,3,4,2,0,6,82.24,85.57,72.2,0.0,157.77,240.01,0.657348,0,0.0,45000.0,426500.0,232918.0,1,1,1,1,7,1,0,14.52,187.85,37.65,0.0
2026-01-18|Delaware Blue Coats|Noblesville Boom,Noblesville Boom,25,VS Delaware Blue Coats - 2026-01-18 - W 126-102,2026-01-18,Delaware Blue Coats,HOME,W,126,102,180000.0,341200.0,465836.0,1,1,1,4,4,2,0,6,82.61,104.9,52.5,0.0,157.4,240.01,0.655806,0,0.0,135000.0,265900.0,0.0,1,1,1,3,6,0,1,69.7,140.18,0.0,30.12
2026-01-19|Delaware Blue Coats|Noblesville Boom,Noblesville Boom,26,VS Delaware Blue Coats - 2026-01-19 - W 127-112,2026-01-19,Delaware Blue Coats,HOME,W,127,112,225000.0,341200.0,465836.0,1,1,1,5,4,2,0,6,90.97,99.78,49.25,0.0,149.03,240.0,0.620958,0,0.0,135000.0,351200.0,0.0,1,1,1,3,7,0,0,52.92,187.09,0.0,0.0
2026-01-22|Noblesville Boom|Wisconsin Herd,Noblesville Boom,27,@ Wisconsin Herd - 2026-01-22 - W 95-90,2026-01-22,Wisconsin Herd,AWAY,W,95,90,135000.0,341200.0,465836.0,1,1,1,3,4,2,0,6,60.03,103.02,76.95,0.0,179.97,240.0,0.749875,0,0.0,135000.0,250600.0,85300.0,1,1,1,3,4,1,1,60.62,118.24,33.62,27.53
2026-01-24|Noblesville Boom|Wisconsin Herd,Noblesville Boom,28,@ Wisconsin Herd - 2026-01-24 - W 117-115,2026-01-24,Wisconsin Herd,AWAY,W,117,115,225000.0,341200.0,232918.0,1,1,1,5,4,1,0,5,107.16,125.09,25.9,0.0,150.99,258.15,0.584893,0,0.0,135000.0,250600.0,85300.0,1,1,1,3,4,1,1,60.77,119.64,40.53,37.23
2026-01-30|Birmingham Squadron|Noblesville Boom,Noblesville Boom,29,VS Birmingham Squadron - 2026-01-30 - W 124-111,2026-01-30,Birmingham Squadron,HOME,W,124,111,135000.0,341200.0,698754.0,1,1,1,3,4,3,0,7,60.67,85.34,93.98,0.0,179.32,239.99,0.747198,0,0.0,90000.0,441200.0,465836.0,1,1,1,2,6,2,0,51.28,127.3,61.42,0.0
2026-02-01|Birmingham Squadron|Noblesville Boom,Noblesville Boom,30,VS Birmingham Squadron - 2026-02-01 - W 125-109,2026-02-01,Birmingham Squadron,HOME,W,125,109,225000.0,341200.0,465836.0,1,1,1,5,4,2,0,6,89.12,87.8,63.08,0.0,150.88,240.0,0.628667,0,0.0,90000.0,355900.0,232918.0,1,1,1,2,5,1,0,66.03,133.13,40.83,0.0
2026-02-04|Noblesville Boom|Osceola Magic,Noblesville Boom,31,@ Osceola Magic - 2026-02-04 - W 129-117,2026-02-04,Osceola Magic,AWAY,W,129,117,135000.0,341200.0,465836.0,1,1,1,3,4,2,0,6,82.36,95.23,62.4,0.0,157.63,239.99,0.656819,0,0.0,135000.0,486500.0,0.0,1,1,1,3,6,0,0,59.63,180.37,0.0,0.0
2026-02-06|Noblesville Boom|Osceola Magic,Noblesville Boom,32,@ Osceola Magic - 2026-02-06 - L 114-119,2026-02-06,Osceola Magic,AWAY,L,114,119,180000.0,341200.0,232918.0,1,1,1,4,4,1,0,5,75.4,122.7,41.9,0.0,164.6,240.0,0.685833,0,0.0,90000.0,571800.0,0.0,1,1,1,2,7,0,0,44.45,195.56,0.0,0.0
2026-02-08|Long Island Nets|Noblesville Boom,Noblesville Boom,33,@ Long Island Nets - 2026-02-08 - L 94-110,2026-02-08,Long Island Nets,AWAY,L,94,110,225000.0,341200.0,232918.0,1,1,1,5,4,1,0,5,90.85,110.46,38.68,0.0,149.14,239.99,0.621443,0,0.0,90000.0,503850.0,320600.0,1,1,1,2,8,3,0,37.4,125.76,76.84,0.0
2026-02-10|Long Island Nets|Noblesville Boom,Noblesville Boom,34,@ Long Island Nets - 2026-02-10 - W 121-117,2026-02-10,Long Island Nets,AWAY,W,121,117,180000.0,341200.0,0.0,1,1,1,4,4,0,0,4,122.54,117.46,0.0,0.0,117.46,240.0,0.489417,0,0.0,45000.0,418550.0,320600.0,1,1,1,1,7,3,0,36.5,114.92,88.6,0.0
2026-02-12|College Park Skyhawks|Noblesville Boom,Noblesville Boom,35,VS College Park Skyhawks - 2026-02-12 - W 130-129,2026-02-12,College Park Skyhawks,HOME,W,130,129,135000.0,341200.0,0.0,1,1,1,3,4,0,0,4,112.87,127.15,0.0,0.0,127.15,240.02,0.529748,0,0.0,270000.0,75000.0,85300.0,1,1,1,6,2,1,0,156.66,45.04,38.32,0.0
2026-02-19|Cleveland Charge|Noblesville Boom,Noblesville Boom,36,VS Cleveland Charge - 2026-02-19 - L 120-124,2026-02-19,Cleveland Charge,HOME,L,120,124,225000.0,255900.0,0.0,1,1,1,5,3,0,0,3,144.68,95.33,0.0,0.0,95.33,240.01,0.397192,0,0.0,180000.0,315900.0,232917.0,1,1,1,4,5,1,0,85.83,118.12,36.05,0.0
2026-02-21|Capital City Go-Go|Noblesville Boom,Noblesville Boom,37,VS Capital City Go-Go - 2026-02-21 - W 128-125,2026-02-21,Capital City Go-Go,HOME,W,128,125,270000.0,255900.0,0.0,1,1,1,6,3,0,0,3,158.21,93.44,0.0,0.0,93.44,251.65,0.371309,0,0.0,225000.0,253250.0,0.0,1,1,1,5,4,0,0,127.24,124.43,0.0,0.0
2026-02-22|Capital City Go-Go|Noblesville Boom,Noblesville Boom,38,VS Capital City Go-Go - 2026-02-22 - L 114-130,2026-02-22,Capital City Go-Go,HOME,L,114,130,270000.0,255900.0,0.0,1,1,1,6,3,0,0,3,171.62,68.38,0.0,0.0,68.38,240.0,0.284917,0,0.0,180000.0,338550.0,0.0,1,1,1,4,5,0,0,98.16,141.84,0.0,0.0
2026-02-27|Noblesville Boom|Rio Grande Valley Vipers,Noblesville Boom,39,@ Rio Grande Valley Vipers - 2026-02-27 - L 133-135,2026-02-27,Rio Grande Valley Vipers,AWAY,L,133,135,225000.0,255900.0,0.0,1,1,1,5,3,0,0,3,142.55,108.11,0.0,0.0,108.11,250.66,0.431301,0,0.0,180000.0,185600.0,85300.0,1,1,1,4,3,1,0,118.01,100.6,32.05,0.0
2026-03-01|Mexico City Capitanes|Noblesville Boom,Noblesville Boom,40,@ Mexico City Capitanes - 2026-03-01 - L 114-118,2026-03-01,Mexico City Capitanes,AWAY,L,114,118,225000.0,255900.0,0.0,1,1,1,5,3,0,0,3,146.72,93.29,0.0,0.0,93.29,240.01,0.388692,0,0.0,360000.0,0.0,0.0,1,1,1,8,0,0,0,240.05,0.0,0.0,0.0
2026-03-03|Mexico City Capitanes|Noblesville Boom,Noblesville Boom,41,@ Mexico City Capitanes - 2026-03-03 - L 110-122,2026-03-03,Mexico City Capitanes,AWAY,L,110,122,270000.0,170600.0,0.0,1,1,1,6,2,0,0,2,182.19,57.81,0.0,0.0,57.81,240.0,0.240875,0,0.0,450000.0,0.0,0.0,1,1,1,10,0,0,0,240.04,0.0,0.0,0.0
2026-03-05|College Park Skyhawks|Noblesville Boom,Noblesville Boom,42,VS College Park Skyhawks - 2026-03-05 - L 121-140,2026-03-05,College Park Skyhawks,HOME,L,121,140,270000.0,170600.0,0.0,1,1,1,6,2,0,0,2,199.3,40.7,0.0,0.0,40.7,240.0,0.169583,0,0.0,315000.0,115300.0,150000.0,1,1,1,7,2,1,0,155.97,50.38,33.67,0.0
2026-03-10|Motor City Cruise|Noblesville Boom,Noblesville Boom,43,@ Motor City Cruise - 2026-03-10 - L 131-135,2026-03-10,Motor City Cruise,AWAY,L,131,135,360000.0,170600.0,0.0,1,1,1,8,2,0,0,2,211.4,28.6,0.0,0.0,28.6,240.0,0.119167,0,0.0,135000.0,305900.0,318218.0,1,1,1,3,5,2,0,97.37,86.96,55.68,0.0
2026-03-11|Motor City Cruise|Noblesville Boom,Noblesville Boom,44,@ Motor City Cruise - 2026-03-11 - L 128-135,2026-03-11,Motor City Cruise,AWAY,L,128,135,315000.0,170600.0,0.0,1,1,1,7,2,0,0,2,187.17,52.83,0.0,0.0,52.83,240.0,0.220125,0,0.0,135000.0,205600.0,318218.0,1,1,1,3,3,2,1,96.43,74.67,30.65,38.25
2026-03-14|Noblesville Boom|Westchester Knicks,Noblesville Boom,45,VS Westchester Knicks - 2026-03-14 - W 141-115,2026-03-14,Westchester Knicks,HOME,W,141,115,360000.0,170600.0,0.0,1,1,1,8,2,0,0,2,208.47,31.52,0.0,0.0,31.52,239.99,0.131339,0,0.0,180000.0,170600.0,170600.0,1,1,1,4,2,2,4,33.5,43.28,43.95,119.27
2026-03-15|Noblesville Boom|Westchester Knicks,Noblesville Boom,46,VS Westchester Knicks - 2026-03-15 - L 110-120,2026-03-15,Westchester Knicks,HOME,L,110,120,315000.0,170600.0,0.0,1,1,1,7,2,0,0,2,194.05,45.97,0.0,0.0,45.97,240.02,0.191526,0,0.0,180000.0,170600.0,170600.0,1,1,1,4,2,2,1,92.93,43.13,70.03,33.9
2026-03-18|Greensboro Swarm|Noblesville Boom,Noblesville Boom,47,@ Greensboro Swarm - 2026-03-18 - L 107-111,2026-03-18,Greensboro Swarm,AWAY,L,107,111,315000.0,170600.0,0.0,1,1,1,7,2,0,0,2,195.47,44.54,0.0,0.0,44.54,240.01,0.185576,0,0.0,45000.0,280600.0,551136.0,1,1,1,1,6,3,1,8.27,99.21,100.55,31.98
2026-03-20|Austin Spurs|Noblesville Boom,Noblesville Boom,48,VS Austin Spurs - 2026-03-20 - L 107-121,2026-03-20,Austin Spurs,HOME,L,107,121,315000.0,170600.0,0.0,1,1,1,7,2,0,0,2,194.7,45.3,0.0,0.0,45.3,240.0,0.18875,0,0.0,135000.0,255600.0,403518.0,1,1,1,3,4,3,0,45.51,98.32,96.18,0.0
2026-03-22|Austin Spurs|Noblesville Boom,Noblesville Boom,49,VS Austin Spurs - 2026-03-22 - L 97-117,2026-03-22,Austin Spurs,HOME,L,97,117,315000.0,170600.0,0.0,1,1,1,7,2,0,0,2,209.36,30.64,0.0,0.0,30.64,240.0,0.127667,0,0.0,180000.0,255600.0,403518.0,1,1,1,4,4,3,0,45.65,98.33,96.02,0.0
2026-03-26|Cleveland Charge|Noblesville Boom,Noblesville Boom,50,VS Cleveland Charge - 2026-03-26 - W 134-112,2026-03-26,Cleveland Charge,HOME,W,134,112,360000.0,170600.0,0.0,1,1,1,8,2,0,0,2,207.31,32.7,0.0,0.0,32.7,240.01,0.136244,0,0.0,225000.0,401200.0,0.0,1,1,1,5,6,0,1,62.13,157.08,0.0,20.78
2025-11-07|Oklahoma City Blue|Rio Grande Valley Vipers,Oklahoma City Blue,1,@ Rio Grande Valley Vipers - 2025-11-07 - W 116-114,2025-11-07,Rio Grande Valley Vipers,AWAY,W,116,114,90000.0,652100.0,0.0,1,1,1,2,8,0,0,8,35.98,204.02,0.0,0.0,204.02,240.0,0.850083,0,0.0,180000.0,100300.0,257918.0,1,1,1,4,2,2,0,100.45,71.95,67.6,0.0
2025-11-11|Birmingham Squadron|Oklahoma City Blue,Oklahoma City Blue,2,VS Birmingham Squadron - 2025-11-11 - L 97-106,2025-11-11,Birmingham Squadron,HOME,L,97,106,45000.0,652100.0,551136.0,1,1,1,1,8,3,0,11,0.27,154.52,85.22,0.0,239.74,240.01,0.998875,0,0.0,90000.0,476500.0,465836.0,1,1,1,2,6,2,0,47.22,135.75,57.03,0.0
2025-11-13|Memphis Hustle|Oklahoma City Blue,Oklahoma City Blue,3,VS Memphis Hustle - 2025-11-13 - L 119-122,2025-11-13,Memphis Hustle,HOME,L,119,122,45000.0,481500.0,551136.0,1,1,1,1,6,3,0,9,31.68,124.18,84.13,0.0,208.31,239.99,0.867994,0,0.0,225000.0,426500.0,0.0,1,1,1,5,5,0,0,98.93,141.06,0.0,0.0
2025-11-16|Mexico City Capitanes|Oklahoma City Blue,Oklahoma City Blue,4,@ Mexico City Capitanes - 2025-11-16 - L 107-121,2025-11-16,Mexico City Capitanes,AWAY,L,107,121,90000.0,481500.0,0.0,1,1,1,2,6,0,0,6,62.22,177.78,0.0,0.0,177.78,240.0,0.74075,0,0.0,540000.0,0.0,0.0,1,1,1,12,0,0,0,240.02,0.0,0.0,0.0
2025-11-17|Mexico City Capitanes|Oklahoma City Blue,Oklahoma City Blue,5,@ Mexico City Capitanes - 2025-11-17 - L 91-106,2025-11-17,Mexico City Capitanes,AWAY,L,91,106,90000.0,310900.0,0.0,1,1,1,2,4,0,0,4,78.66,161.32,0.0,0.0,161.32,239.98,0.672223,0,0.0,495000.0,0.0,0.0,1,1,1,11,0,0,0,240.01,0.0,0.0,0.0
2025-11-21|Oklahoma City Blue|Texas Legends,Oklahoma City Blue,6,@ Texas Legends - 2025-11-21 - W 129-127,2025-11-21,Texas Legends,AWAY,W,129,127,135000.0,396200.0,232918.0,1,1,1,3,5,1,0,6,51.9,157.43,40.28,0.0,197.71,249.61,0.792076,0,0.0,180000.0,381200.0,0.0,1,1,1,4,5,0,0,82.18,167.4,0.0,0.0
2025-11-22|Oklahoma City Blue|Texas Legends,Oklahoma City Blue,7,@ Texas Legends - 2025-11-22 - W 112-110,2025-11-22,Texas Legends,AWAY,W,112,110,135000.0,396200.0,232918.0,1,1,1,3,5,1,0,6,63.67,137.61,38.72,0.0,176.33,240.0,0.734708,0,0.0,225000.0,381200.0,0.0,1,1,1,5,5,0,0,79.73,160.28,0.0,0.0
2025-11-25|Memphis Hustle|Oklahoma City Blue,Oklahoma City Blue,8,VS Memphis Hustle - 2025-11-25 - W 114-84,2025-11-25,Memphis Hustle,HOME,W,114,84,135000.0,396200.0,551136.0,1,1,1,3,5,3,0,8,45.05,119.43,75.51,0.0,194.94,239.99,0.812284,0,0.0,270000.0,341200.0,0.0,1,1,1,6,4,0,0,137.35,102.65,0.0,0.0
2025-11-28|Austin Spurs|Oklahoma City Blue,Oklahoma City Blue,9,@ Austin Spurs - 2025-11-28 - L 110-116,2025-11-28,Austin Spurs,AWAY,L,110,116,135000.0,396200.0,232918.0,1,1,1,3,5,1,0,6,60.12,145.67,34.22,0.0,179.89,240.01,0.74951,0,0.0,135000.0,185600.0,170600.0,1,1,1,3,3,2,0,77.21,92.02,70.77,0.0
2025-11-30|Austin Spurs|Oklahoma City Blue,Oklahoma City Blue,10,@ Austin Spurs - 2025-11-30 - L 96-110,2025-11-30,Austin Spurs,AWAY,L,96,110,135000.0,481500.0,232918.0,1,1,1,3,6,1,0,7,40.04,161.86,38.1,0.0,199.96,240.0,0.833167,0,0.0,135000.0,185600.0,170600.0,1,1,1,3,3,2,0,70.6,92.5,76.9,0.0
2025-12-04|Oklahoma City Blue|Osceola Magic,Oklahoma City Blue,11,VS Osceola Magic - 2025-12-04 - L 101-113,2025-12-04,Osceola Magic,HOME,L,101,113,135000.0,396200.0,318218.0,1,1,1,3,5,2,0,7,50.74,120.33,68.93,0.0,189.26,240.0,0.788583,0,0.0,0.0,597100.0,465836.0,1,1,1,0,7,2,0,0.0,181.5,58.52,0.0
2025-12-06|Oklahoma City Blue|Osceola Magic,Oklahoma City Blue,12,VS Osceola Magic - 2025-12-06 - L 123-139,2025-12-06,Osceola Magic,HOME,L,123,139,135000.0,310900.0,85300.0,1,1,1,3,4,1,0,5,71.73,135.59,32.68,0.0,168.27,240.0,0.701125,0,0.0,0.0,571800.0,465836.0,1,1,1,0,7,2,0,0.0,172.86,67.14,0.0
2025-12-11|Birmingham Squadron|Oklahoma City Blue,Oklahoma City Blue,13,VS Birmingham Squadron - 2025-12-11 - L 101-103,2025-12-11,Birmingham Squadron,HOME,L,101,103,135000.0,396200.0,318218.0,1,1,1,3,5,2,0,7,36.74,135.21,68.05,0.0,203.26,240.0,0.846917,0,0.0,90000.0,441200.0,465836.0,1,1,1,2,6,2,0,45.22,128.61,66.17,0.0
2025-12-12|Oklahoma City Blue|Rio Grande Valley Vipers,Oklahoma City Blue,14,VS Rio Grande Valley Vipers - 2025-12-12 - L 119-120,2025-12-12,Rio Grande Valley Vipers,HOME,L,119,120,90000.0,396200.0,318218.0,1,1,1,2,5,2,0,7,34.75,144.39,60.87,0.0,205.26,240.01,0.855214,0,0.0,225000.0,197950.0,0.0,1,1,1,5,4,0,0,131.73,108.26,0.0,0.0
2025-12-20|Capital City Go-Go|Oklahoma City Blue,Oklahoma City Blue,15,VS Capital City Go-Go - 2025-12-20 - L 86-125,2025-12-20,Capital City Go-Go,HOME,L,86,125,135000.0,396200.0,85300.0,1,1,1,3,5,1,0,6,53.13,148.55,38.32,0.0,186.87,240.0,0.778625,0,0.0,135000.0,423850.0,232918.0,1,1,1,3,6,1,1,54.01,128.1,28.25,29.63
2025-12-22|Long Island Nets|Oklahoma City Blue,Oklahoma City Blue,16,@ Long Island Nets - 2025-12-22 - L 97-116,2025-12-22,Long Island Nets,AWAY,L,97,116,135000.0,341200.0,0.0,1,1,1,3,4,0,0,4,130.55,109.44,0.0,0.0,109.44,239.99,0.456019,0,0.0,90000.0,393550.0,170600.0,1,1,1,2,6,2,1,33.35,103.09,66.47,37.1
2025-12-27|Oklahoma City Blue|South Bay Lakers,Oklahoma City Blue,17,VS South Bay Lakers - 2025-12-27 - W 124-123,2025-12-27,South Bay Lakers,HOME,W,124,123,180000.0,255900.0,318218.0,1,1,1,4,3,2,0,5,114.91,92.77,46.08,0.0,138.85,253.76,0.547171,0,0.0,90000.0,456500.0,85300.0,1,1,1,2,6,1,1,22.03,167.12,25.33,39.25
2025-12-29|Mexico City Capitanes|Oklahoma City Blue,Oklahoma City Blue,18,VS Mexico City Capitanes - 2025-12-29 - L 123-130,2025-12-29,Mexico City Capitanes,HOME,L,123,130,315000.0,85300.0,0.0,1,1,1,7,1,0,0,1,204.21,35.78,0.0,0.0,35.78,239.99,0.14909,0,0.0,450000.0,0.0,0.0,1,1,1,10,0,0,0,240.0,0.0,0.0,0.0
2025-12-30|Mexico City Capitanes|Oklahoma City Blue,Oklahoma City Blue,19,VS Mexico City Capitanes - 2025-12-30 - L 90-102,2025-12-30,Mexico City Capitanes,HOME,L,90,102,270000.0,85300.0,85300.0,1,1,1,6,1,1,0,2,164.13,38.7,37.17,0.0,75.87,240.0,0.316125,0,0.0,405000.0,0.0,0.0,1,1,1,9,0,0,0,239.99,0.0,0.0,0.0
2026-01-02|Oklahoma City Blue|Texas Legends,Oklahoma City Blue,20,VS Texas Legends - 2026-01-02 - L 84-110,2026-01-02,Texas Legends,HOME,L,84,110,315000.0,0.0,0.0,1,1,1,7,0,0,0,0,240.01,0.0,0.0,0.0,0.0,240.01,0.0,0,0.0,180000.0,295900.0,170600.0,1,1,1,4,4,2,0,69.19,111.55,59.27,0.0
2026-01-04|Oklahoma City Blue|Santa Cruz Warriors,Oklahoma City Blue,21,VS Santa Cruz Warriors - 2026-01-04 - L 71-106,2026-01-04,Santa Cruz Warriors,HOME,L,71,106,270000.0,85300.0,0.0,1,1,1,6,1,0,0,1,229.93,10.07,0.0,0.0,10.07,240.0,0.041958,0,0.0,225000.0,366200.0,85300.0,1,1,1,5,5,1,0,102.76,112.19,25.05,0.0
2026-01-06|Oklahoma City Blue|Valley Suns,Oklahoma City Blue,22,@ Valley Suns - 2026-01-06 - W 114-109,2026-01-06,Valley Suns,AWAY,W,114,109,360000.0,0.0,0.0,1,1,1,8,0,0,0,0,249.92,0.0,0.0,0.0,0.0,249.92,0.0,0,0.0,135000.0,446500.0,232918.0,1,1,1,3,6,1,0,63.83,152.91,33.18,0.0
2026-01-07|Oklahoma City Blue|Valley Suns,Oklahoma City Blue,23,@ Valley Suns - 2026-01-07 - L 102-124,2026-01-07,Valley Suns,AWAY,L,102,124,360000.0,0.0,0.0,1,1,1,8,0,0,0,0,239.99,0.0,0.0,0.0,0.0,239.99,0.0,0,0.0,90000.0,446500.0,232918.0,1,1,1,2,6,1,0,49.52,163.12,27.37,0.0
2026-01-14|Oklahoma City Blue|Rip City Remix,Oklahoma City Blue,24,@ Rip City Remix - 2026-01-14 - L 99-123,2026-01-14,Rip City Remix,AWAY,L,99,123,225000.0,170600.0,232918.0,1,1,1,5,2,1,0,3,147.64,53.2,39.17,0.0,92.37,240.01,0.384859,0,0.0,225000.0,255900.0,232917.0,1,1,1,5,3,1,1,85.15,87.1,36.83,30.92
2026-01-16|Oklahoma City Blue|Rip City Remix,Oklahoma City Blue,25,@ Rip City Remix - 2026-01-16 - L 111-127,2026-01-16,Rip City Remix,AWAY,L,111,127,225000.0,170600.0,232918.0,1,1,1,5,2,1,0,3,150.22,51.1,38.67,0.0,89.77,239.99,0.374057,0,0.0,180000.0,255900.0,232917.0,1,1,1,4,3,1,1,83.39,92.33,33.25,31.03
2026-01-18|Oklahoma City Blue|Stockton Kings,Oklahoma City Blue,26,@ Stockton Kings - 2026-01-18 - L 110-117,2026-01-18,Stockton Kings,AWAY,L,110,117,225000.0,170600.0,232918.0,1,1,1,5,2,1,0,3,137.42,66.36,36.22,0.0,102.58,240.0,0.427417,0,0.0,90000.0,340900.0,307918.0,1,1,1,2,5,2,0,30.02,145.61,64.37,0.0
2026-01-20|Austin Spurs|Oklahoma City Blue,Oklahoma City Blue,27,VS Austin Spurs - 2026-01-20 - L 112-127,2026-01-20,Austin Spurs,HOME,L,112,127,225000.0,170600.0,0.0,1,1,1,5,2,0,0,2,162.36,77.63,0.0,0.0,77.63,239.99,0.323472,0,0.0,225000.0,100300.0,170600.0,1,1,1,5,2,2,0,119.15,49.35,71.55,0.0
2026-01-23|Oklahoma City Blue|San Diego Clippers,Oklahoma City Blue,28,@ San Diego Clippers - 2026-01-23 - W 113-109,2026-01-23,San Diego Clippers,AWAY,W,113,109,270000.0,170600.0,0.0,1,1,1,6,2,0,0,2,178.29,61.7,0.0,0.0,61.7,239.99,0.257094,0,0.0,135000.0,341200.0,232917.0,1,1,1,3,4,1,1,42.79,133.84,31.67,31.7
2026-01-24|Oklahoma City Blue|San Diego Clippers,Oklahoma City Blue,29,@ San Diego Clippers - 2026-01-24 - W 113-92,2026-01-24,San Diego Clippers,AWAY,W,113,92,270000.0,170600.0,0.0,1,1,1,6,2,0,0,2,171.34,68.67,0.0,0.0,68.67,240.01,0.286113,0,0.0,225000.0,386500.0,232917.0,1,1,1,5,5,1,0,68.65,137.54,33.82,0.0
2026-01-26|Oklahoma City Blue|Windy City Bulls,Oklahoma City Blue,30,VS Windy City Bulls - 2026-01-26 - L 103-116,2026-01-26,Windy City Bulls,HOME,L,103,116,270000.0,255900.0,0.0,1,1,1,6,3,0,0,3,162.38,77.62,0.0,0.0,77.62,240.0,0.323417,0,0.0,225000.0,426500.0,0.0,1,1,1,5,5,0,0,107.07,132.93,0.0,0.0
2026-01-28|Oklahoma City Blue|Windy City Bulls,Oklahoma City Blue,31,VS Windy City Bulls - 2026-01-28 - L 102-123,2026-01-28,Windy City Bulls,HOME,L,102,123,270000.0,170600.0,0.0,1,1,1,6,2,0,0,2,187.93,52.09,0.0,0.0,52.09,240.02,0.217024,0,0.0,180000.0,426500.0,0.0,1,1,1,4,5,0,0,94.61,145.41,0.0,0.0
2026-02-01|Oklahoma City Blue|Rio Grande Valley Vipers,Oklahoma City Blue,32,VS Rio Grande Valley Vipers - 2026-02-01 - L 94-109,2026-02-01,Rio Grande Valley Vipers,HOME,L,94,109,270000.0,170600.0,0.0,1,1,1,6,2,0,0,2,179.04,60.95,0.0,0.0,60.95,239.99,0.253969,0,0.0,225000.0,130300.0,318218.0,1,1,1,5,3,2,0,106.14,68.06,65.8,0.0
2026-02-03|Oklahoma City Blue|Santa Cruz Warriors,Oklahoma City Blue,33,VS Santa Cruz Warriors - 2026-02-03 - W 130-110,2026-02-03,Santa Cruz Warriors,HOME,W,130,110,270000.0,170600.0,0.0,1,1,1,6,2,0,0,2,183.06,56.94,0.0,0.0,56.94,240.0,0.23725,0,0.0,225000.0,195600.0,0.0,1,1,1,5,3,0,0,164.51,75.49,0.0,0.0
2026-02-09|Oklahoma City Blue|Sioux Falls Skyforce,Oklahoma City Blue,34,VS Sioux Falls Skyforce - 2026-02-09 - W 137-135,2026-02-09,Sioux Falls Skyforce,HOME,W,137,135,180000.0,255900.0,318218.0,1,1,1,4,3,2,1,6,108.19,58.1,71.75,16.3,146.15,254.34,0.574625,0,0.0,90000.0,426500.0,85300.0,1,1,1,2,5,1,2,31.5,134.06,19.13,69.63
2026-02-10|Oklahoma City Blue|Sioux Falls Skyforce,Oklahoma City Blue,35,VS Sioux Falls Skyforce - 2026-02-10 - W 127-118,2026-02-10,Sioux Falls Skyforce,HOME,W,127,118,225000.0,255900.0,318218.0,1,1,1,5,3,2,1,6,97.9,58.53,64.02,19.55,142.1,240.0,0.592083,0,0.0,135000.0,426500.0,85300.0,1,1,1,3,5,1,2,38.55,114.38,16.62,70.45
2026-02-19|Oklahoma City Blue|Salt Lake City Stars,Oklahoma City Blue,36,@ Salt Lake City Stars - 2026-02-19 - L 126-137,2026-02-19,Salt Lake City Stars,AWAY,L,126,137,225000.0,255900.0,85300.0,1,1,1,5,3,1,0,4,135.79,72.6,31.62,0.0,104.22,240.01,0.434232,0,0.0,180000.0,341200.0,0.0,1,1,1,4,4,0,0,100.42,139.58,0.0,0.0
2026-02-20|Oklahoma City Blue|Salt Lake City Stars,Oklahoma City Blue,37,@ Salt Lake City Stars - 2026-02-20 - L 106-123,2026-02-20,Salt Lake City Stars,AWAY,L,106,123,225000.0,255900.0,85300.0,1,1,1,5,3,1,0,4,136.33,67.69,35.97,0.0,103.66,239.99,0.431935,0,0.0,180000.0,426500.0,0.0,1,1,1,4,5,0,0,92.45,147.55,0.0,0.0
2026-02-22|Oklahoma City Blue|Stockton Kings,Oklahoma City Blue,38,@ Stockton Kings - 2026-02-22 - W 114-107,2026-02-22,Stockton Kings,AWAY,W,114,107,225000.0,255900.0,85300.0,1,1,1,5,3,1,0,4,132.27,72.35,35.38,0.0,107.73,240.0,0.448875,0,0.0,90000.0,368400.0,232918.0,1,1,1,2,6,1,0,40.67,165.11,34.23,0.0
2026-02-24|Austin Spurs|Oklahoma City Blue,Oklahoma City Blue,39,VS Austin Spurs - 2026-02-24 - W 109-100,2026-02-24,Austin Spurs,HOME,W,109,100,225000.0,255900.0,85300.0,1,1,1,5,3,1,0,4,141.15,58.16,40.68,0.0,98.84,239.99,0.41185,0,0.0,180000.0,170300.0,318218.0,1,1,1,4,3,2,0,101.33,69.25,69.42,0.0
2026-03-01|Motor City Cruise|Oklahoma City Blue,Oklahoma City Blue,40,VS Motor City Cruise - 2026-03-01 - L 121-129,2026-03-01,Motor City Cruise,HOME,L,121,129,225000.0,170600.0,318218.0,1,1,1,5,2,2,1,5,114.76,34.13,64.0,27.12,125.25,240.01,0.521853,0,0.0,180000.0,305900.0,85300.0,1,1,1,4,5,1,1,108.79,71.29,29.02,30.92
2026-03-04|Oklahoma City Blue|South Bay Lakers,Oklahoma City Blue,41,VS South Bay Lakers - 2026-03-04 - L 120-129,2026-03-04,South Bay Lakers,HOME,L,120,129,225000.0,170600.0,0.0,1,1,1,5,2,0,1,3,146.16,59.44,0.0,34.4,93.84,240.0,0.391,0,0.0,90000.0,285900.0,551136.0,1,1,1,2,4,3,0,43.56,98.15,98.29,0.0
2026-03-07|Oklahoma City Blue|Texas Legends,Oklahoma City Blue,42,VS Texas Legends - 2026-03-07 - L 117-123,2026-03-07,Texas Legends,HOME,L,117,123,225000.0,341200.0,0.0,1,1,1,5,4,0,1,5,125.43,86.62,0.0,27.98,114.6,240.03,0.47744,0,0.0,180000.0,381200.0,0.0,1,1,1,4,5,0,0,91.02,148.99,0.0,0.0
2026-03-13|Delaware Blue Coats|Oklahoma City Blue,Oklahoma City Blue,43,@ Delaware Blue Coats - 2026-03-13 - W 135-129,2026-03-13,Delaware Blue Coats,AWAY,W,135,129,225000.0,255900.0,232918.0,1,1,1,5,3,1,1,5,100.49,79.58,35.62,24.33,139.53,240.02,0.581327,0,0.0,180000.0,260900.0,0.0,1,1,1,4,5,0,0,82.02,158.0,0.0,0.0
2026-03-15|Grand Rapids Gold|Oklahoma City Blue,Oklahoma City Blue,44,@ Grand Rapids Gold - 2026-03-15 - L 125-131,2026-03-15,Grand Rapids Gold,AWAY,L,125,131,225000.0,255900.0,232918.0,1,1,1,5,3,1,1,5,107.16,75.96,35.82,34.4,146.18,253.34,0.577011,0,0.0,225000.0,247370.0,232918.0,1,1,1,5,4,1,0,96.32,116.81,40.22,0.0
2026-03-17|Grand Rapids Gold|Oklahoma City Blue,Oklahoma City Blue,45,@ Grand Rapids Gold - 2026-03-17 - W 130-127,2026-03-17,Grand Rapids Gold,AWAY,W,130,127,270000.0,255900.0,232918.0,1,1,1,6,3,1,1,5,114.46,80.85,35.17,27.02,143.04,257.5,0.555495,0,0.0,225000.0,247370.0,232918.0,1,1,1,5,4,1,0,103.04,118.34,36.13,0.0
2026-03-21|Memphis Hustle|Oklahoma City Blue,Oklahoma City Blue,46,@ Memphis Hustle - 2026-03-21 - L 108-115,2026-03-21,Memphis Hustle,AWAY,L,108,115,225000.0,341200.0,0.0,1,1,1,5,4,0,1,5,111.07,96.48,0.0,32.45,128.93,240.0,0.537208,0,0.0,270000.0,85300.0,318218.0,1,1,1,6,1,2,0,162.51,13.5,63.99,0.0
2026-03-22|Memphis Hustle|Oklahoma City Blue,Oklahoma City Blue,47,@ Memphis Hustle - 2026-03-22 - W 125-115,2026-03-22,Memphis Hustle,AWAY,W,125,115,225000.0,255900.0,0.0,1,1,1,5,3,0,1,4,128.83,80.5,0.0,30.67,111.17,240.0,0.463208,0,0.0,315000.0,0.0,318218.0,1,1,1,7,0,2,0,176.08,0.0,63.92,0.0
2026-03-24|Oklahoma City Blue|Rio Grande Valley Vipers,Oklahoma City Blue,48,VS Rio Grande Valley Vipers - 2026-03-24 - L 105-120,2026-03-24,Rio Grande Valley Vipers,HOME,L,105,120,225000.0,255900.0,232918.0,1,1,1,5,3,1,1,5,132.04,67.8,14.3,25.87,107.97,240.01,0.449856,0,0.0,225000.0,130300.0,0.0,1,1,1,5,3,0,0,148.94,91.06,0.0,0.0
2026-03-26|Iowa Wolves|Oklahoma City Blue,Oklahoma City Blue,49,@ Iowa Wolves - 2026-03-26 - L 106-133,2026-03-26,Iowa Wolves,AWAY,L,106,133,180000.0,170600.0,0.0,1,1,1,4,2,0,1,3,126.62,79.54,0.0,33.85,113.39,240.01,0.472439,0,0.0,270000.0,160300.0,465836.0,1,1,1,6,3,2,0,122.5,56.38,61.12,0.0
2026-03-28|Iowa Wolves|Oklahoma City Blue,Oklahoma City Blue,50,@ Iowa Wolves - 2026-03-28 - L 117-132,2026-03-28,Iowa Wolves,AWAY,L,117,132,225000.0,170600.0,0.0,1,1,1,5,2,0,1,3,143.59,66.17,0.0,30.25,96.42,240.01,0.401733,0,0.0,270000.0,160300.0,232918.0,1,1,1,6,3,1,0,143.68,60.39,35.93,0.0
2025-11-07|Osceola Magic|Texas Legends,Osceola Magic,1,VS Texas Legends - 2025-11-07 - W 134-113,2025-11-07,Texas Legends,HOME,W,134,113,90000.0,657100.0,318218.0,1,1,1,2,8,2,0,10,4.94,177.11,57.95,0.0,235.06,240.0,0.979417,0,0.0,225000.0,381200.0,85300.0,1,1,1,5,5,1,0,69.6,135.6,34.8,0.0
2025-11-08|Osceola Magic|Texas Legends,Osceola Magic,2,VS Texas Legends - 2025-11-08 - W 144-112,2025-11-08,Texas Legends,HOME,W,144,112,90000.0,657100.0,551136.0,1,1,1,2,8,3,0,11,8.36,152.12,79.51,0.0,231.63,239.99,0.965165,0,0.0,225000.0,381200.0,85300.0,1,1,1,5,5,1,0,76.22,131.16,32.62,0.0
2025-11-13|Mexico City Capitanes|Osceola Magic,Osceola Magic,3,VS Mexico City Capitanes - 2025-11-13 - W 117-111,2025-11-13,Mexico City Capitanes,HOME,W,117,111,0.0,597100.0,318218.0,1,1,1,0,7,2,0,9,0.0,171.72,68.28,0.0,240.0,240.0,1.0,0,0.0,450000.0,0.0,0.0,1,1,1,10,0,0,0,240.01,0.0,0.0,0.0
2025-11-14|Birmingham Squadron|Osceola Magic,Osceola Magic,4,VS Birmingham Squadron - 2025-11-14 - W 120-77,2025-11-14,Birmingham Squadron,HOME,W,120,77,90000.0,571800.0,318218.0,1,1,1,2,7,2,0,9,16.8,177.53,45.67,0.0,223.2,240.0,0.93,0,0.0,90000.0,526500.0,465836.0,1,1,1,2,7,2,0,48.75,133.17,58.08,0.0
2025-11-16|Birmingham Squadron|Osceola Magic,Osceola Magic,5,VS Birmingham Squadron - 2025-11-16 - L 118-122,2025-11-16,Birmingham Squadron,HOME,L,118,122,90000.0,571800.0,85300.0,1,1,1,2,7,1,0,8,16.59,196.46,26.97,0.0,223.43,240.02,0.930881,0,0.0,90000.0,476500.0,465836.0,1,1,1,2,6,2,0,46.98,122.31,70.73,0.0
2025-11-19|Austin Spurs|Osceola Magic,Osceola Magic,6,@ Austin Spurs - 2025-11-19 - L 120-134,2025-11-19,Austin Spurs,AWAY,L,120,134,90000.0,571800.0,232918.0,1,1,1,2,7,1,1,9,13.18,164.1,31.13,31.6,226.83,240.01,0.945086,0,0.0,135000.0,255600.0,170600.0,1,1,1,3,4,2,0,61.18,108.65,70.17,0.0
2025-11-20|Austin Spurs|Osceola Magic,Osceola Magic,7,@ Austin Spurs - 2025-11-20 - W 110-102,2025-11-20,Austin Spurs,AWAY,W,110,102,45000.0,511800.0,232918.0,1,1,1,1,6,1,1,8,16.27,167.35,31.1,25.3,223.75,240.02,0.932214,0,0.0,135000.0,255600.0,170600.0,1,1,1,3,4,2,0,58.02,111.28,70.7,0.0
2025-11-29|Osceola Magic|Rio Grande Valley Vipers,Osceola Magic,8,@ Rio Grande Valley Vipers - 2025-11-29 - W 134-125,2025-11-29,Rio Grande Valley Vipers,AWAY,W,134,125,45000.0,486500.0,465836.0,1,1,1,1,6,2,0,8,14.67,158.38,66.94,0.0,225.32,239.99,0.938872,0,0.0,180000.0,100300.0,257918.0,1,1,1,4,2,2,0,99.57,63.98,76.45,0.0
2025-12-01|Osceola Magic|Rio Grande Valley Vipers,Osceola Magic,9,@ Rio Grande Valley Vipers - 2025-12-01 - L 108-113,2025-12-01,Rio Grande Valley Vipers,AWAY,L,108,113,45000.0,486500.0,465836.0,1,1,1,1,6,2,0,8,13.97,157.97,68.05,0.0,226.02,239.99,0.941789,0,0.0,180000.0,100300.0,257918.0,1,1,1,4,2,2,0,118.3,68.96,52.74,0.0
2025-12-04|Oklahoma City Blue|Osceola Magic,Osceola Magic,10,@ Oklahoma City Blue - 2025-12-04 - W 113-101,2025-12-04,Oklahoma City Blue,AWAY,W,113,101,0.0,597100.0,465836.0,1,1,1,0,7,2,0,9,0.0,181.5,58.52,0.0,240.02,240.02,1.0,0,0.0,135000.0,396200.0,318218.0,1,1,1,3,5,2,0,50.74,120.33,68.93,0.0
2025-12-06|Oklahoma City Blue|Osceola Magic,Osceola Magic,11,@ Oklahoma City Blue - 2025-12-06 - W 139-123,2025-12-06,Oklahoma City Blue,AWAY,W,139,123,0.0,571800.0,465836.0,1,1,1,0,7,2,0,9,0.0,172.86,67.14,0.0,240.0,240.0,1.0,0,0.0,135000.0,310900.0,85300.0,1,1,1,3,4,1,0,71.73,135.59,32.68,0.0
2025-12-11|Memphis Hustle|Osceola Magic,Osceola Magic,12,@ Memphis Hustle - 2025-12-11 - L 121-132,2025-12-11,Memphis Hustle,AWAY,L,121,132,45000.0,597100.0,465836.0,1,1,1,1,7,2,0,9,4.23,173.17,62.6,0.0,235.77,240.0,0.982375,0,0.0,135000.0,341200.0,503586.0,1,1,1,3,4,2,1,53.39,89.15,63.15,34.32
2025-12-14|Memphis Hustle|Osceola Magic,Osceola Magic,13,VS Memphis Hustle - 2025-12-14 - L 119-121,2025-12-14,Memphis Hustle,HOME,L,119,121,90000.0,571800.0,0.0,1,1,1,2,7,0,0,7,37.73,202.26,0.0,0.0,202.26,239.99,0.842785,0,0.0,225000.0,426500.0,0.0,1,1,1,5,5,0,1,71.76,133.87,0.0,34.37
2025-12-16|Memphis Hustle|Osceola Magic,Osceola Magic,14,VS Memphis Hustle - 2025-12-16 - L 122-125,2025-12-16,Memphis Hustle,HOME,L,122,125,45000.0,511800.0,465836.0,1,1,1,1,6,2,0,8,15.12,162.13,62.76,0.0,224.89,240.01,0.937003,0,0.0,225000.0,426500.0,0.0,1,1,1,5,5,0,1,71.84,137.22,0.0,30.95
2025-12-19|Noblesville Boom|Osceola Magic,Osceola Magic,15,@ Noblesville Boom - 2025-12-19 - L 99-112,2025-12-19,Noblesville Boom,AWAY,L,99,112,90000.0,657100.0,0.0,1,1,1,2,8,0,0,8,19.63,220.37,0.0,0.0,220.37,240.0,0.918208,0,0.0,225000.0,341200.0,232918.0,1,1,1,5,4,1,0,83.11,117.95,38.95,0.0
2025-12-22|Mexico City Capitanes|Osceola Magic,Osceola Magic,16,VS Mexico City Capitanes - 2025-12-22 - W 119-112,2025-12-22,Mexico City Capitanes,HOME,W,119,112,90000.0,571800.0,0.0,1,1,1,2,7,0,0,7,34.78,205.21,0.0,0.0,205.21,239.99,0.855077,0,0.0,450000.0,0.0,0.0,1,1,1,10,0,0,0,239.99,0.0,0.0,0.0
2025-12-27|Osceola Magic|Santa Cruz Warriors,Osceola Magic,17,@ Santa Cruz Warriors - 2025-12-27 - W 122-97,2025-12-27,Santa Cruz Warriors,AWAY,W,122,97,135000.0,571800.0,0.0,1,1,1,3,7,0,0,7,51.85,188.14,0.0,0.0,188.14,239.99,0.783949,0,0.0,225000.0,366200.0,85300.0,1,1,1,5,5,1,0,114.41,97.69,27.9,0.0
2025-12-28|Osceola Magic|Santa Cruz Warriors,Osceola Magic,18,@ Santa Cruz Warriors - 2025-12-28 - W 106-96,2025-12-28,Santa Cruz Warriors,AWAY,W,106,96,135000.0,486500.0,0.0,1,1,1,3,6,0,0,6,70.4,169.59,0.0,0.0,169.59,239.99,0.706654,0,0.0,225000.0,366200.0,85300.0,1,1,1,5,5,1,0,112.3,99.53,28.18,0.0
2025-12-31|Osceola Magic|Rip City Remix,Osceola Magic,19,@ Rip City Remix - 2025-12-31 - W 129-126,2025-12-31,Rip City Remix,AWAY,W,129,126,90000.0,571800.0,0.0,1,1,1,2,7,0,0,7,42.4,197.61,0.0,0.0,197.61,240.01,0.823341,0,0.0,180000.0,255900.0,0.0,1,1,1,4,3,0,0,117.59,122.42,0.0,0.0
2026-01-02|Osceola Magic|Windy City Bulls,Osceola Magic,20,@ Windy City Bulls - 2026-01-02 - L 121-128,2026-01-02,Windy City Bulls,AWAY,L,121,128,90000.0,571800.0,0.0,1,1,1,2,7,0,0,7,32.03,207.99,0.0,0.0,207.99,240.02,0.866553,0,0.0,135000.0,341200.0,232917.0,1,1,1,3,4,1,0,60.77,140.9,38.33,0.0
2026-01-03|Osceola Magic|Windy City Bulls,Osceola Magic,21,@ Windy City Bulls - 2026-01-03 - W 130-114,2026-01-03,Windy City Bulls,AWAY,W,130,114,90000.0,571800.0,0.0,1,1,1,2,7,0,0,7,41.24,198.76,0.0,0.0,198.76,240.0,0.828167,0,0.0,135000.0,341200.0,232917.0,1,1,1,3,4,1,0,62.6,139.54,37.87,0.0
2026-01-08|Birmingham Squadron|Osceola Magic,Osceola Magic,22,@ Birmingham Squadron - 2026-01-08 - W 111-106,2026-01-08,Birmingham Squadron,AWAY,W,111,106,90000.0,571800.0,0.0,1,1,1,2,7,0,0,7,37.69,202.32,0.0,0.0,202.32,240.01,0.842965,0,0.0,90000.0,476500.0,232918.0,1,1,1,2,6,1,0,68.5,144.59,26.92,0.0
2026-01-10|Birmingham Squadron|Osceola Magic,Osceola Magic,23,@ Birmingham Squadron - 2026-01-10 - W 112-95,2026-01-10,Birmingham Squadron,AWAY,W,112,95,90000.0,571800.0,0.0,1,1,1,2,7,0,0,7,43.87,196.13,0.0,0.0,196.13,240.0,0.817208,0,0.0,90000.0,476500.0,232918.0,1,1,1,2,6,1,0,58.54,147.4,34.07,0.0
2026-01-12|College Park Skyhawks|Osceola Magic,Osceola Magic,24,@ College Park Skyhawks - 2026-01-12 - W 130-109,2026-01-12,College Park Skyhawks,AWAY,W,130,109,135000.0,571800.0,0.0,1,1,1,3,7,0,0,7,51.87,188.13,0.0,0.0,188.13,240.0,0.783875,0,0.0,135000.0,330900.0,85300.0,1,1,1,3,5,1,0,80.38,129.98,29.63,0.0
2026-01-17|Greensboro Swarm|Osceola Magic,Osceola Magic,25,@ Greensboro Swarm - 2026-01-17 - L 123-125,2026-01-17,Greensboro Swarm,AWAY,L,123,125,135000.0,571800.0,0.0,1,1,1,3,7,0,0,7,40.95,212.71,0.0,0.0,212.71,253.66,0.838563,0,0.0,45000.0,426200.0,318218.0,1,1,1,1,7,2,1,18.48,130.51,68.65,36.03
2026-01-24|Osceola Magic|Westchester Knicks,Osceola Magic,26,@ Westchester Knicks - 2026-01-24 - W 124-103,2026-01-24,Westchester Knicks,AWAY,W,124,103,135000.0,571800.0,0.0,1,1,1,3,7,0,0,7,52.76,187.24,0.0,0.0,187.24,240.0,0.780167,0,0.0,180000.0,125300.0,170600.0,1,1,1,4,3,2,2,108.22,36.87,32.28,62.64
2026-01-26|Osceola Magic|Raptors 905,Osceola Magic,27,VS Raptors 905 - 2026-01-26 - W 112-109,2026-01-26,Raptors 905,HOME,W,112,109,135000.0,571800.0,0.0,1,1,1,3,7,0,0,7,43.73,196.26,0.0,0.0,196.26,239.99,0.817784,0,0.0,90000.0,340600.0,0.0,1,1,1,2,6,0,0,66.13,173.87,0.0,0.0
2026-01-28|Osceola Magic|Raptors 905,Osceola Magic,28,VS Raptors 905 - 2026-01-28 - W 118-109,2026-01-28,Raptors 905,HOME,W,118,109,135000.0,571800.0,0.0,1,1,1,3,7,0,0,7,40.27,199.73,0.0,0.0,199.73,240.0,0.832208,0,0.0,90000.0,290600.0,318218.0,1,1,1,2,5,2,0,40.21,140.75,59.01,0.0
2026-01-29|Osceola Magic|Westchester Knicks,Osceola Magic,29,VS Westchester Knicks - 2026-01-29 - W 110-102,2026-01-29,Westchester Knicks,HOME,W,110,102,90000.0,571800.0,0.0,1,1,1,2,7,0,0,7,54.55,185.44,0.0,0.0,185.44,239.99,0.772699,0,0.0,135000.0,125300.0,85300.0,1,1,1,3,3,1,2,68.08,59.96,34.52,77.43
2026-02-02|Osceola Magic|South Bay Lakers,Osceola Magic,30,VS South Bay Lakers - 2026-02-02 - W 137-133,2026-02-02,South Bay Lakers,HOME,W,137,133,135000.0,486500.0,0.0,1,1,1,3,6,0,0,6,62.35,177.65,0.0,0.0,177.65,240.0,0.740208,0,0.0,90000.0,456500.0,85300.0,1,1,1,2,6,1,1,36.55,148.5,17.75,37.2
2026-02-04|Noblesville Boom|Osceola Magic,Osceola Magic,31,VS Noblesville Boom - 2026-02-04 - L 117-129,2026-02-04,Noblesville Boom,HOME,L,117,129,135000.0,486500.0,0.0,1,1,1,3,6,0,0,6,59.63,180.37,0.0,0.0,180.37,240.0,0.751542,0,0.0,135000.0,341200.0,465836.0,1,1,1,3,4,2,0,82.36,95.23,62.4,0.0
2026-02-06|Noblesville Boom|Osceola Magic,Osceola Magic,32,VS Noblesville Boom - 2026-02-06 - W 119-114,2026-02-06,Noblesville Boom,HOME,W,119,114,90000.0,571800.0,0.0,1,1,1,2,7,0,0,7,44.45,195.56,0.0,0.0,195.56,240.01,0.814799,0,0.0,180000.0,341200.0,232918.0,1,1,1,4,4,1,0,75.4,122.7,41.9,0.0
2026-02-19|Capital City Go-Go|Osceola Magic,Osceola Magic,33,@ Capital City Go-Go - 2026-02-19 - L 110-113,2026-02-19,Capital City Go-Go,AWAY,L,110,113,90000.0,511800.0,85300.0,1,1,1,2,6,1,0,7,39.5,181.73,18.77,0.0,200.5,240.0,0.835417,0,0.0,225000.0,253250.0,0.0,1,1,1,5,4,0,0,120.89,119.1,0.0,0.0
2026-02-21|Grand Rapids Gold|Osceola Magic,Osceola Magic,34,@ Grand Rapids Gold - 2026-02-21 - W 121-95,2026-02-21,Grand Rapids Gold,AWAY,W,121,95,135000.0,571800.0,85300.0,1,1,1,3,7,1,0,8,43.83,171.16,25.02,0.0,196.18,240.01,0.817383,0,0.0,180000.0,298550.0,232918.0,1,1,1,4,4,1,0,77.11,127.02,35.88,0.0
2026-02-23|Grand Rapids Gold|Osceola Magic,Osceola Magic,35,@ Grand Rapids Gold - 2026-02-23 - W 109-97,2026-02-23,Grand Rapids Gold,AWAY,W,109,97,90000.0,511800.0,85300.0,1,1,1,2,6,1,0,7,41.73,173.44,24.82,0.0,198.26,239.99,0.826118,0,0.0,180000.0,298550.0,232918.0,1,1,1,4,4,1,0,63.57,138.48,37.95,0.0
2026-02-26|Cleveland Charge|Osceola Magic,Osceola Magic,36,VS Cleveland Charge - 2026-02-26 - L 107-129,2026-02-26,Cleveland Charge,HOME,L,107,129,135000.0,571800.0,85300.0,1,1,1,3,7,1,0,8,29.47,182.57,27.97,0.0,210.54,240.01,0.877213,0,0.0,270000.0,401200.0,0.0,1,1,1,6,6,0,0,87.18,152.82,0.0,0.0
2026-02-27|Cleveland Charge|Osceola Magic,Osceola Magic,37,VS Cleveland Charge - 2026-02-27 - W 128-111,2026-02-27,Cleveland Charge,HOME,W,128,111,0.0,511800.0,85300.0,1,1,1,0,6,1,2,9,0.0,148.99,28.3,62.7,239.99,239.99,1.0,0,0.0,270000.0,145300.0,0.0,1,1,1,6,3,0,0,135.47,104.53,0.0,0.0
2026-03-01|Osceola Magic|Sioux Falls Skyforce,Osceola Magic,38,VS Sioux Falls Skyforce - 2026-03-01 - L 108-123,2026-03-01,Sioux Falls Skyforce,HOME,L,108,123,90000.0,511800.0,85300.0,1,1,1,2,6,1,0,7,35.25,174.71,30.03,0.0,204.74,239.99,0.853119,0,0.0,180000.0,341200.0,0.0,1,1,1,4,4,0,1,76.13,124.39,0.0,39.48
2026-03-03|Osceola Magic|Sioux Falls Skyforce,Osceola Magic,39,VS Sioux Falls Skyforce - 2026-03-03 - W 113-106,2026-03-03,Sioux Falls Skyforce,HOME,W,113,106,90000.0,511800.0,85300.0,1,1,1,2,6,1,0,7,48.07,182.56,17.47,0.0,200.03,248.1,0.806247,0,0.0,45000.0,426500.0,85300.0,1,1,1,1,5,1,2,31.4,124.38,20.35,71.97
2026-03-08|Maine Celtics|Osceola Magic,Osceola Magic,40,VS Maine Celtics - 2026-03-08 - W 134-103,2026-03-08,Maine Celtics,HOME,W,134,103,135000.0,571800.0,85300.0,1,1,1,3,7,1,0,8,50.64,163.95,25.42,0.0,189.37,240.01,0.789009,0,0.0,180000.0,415900.0,232918.0,1,1,1,4,6,1,0,67.58,147.67,24.75,0.0
2026-03-10|Maine Celtics|Osceola Magic,Osceola Magic,41,VS Maine Celtics - 2026-03-10 - L 112-119,2026-03-10,Maine Celtics,HOME,L,112,119,135000.0,511800.0,85300.0,1,1,1,3,6,1,0,7,26.64,180.28,33.07,0.0,213.35,239.99,0.888995,0,0.0,180000.0,330600.0,232918.0,1,1,1,4,5,1,0,90.1,112.11,37.8,0.0
2026-03-11|Osceola Magic|Wisconsin Herd,Osceola Magic,42,VS Wisconsin Herd - 2026-03-11 - W 126-113,2026-03-11,Wisconsin Herd,HOME,W,126,113,135000.0,486500.0,85300.0,1,1,1,3,6,1,0,7,60.25,151.23,28.52,0.0,179.75,240.0,0.748958,0,0.0,225000.0,165300.0,85300.0,1,1,1,5,3,1,0,104.02,98.14,37.83,0.0
2026-03-13|Greensboro Swarm|Osceola Magic,Osceola Magic,43,@ Greensboro Swarm - 2026-03-13 - L 120-127,2026-03-13,Greensboro Swarm,AWAY,L,120,127,135000.0,511800.0,85300.0,1,1,1,3,6,1,0,7,24.33,185.27,30.42,0.0,215.69,240.02,0.898633,0,0.0,90000.0,280600.0,318218.0,1,1,1,2,6,2,0,19.32,152.58,68.1,0.0
2026-03-15|Long Island Nets|Osceola Magic,Osceola Magic,44,VS Long Island Nets - 2026-03-15 - W 126-107,2026-03-15,Long Island Nets,HOME,W,126,107,90000.0,511800.0,85300.0,1,1,1,2,6,1,0,7,33.8,176.7,29.5,0.0,206.2,240.0,0.859167,0,0.0,135000.0,375900.0,0.0,1,1,1,3,6,0,0,45.26,194.72,0.0,0.0
2026-03-17|Long Island Nets|Osceola Magic,Osceola Magic,45,VS Long Island Nets - 2026-03-17 - W 130-111,2026-03-17,Long Island Nets,HOME,W,130,111,135000.0,426500.0,85300.0,1,1,1,3,5,1,0,6,46.13,157.96,35.92,0.0,193.88,240.01,0.8078,0,0.0,135000.0,375900.0,0.0,1,1,1,3,6,0,0,59.57,180.44,0.0,0.0
2026-03-20|Delaware Blue Coats|Osceola Magic,Osceola Magic,46,VS Delaware Blue Coats - 2026-03-20 - W 113-106,2026-03-20,Delaware Blue Coats,HOME,W,113,106,90000.0,511800.0,85300.0,1,1,1,2,6,1,1,8,17.03,161.24,29.4,32.32,222.96,239.99,0.929039,0,0.0,225000.0,218250.0,0.0,1,1,1,5,4,0,0,100.46,139.53,0.0,0.0
2026-03-21|Delaware Blue Coats|Osceola Magic,Osceola Magic,47,VS Delaware Blue Coats - 2026-03-21 - W 124-107,2026-03-21,Delaware Blue Coats,HOME,W,124,107,90000.0,511800.0,85300.0,1,1,1,2,6,1,0,7,32.2,177.53,30.27,0.0,207.8,240.0,0.865833,0,0.0,225000.0,218250.0,0.0,1,1,1,5,4,0,0,110.42,129.6,0.0,0.0
2026-03-25|College Park Skyhawks|Osceola Magic,Osceola Magic,48,@ College Park Skyhawks - 2026-03-25 - W 129-120,2026-03-25,College Park Skyhawks,AWAY,W,129,120,135000.0,486500.0,85300.0,1,1,1,3,6,1,0,7,46.31,162.92,30.77,0.0,193.69,240.0,0.807042,0,0.0,270000.0,115300.0,150000.0,1,1,1,6,2,1,0,154.42,50.68,34.9,0.0
2026-03-27|Motor City Cruise|Osceola Magic,Osceola Magic,49,@ Motor City Cruise - 2026-03-27 - L 118-132,2026-03-27,Motor City Cruise,AWAY,L,118,132,90000.0,486500.0,85300.0,1,1,1,2,6,1,0,7,36.89,171.14,31.98,0.0,203.12,240.01,0.846298,0,0.0,180000.0,305900.0,85300.0,1,1,1,4,5,1,0,106.47,107.55,25.98,0.0
2026-03-28|Motor City Cruise|Osceola Magic,Osceola Magic,50,@ Motor City Cruise - 2026-03-28 - W 125-119,2026-03-28,Motor City Cruise,AWAY,W,125,119,90000.0,511800.0,85300.0,1,1,1,2,6,1,0,7,27.64,179.24,33.13,0.0,212.37,240.01,0.884838,0,0.0,180000.0,305900.0,0.0,1,1,1,4,5,0,0,102.76,137.23,0.0,0.0
2025-11-07|College Park Skyhawks|Raptors 905,Raptors 905,1,VS College Park Skyhawks - 2025-11-07 - W 130-94,2025-11-07,College Park Skyhawks,HOME,W,130,94,90000.0,375900.0,403518.0,1,1,1,2,6,3,0,9,43.79,109.45,86.76,0.0,196.21,240.0,0.817542,0,0.0,180000.0,330900.0,318217.0,1,1,1,4,5,2,0,38.83,141.04,60.13,0.0
2025-11-09|College Park Skyhawks|Raptors 905,Raptors 905,2,VS College Park Skyhawks - 2025-11-09 - W 124-92,2025-11-09,College Park Skyhawks,HOME,W,124,92,135000.0,375900.0,403518.0,1,1,1,3,6,3,0,9,19.87,136.82,83.32,0.0,220.14,240.01,0.917212,0,0.0,180000.0,330900.0,232917.0,1,1,1,4,5,1,0,69.84,147.5,22.67,0.0
2025-11-12|Maine Celtics|Raptors 905,Raptors 905,3,VS Maine Celtics - 2025-11-12 - W 111-75,2025-11-12,Maine Celtics,HOME,W,111,75,135000.0,375900.0,403518.0,1,1,1,3,6,3,0,9,35.2,117.9,86.9,0.0,204.8,240.0,0.853333,0,0.0,225000.0,270600.0,318218.0,1,1,1,5,4,2,0,84.62,97.73,57.65,0.0
2025-11-14|Raptors 905|Westchester Knicks,Raptors 905,4,@ Westchester Knicks - 2025-11-14 - W 113-110,2025-11-14,Westchester Knicks,AWAY,W,113,110,45000.0,375900.0,403518.0,1,1,1,1,6,3,0,9,32.85,115.49,91.67,0.0,207.16,240.01,0.863131,0,0.0,135000.0,295900.0,170600.0,1,1,1,3,5,2,0,52.03,119.25,68.71,0.0
2025-11-19|Greensboro Swarm|Raptors 905,Raptors 905,5,@ Greensboro Swarm - 2025-11-19 - W 124-116,2025-11-19,Greensboro Swarm,AWAY,W,124,116,90000.0,375900.0,403518.0,1,1,1,2,6,3,0,9,34.61,106.04,99.35,0.0,205.39,240.0,0.855792,0,0.0,90000.0,290900.0,0.0,1,1,1,2,5,0,1,44.58,161.31,0.0,34.13
2025-11-20|Greensboro Swarm|Raptors 905,Raptors 905,6,@ Greensboro Swarm - 2025-11-20 - W 114-103,2025-11-20,Greensboro Swarm,AWAY,W,114,103,45000.0,375900.0,403518.0,1,1,1,1,6,3,0,9,24.57,112.38,103.05,0.0,215.43,240.0,0.897625,0,0.0,90000.0,275900.0,403518.0,1,1,1,2,5,3,1,24.91,86.03,109.1,19.95
2025-11-29|Long Island Nets|Raptors 905,Raptors 905,7,@ Long Island Nets - 2025-11-29 - W 130-102,2025-11-29,Long Island Nets,AWAY,W,130,102,90000.0,375900.0,403518.0,1,1,1,2,6,3,0,9,31.32,120.04,88.65,0.0,208.69,240.01,0.869505,0,0.0,90000.0,418550.0,0.0,1,1,1,2,7,0,1,40.85,174.2,0.0,24.95
2025-12-01|Long Island Nets|Raptors 905,Raptors 905,8,@ Long Island Nets - 2025-12-01 - W 120-113,2025-12-01,Long Island Nets,AWAY,W,120,113,45000.0,425900.0,318218.0,1,1,1,1,7,2,0,9,32.8,134.94,72.27,0.0,207.21,240.01,0.863339,0,0.0,90000.0,418550.0,0.0,1,1,1,2,7,0,1,46.28,158.5,0.0,35.22
2025-12-03|Capital City Go-Go|Raptors 905,Raptors 905,9,VS Capital City Go-Go - 2025-12-03 - W 123-104,2025-12-03,Capital City Go-Go,HOME,W,123,104,135000.0,425900.0,403518.0,1,1,1,3,7,3,0,10,32.59,124.26,83.15,0.0,207.41,240.0,0.864208,0,0.0,90000.0,499150.0,0.0,1,1,1,2,7,0,1,23.75,187.76,0.0,28.5
2025-12-05|Capital City Go-Go|Raptors 905,Raptors 905,10,VS Capital City Go-Go - 2025-12-05 - W 124-120,2025-12-05,Capital City Go-Go,HOME,W,124,120,90000.0,425900.0,403518.0,1,1,1,2,7,3,0,10,29.26,112.31,98.43,0.0,210.74,240.0,0.878083,0,0.0,90000.0,499150.0,0.0,1,1,1,2,7,0,1,12.06,198.74,0.0,29.2
2025-12-10|Delaware Blue Coats|Raptors 905,Raptors 905,11,VS Delaware Blue Coats - 2025-12-10 - W 115-108,2025-12-10,Delaware Blue Coats,HOME,W,115,108,45000.0,425900.0,403518.0,1,1,1,1,7,3,0,10,29.02,113.45,97.53,0.0,210.98,240.0,0.879083,0,0.0,90000.0,265900.0,232918.0,1,1,1,2,6,1,0,50.58,161.35,28.07,0.0
2025-12-11|Delaware Blue Coats|Raptors 905,Raptors 905,12,VS Delaware Blue Coats - 2025-12-11 - W 111-102,2025-12-11,Delaware Blue Coats,HOME,W,111,102,135000.0,425900.0,318218.0,1,1,1,3,7,2,0,9,48.6,139.98,51.41,0.0,191.39,239.99,0.797492,0,0.0,90000.0,273400.0,0.0,1,1,1,2,7,0,0,39.64,200.39,0.0,0.0
2025-12-14|Maine Celtics|Raptors 905,Raptors 905,13,@ Maine Celtics - 2025-12-14 - W 112-107,2025-12-14,Maine Celtics,AWAY,W,112,107,90000.0,425900.0,318218.0,1,1,1,2,7,2,0,9,37.94,142.06,60.0,0.0,202.06,240.0,0.841917,0,0.0,135000.0,330600.0,318218.0,1,1,1,3,5,2,0,35.87,141.15,62.98,0.0
2025-12-16|Raptors 905|Westchester Knicks,Raptors 905,14,@ Westchester Knicks - 2025-12-16 - W 126-99,2025-12-16,Westchester Knicks,AWAY,W,126,99,135000.0,425900.0,403518.0,1,1,1,3,7,3,0,10,24.84,137.91,77.24,0.0,215.15,239.99,0.896496,0,0.0,180000.0,270900.0,0.0,1,1,1,4,4,0,0,124.56,115.46,0.0,0.0
2025-12-19|Raptors 905|San Diego Clippers,Raptors 905,15,VS San Diego Clippers - 2025-12-19 - W 110-89,2025-12-19,San Diego Clippers,HOME,W,110,89,45000.0,425900.0,403518.0,1,1,1,1,7,3,0,10,31.32,109.81,98.85,0.0,208.66,239.98,0.869489,0,0.0,135000.0,439150.0,0.0,1,1,1,3,6,0,0,68.93,171.09,0.0,0.0
2025-12-21|Grand Rapids Gold|Raptors 905,Raptors 905,16,VS Grand Rapids Gold - 2025-12-21 - W 103-101,2025-12-21,Grand Rapids Gold,HOME,W,103,101,45000.0,425900.0,403518.0,1,1,1,1,7,3,0,10,29.32,112.05,98.64,0.0,210.69,240.01,0.877838,0,0.0,45000.0,469150.0,232918.0,1,1,1,1,7,1,0,34.85,163.93,41.22,0.0
2025-12-27|Maine Celtics|Raptors 905,Raptors 905,17,VS Maine Celtics - 2025-12-27 - W 125-92,2025-12-27,Maine Celtics,HOME,W,125,92,135000.0,375900.0,318218.0,1,1,1,3,6,2,0,8,45.2,139.91,54.89,0.0,194.8,240.0,0.811667,0,0.0,180000.0,330600.0,403518.0,1,1,1,4,5,3,0,63.5,107.05,69.45,0.0
2025-12-28|Maine Celtics|Raptors 905,Raptors 905,18,VS Maine Celtics - 2025-12-28 - W 124-100,2025-12-28,Maine Celtics,HOME,W,124,100,135000.0,375900.0,403518.0,1,1,1,3,6,3,0,9,40.33,131.51,68.17,0.0,199.68,240.01,0.831965,0,0.0,180000.0,330600.0,170600.0,1,1,1,4,5,2,0,66.33,117.4,56.26,0.0
2025-12-30|Raptors 905|Westchester Knicks,Raptors 905,19,VS Westchester Knicks - 2025-12-30 - W 120-109,2025-12-30,Westchester Knicks,HOME,W,120,109,135000.0,375900.0,318218.0,1,1,1,3,6,2,0,8,57.48,115.04,67.48,0.0,182.52,240.0,0.7605,0,0.0,90000.0,366200.0,85300.0,1,1,1,2,5,1,0,39.56,156.27,44.17,0.0
2026-01-02|Raptors 905|San Diego Clippers,Raptors 905,20,VS San Diego Clippers - 2026-01-02 - L 110-114,2026-01-02,San Diego Clippers,HOME,L,110,114,135000.0,375900.0,318218.0,1,1,1,3,6,2,0,8,46.07,124.38,69.55,0.0,193.93,240.0,0.808042,0,0.0,180000.0,439150.0,0.0,1,1,1,4,6,0,0,69.83,170.17,0.0,0.0
2026-01-06|Noblesville Boom|Raptors 905,Raptors 905,21,VS Noblesville Boom - 2026-01-06 - W 107-95,2026-01-06,Noblesville Boom,HOME,W,107,95,90000.0,425900.0,318218.0,1,1,1,2,7,2,0,9,29.88,143.94,66.18,0.0,210.12,240.0,0.8755,0,0.0,135000.0,426500.0,232918.0,1,1,1,3,5,1,0,92.08,123.27,24.65,0.0
2026-01-08|Noblesville Boom|Raptors 905,Raptors 905,22,VS Noblesville Boom - 2026-01-08 - W 117-98,2026-01-08,Noblesville Boom,HOME,W,117,98,135000.0,425900.0,0.0,1,1,1,3,7,0,0,7,59.66,180.38,0.0,0.0,180.38,240.04,0.751458,0,0.0,135000.0,426500.0,232918.0,1,1,1,3,5,1,0,85.22,117.78,37.0,0.0
2026-01-11|Birmingham Squadron|Raptors 905,Raptors 905,23,@ Birmingham Squadron - 2026-01-11 - W 118-73,2026-01-11,Birmingham Squadron,AWAY,W,118,73,135000.0,425900.0,0.0,1,1,1,3,7,0,0,7,59.7,180.32,0.0,0.0,180.32,240.02,0.751271,0,0.0,90000.0,391200.0,232918.0,1,1,1,2,5,1,0,56.0,153.95,30.05,0.0
2026-01-13|Birmingham Squadron|Raptors 905,Raptors 905,24,@ Birmingham Squadron - 2026-01-13 - W 99-98,2026-01-13,Birmingham Squadron,AWAY,W,99,98,90000.0,425900.0,0.0,1,1,1,2,7,0,0,7,48.28,203.96,0.0,0.0,203.96,252.24,0.808595,0,0.0,90000.0,391200.0,232918.0,1,1,1,2,5,1,0,74.0,145.97,32.28,0.0
2026-01-15|Capital City Go-Go|Raptors 905,Raptors 905,25,@ Capital City Go-Go - 2026-01-15 - W 115-104,2026-01-15,Capital City Go-Go,AWAY,W,115,104,135000.0,425900.0,0.0,1,1,1,3,7,0,0,7,56.12,183.9,0.0,0.0,183.9,240.02,0.766186,0,0.0,135000.0,459150.0,232918.0,1,1,1,3,6,1,0,49.88,155.12,35.0,0.0
2026-01-17|Capital City Go-Go|Raptors 905,Raptors 905,26,@ Capital City Go-Go - 2026-01-17 - L 99-101,2026-01-17,Capital City Go-Go,AWAY,L,99,101,90000.0,425900.0,0.0,1,1,1,2,7,0,0,7,48.5,191.51,0.0,0.0,191.51,240.01,0.797925,0,0.0,135000.0,413850.0,232918.0,1,1,1,3,6,1,0,65.31,150.18,24.57,0.0
2026-01-23|Long Island Nets|Raptors 905,Raptors 905,27,@ Long Island Nets - 2026-01-23 - L 93-109,2026-01-23,Long Island Nets,AWAY,L,93,109,135000.0,390900.0,0.0,1,1,1,3,6,0,0,6,66.08,173.92,0.0,0.0,173.92,240.0,0.724667,0,0.0,45000.0,428850.0,320600.0,1,1,1,1,6,3,1,38.33,107.21,68.54,25.93
2026-01-26|Osceola Magic|Raptors 905,Raptors 905,28,@ Osceola Magic - 2026-01-26 - L 109-112,2026-01-26,Osceola Magic,AWAY,L,109,112,90000.0,340600.0,0.0,1,1,1,2,6,0,0,6,66.13,173.87,0.0,0.0,173.87,240.0,0.724458,0,0.0,135000.0,571800.0,0.0,1,1,1,3,7,0,0,43.73,196.26,0.0,0.0
2026-01-28|Osceola Magic|Raptors 905,Raptors 905,29,@ Osceola Magic - 2026-01-28 - L 109-118,2026-01-28,Osceola Magic,AWAY,L,109,118,90000.0,290600.0,318218.0,1,1,1,2,5,2,0,7,40.21,140.75,59.01,0.0,199.76,239.97,0.832437,0,0.0,135000.0,571800.0,0.0,1,1,1,3,7,0,0,40.27,199.73,0.0,0.0
2026-02-05|Grand Rapids Gold|Raptors 905,Raptors 905,30,VS Grand Rapids Gold - 2026-02-05 - W 137-109,2026-02-05,Grand Rapids Gold,HOME,W,137,109,135000.0,375900.0,318218.0,1,1,1,3,6,2,0,8,34.57,143.66,61.76,0.0,205.42,239.99,0.855952,0,0.0,90000.0,511800.0,232918.0,1,1,1,2,8,1,0,12.92,190.62,36.47,0.0
2026-02-07|Grand Rapids Gold|Raptors 905,Raptors 905,31,VS Grand Rapids Gold - 2026-02-07 - W 125-124,2026-02-07,Grand Rapids Gold,HOME,W,125,124,135000.0,375900.0,318218.0,1,1,1,3,6,2,0,8,52.5,126.03,61.48,0.0,187.51,240.01,0.781259,0,0.0,90000.0,477680.0,232918.0,1,1,1,2,7,1,0,37.35,167.92,34.73,0.0
2026-02-08|Motor City Cruise|Raptors 905,Raptors 905,32,VS Motor City Cruise - 2026-02-08 - W 112-99,2026-02-08,Motor City Cruise,HOME,W,112,99,135000.0,340900.0,0.0,1,1,1,3,5,0,0,5,89.72,150.28,0.0,0.0,150.28,240.0,0.626167,0,0.0,270000.0,135300.0,85300.0,1,1,1,6,3,1,1,113.59,69.12,33.27,24.03
2026-02-10|Cleveland Charge|Raptors 905,Raptors 905,33,@ Cleveland Charge - 2026-02-10 - L 122-126,2026-02-10,Cleveland Charge,AWAY,L,122,126,135000.0,340900.0,318218.0,1,1,1,3,5,2,0,7,72.36,98.35,69.28,0.0,167.63,239.99,0.698487,0,0.0,135000.0,486500.0,232917.0,1,1,1,3,7,1,0,47.6,155.71,36.7,0.0
2026-02-12|Cleveland Charge|Raptors 905,Raptors 905,34,@ Cleveland Charge - 2026-02-12 - L 124-134,2026-02-12,Cleveland Charge,AWAY,L,124,134,135000.0,340900.0,85300.0,1,1,1,3,5,1,0,6,72.59,130.66,36.75,0.0,167.41,240.0,0.697542,0,0.0,90000.0,486500.0,232917.0,1,1,1,2,7,1,0,51.3,168.0,20.7,0.0
2026-02-20|Raptors 905|Windy City Bulls,Raptors 905,35,@ Windy City Bulls - 2026-02-20 - W 141-135,2026-02-20,Windy City Bulls,AWAY,W,141,135,90000.0,290600.0,318218.0,1,1,1,2,5,2,1,8,46.54,95.47,61.43,36.57,193.47,240.01,0.806091,0,0.0,90000.0,341200.0,170600.0,1,1,1,2,4,2,1,42.35,99.23,68.87,29.55
2026-02-21|Raptors 905|Windy City Bulls,Raptors 905,36,@ Windy City Bulls - 2026-02-21 - W 141-138,2026-02-21,Windy City Bulls,AWAY,W,141,138,90000.0,290600.0,318218.0,1,1,1,2,5,2,0,7,38.39,131.5,70.11,0.0,201.61,240.0,0.840042,0,0.0,135000.0,341200.0,170600.0,1,1,1,3,4,2,0,54.91,120.17,64.94,0.0
2026-02-24|College Park Skyhawks|Raptors 905,Raptors 905,37,@ College Park Skyhawks - 2026-02-24 - L 129-132,2026-02-24,College Park Skyhawks,AWAY,L,129,132,90000.0,290600.0,318218.0,1,1,1,2,5,2,0,7,46.24,127.17,66.6,0.0,193.77,240.01,0.807341,0,0.0,270000.0,75000.0,85300.0,1,1,1,6,2,1,0,148.13,55.44,36.43,0.0
2026-02-26|College Park Skyhawks|Raptors 905,Raptors 905,38,@ College Park Skyhawks - 2026-02-26 - W 116-111,2026-02-26,College Park Skyhawks,AWAY,W,116,111,135000.0,290600.0,318218.0,1,1,1,3,5,2,0,7,68.29,107.08,64.61,0.0,171.69,239.98,0.715435,0,0.0,225000.0,75000.0,85300.0,1,1,1,5,2,1,0,130.15,65.13,44.72,0.0
2026-02-28|Greensboro Swarm|Raptors 905,Raptors 905,39,VS Greensboro Swarm - 2026-02-28 - L 114-126,2026-02-28,Greensboro Swarm,HOME,L,114,126,135000.0,240600.0,318218.0,1,1,1,3,4,2,0,6,53.54,115.44,71.03,0.0,186.47,240.01,0.776926,0,0.0,45000.0,170300.0,551136.0,1,1,1,1,4,3,2,7.43,73.96,101.56,57.04
2026-03-01|Greensboro Swarm|Raptors 905,Raptors 905,40,VS Greensboro Swarm - 2026-03-01 - L 106-141,2026-03-01,Greensboro Swarm,HOME,L,106,141,135000.0,240600.0,318218.0,1,1,1,3,4,2,0,6,66.87,112.85,60.29,0.0,173.14,240.01,0.721387,0,0.0,45000.0,195300.0,551136.0,1,1,1,1,5,3,2,5.0,99.97,83.12,51.9
2026-03-04|Raptors 905|Rio Grande Valley Vipers,Raptors 905,41,VS Rio Grande Valley Vipers - 2026-03-04 - L 121-123,2026-03-04,Rio Grande Valley Vipers,HOME,L,121,123,90000.0,375900.0,318218.0,1,1,1,2,6,2,0,8,57.6,124.2,58.2,0.0,182.4,240.0,0.76,0,0.0,225000.0,215600.0,0.0,1,1,1,5,4,0,0,118.26,121.73,0.0,0.0
2026-03-06|Raptors 905|Rio Grande Valley Vipers,Raptors 905,42,VS Rio Grande Valley Vipers - 2026-03-06 - W 128-120,2026-03-06,Rio Grande Valley Vipers,HOME,W,128,120,135000.0,290600.0,85300.0,1,1,1,3,5,1,1,7,53.82,139.11,17.35,29.72,186.18,240.0,0.77575,0,0.0,180000.0,215600.0,0.0,1,1,1,4,4,0,0,118.07,121.93,0.0,0.0
2026-03-08|Delaware Blue Coats|Raptors 905,Raptors 905,43,VS Delaware Blue Coats - 2026-03-08 - W 137-113,2026-03-08,Delaware Blue Coats,HOME,W,137,113,180000.0,290600.0,232918.0,1,1,1,4,5,1,1,7,73.02,122.84,24.93,19.22,166.99,240.01,0.695763,0,0.0,225000.0,260900.0,0.0,1,1,1,5,5,0,0,93.2,146.8,0.0,0.0
2026-03-12|Raptors 905|Westchester Knicks,Raptors 905,44,@ Westchester Knicks - 2026-03-12 - W 124-120,2026-03-12,Westchester Knicks,AWAY,W,124,120,135000.0,290600.0,85300.0,1,1,1,3,5,1,1,7,30.94,153.06,33.28,22.73,209.07,240.01,0.871089,0,0.0,180000.0,210600.0,0.0,1,1,1,4,4,0,1,109.44,93.76,0.0,36.8
2026-03-17|Motor City Cruise|Raptors 905,Raptors 905,45,VS Motor City Cruise - 2026-03-17 - W 123-122,2026-03-17,Motor City Cruise,HOME,W,123,122,45000.0,290600.0,318218.0,1,1,1,1,5,2,2,9,13.3,105.01,61.4,60.29,226.7,240.0,0.944583,0,0.0,225000.0,220600.0,0.0,1,1,1,5,4,0,1,105.54,97.85,0.0,36.63
2026-03-20|Raptors 905|Rip City Remix,Raptors 905,46,@ Rip City Remix - 2026-03-20 - W 126-117,2026-03-20,Rip City Remix,AWAY,W,126,117,90000.0,290600.0,232918.0,1,1,1,2,5,1,1,7,31.3,144.89,33.88,29.93,208.7,240.0,0.869583,0,0.0,180000.0,255900.0,551134.0,1,1,1,4,3,3,1,37.61,63.35,107.71,31.32
2026-03-21|Raptors 905|Rip City Remix,Raptors 905,47,@ Rip City Remix - 2026-03-21 - L 107-115,2026-03-21,Rip City Remix,AWAY,L,107,115,45000.0,290600.0,318218.0,1,1,1,1,5,2,1,8,26.8,128.13,64.36,20.7,213.19,239.99,0.888329,0,0.0,90000.0,255900.0,551134.0,1,1,1,2,3,3,1,33.28,67.95,107.05,31.72
2026-03-23|Raptors 905|Salt Lake City Stars,Raptors 905,48,@ Salt Lake City Stars - 2026-03-23 - W 116-101,2026-03-23,Salt Lake City Stars,AWAY,W,116,101,135000.0,290600.0,318218.0,1,1,1,3,5,2,1,8,31.68,128.23,66.52,13.57,208.32,240.0,0.868,0,0.0,225000.0,426500.0,0.0,1,1,1,5,5,0,0,111.77,128.23,0.0,0.0
2026-03-26|Raptors 905|Wisconsin Herd,Raptors 905,49,VS Wisconsin Herd - 2026-03-26 - L 104-106,2026-03-26,Wisconsin Herd,HOME,L,104,106,45000.0,290600.0,318218.0,1,1,1,1,5,2,0,7,25.53,146.55,67.93,0.0,214.48,240.01,0.893629,0,0.0,225000.0,250600.0,170600.0,1,1,1,5,4,2,0,70.0,122.76,47.25,0.0
2026-03-28|Raptors 905|Wisconsin Herd,Raptors 905,50,VS Wisconsin Herd - 2026-03-28 - W 138-115,2026-03-28,Wisconsin Herd,HOME,W,138,115,180000.0,290600.0,318218.0,1,1,1,4,5,2,1,8,38.91,114.65,59.8,26.63,201.08,239.99,0.837868,0,0.0,225000.0,250600.0,170600.0,1,1,1,5,4,2,0,87.17,100.08,52.75,0.0
2025-11-07|Oklahoma City Blue|Rio Grande Valley Vipers,Rio Grande Valley Vipers,1,VS Oklahoma City Blue - 2025-11-07 - L 114-116,2025-11-07,Oklahoma City Blue,HOME,L,114,116,180000.0,100300.0,257918.0,1,1,1,4,2,2,0,4,100.45,71.95,67.6,0.0,139.55,240.0,0.581458,0,0.0,90000.0,652100.0,0.0,1,1,1,2,8,0,0,35.98,204.02,0.0,0.0
2025-11-13|Rio Grande Valley Vipers|Texas Legends,Rio Grande Valley Vipers,2,VS Texas Legends - 2025-11-13 - L 110-119,2025-11-13,Texas Legends,HOME,L,110,119,225000.0,100300.0,257918.0,1,1,1,5,2,2,0,4,104.5,74.15,61.35,0.0,135.5,240.0,0.564583,0,0.0,135000.0,381200.0,85300.0,1,1,1,3,5,1,0,66.16,141.85,31.98,0.0
2025-11-15|Rio Grande Valley Vipers|Texas Legends,Rio Grande Valley Vipers,3,VS Texas Legends - 2025-11-15 - W 133-126,2025-11-15,Texas Legends,HOME,W,133,126,180000.0,100300.0,490836.0,1,1,1,4,2,3,0,5,81.41,56.15,102.43,0.0,158.58,239.99,0.660778,0,0.0,180000.0,381200.0,85300.0,1,1,1,4,5,1,0,75.6,135.99,28.42,0.0
2025-11-19|Memphis Hustle|Rio Grande Valley Vipers,Rio Grande Valley Vipers,4,@ Memphis Hustle - 2025-11-19 - W 130-125,2025-11-19,Memphis Hustle,AWAY,W,130,125,180000.0,100300.0,257918.0,1,1,1,4,2,2,0,4,95.09,75.5,69.42,0.0,144.92,240.01,0.603808,0,0.0,225000.0,426500.0,0.0,1,1,1,5,5,0,0,85.82,154.19,0.0,0.0
2025-11-21|Memphis Hustle|Rio Grande Valley Vipers,Rio Grande Valley Vipers,5,@ Memphis Hustle - 2025-11-21 - W 110-107,2025-11-21,Memphis Hustle,AWAY,W,110,107,225000.0,142950.0,257918.0,1,1,1,5,3,2,0,5,92.77,77.38,69.85,0.0,147.23,240.0,0.613458,0,0.0,225000.0,341200.0,0.0,1,1,1,5,4,0,0,102.42,137.59,0.0,0.0
2025-11-23|Austin Spurs|Rio Grande Valley Vipers,Rio Grande Valley Vipers,6,@ Austin Spurs - 2025-11-23 - L 123-130,2025-11-23,Austin Spurs,AWAY,L,123,130,180000.0,100300.0,465836.0,1,1,1,4,2,2,1,5,95.7,52.64,71.92,19.75,144.31,240.01,0.601267,0,0.0,90000.0,255600.0,255900.0,1,1,1,2,4,3,0,52.07,96.7,91.24,0.0
2025-11-24|Austin Spurs|Rio Grande Valley Vipers,Rio Grande Valley Vipers,7,@ Austin Spurs - 2025-11-24 - L 100-118,2025-11-24,Austin Spurs,AWAY,L,100,118,225000.0,100300.0,25000.0,1,1,1,5,2,1,0,3,134.98,72.02,33.0,0.0,105.02,240.0,0.437583,0,0.0,90000.0,255600.0,170600.0,1,1,1,2,4,2,0,61.37,101.95,76.69,0.0
2025-11-29|Osceola Magic|Rio Grande Valley Vipers,Rio Grande Valley Vipers,8,VS Osceola Magic - 2025-11-29 - L 125-134,2025-11-29,Osceola Magic,HOME,L,125,134,180000.0,100300.0,257918.0,1,1,1,4,2,2,0,4,99.57,63.98,76.45,0.0,140.43,240.0,0.585125,0,0.0,45000.0,486500.0,465836.0,1,1,1,1,6,2,0,14.67,158.38,66.94,0.0
2025-12-01|Osceola Magic|Rio Grande Valley Vipers,Rio Grande Valley Vipers,9,VS Osceola Magic - 2025-12-01 - W 113-108,2025-12-01,Osceola Magic,HOME,W,113,108,180000.0,100300.0,257918.0,1,1,1,4,2,2,0,4,118.3,68.96,52.74,0.0,121.7,240.0,0.507083,0,0.0,45000.0,486500.0,465836.0,1,1,1,1,6,2,0,13.97,157.97,68.05,0.0
2025-12-04|Mexico City Capitanes|Rio Grande Valley Vipers,Rio Grande Valley Vipers,10,VS Mexico City Capitanes - 2025-12-04 - W 125-107,2025-12-04,Mexico City Capitanes,HOME,W,125,107,225000.0,100300.0,232918.0,1,1,1,5,2,1,0,3,127.74,74.02,38.25,0.0,112.27,240.01,0.467772,0,0.0,450000.0,0.0,0.0,1,1,1,10,0,0,0,239.99,0.0,0.0,0.0
2025-12-06|Mexico City Capitanes|Rio Grande Valley Vipers,Rio Grande Valley Vipers,11,VS Mexico City Capitanes - 2025-12-06 - L 113-118,2025-12-06,Mexico City Capitanes,HOME,L,113,118,270000.0,100300.0,0.0,1,1,1,6,2,0,0,2,164.73,75.27,0.0,0.0,75.27,240.0,0.313625,0,0.0,450000.0,0.0,0.0,1,1,1,10,0,0,0,239.99,0.0,0.0,0.0
2025-12-12|Oklahoma City Blue|Rio Grande Valley Vipers,Rio Grande Valley Vipers,12,@ Oklahoma City Blue - 2025-12-12 - W 120-119,2025-12-12,Oklahoma City Blue,AWAY,W,120,119,225000.0,197950.0,0.0,1,1,1,5,4,0,0,4,131.73,108.26,0.0,0.0,108.26,239.99,0.451102,0,0.0,90000.0,396200.0,318218.0,1,1,1,2,5,2,0,34.75,144.39,60.87,0.0
2025-12-14|Birmingham Squadron|Rio Grande Valley Vipers,Rio Grande Valley Vipers,13,@ Birmingham Squadron - 2025-12-14 - W 133-127,2025-12-14,Birmingham Squadron,AWAY,W,133,127,225000.0,197950.0,0.0,1,1,1,5,4,0,0,4,127.53,112.47,0.0,0.0,112.47,240.0,0.468625,0,0.0,90000.0,526500.0,465836.0,1,1,1,2,7,2,0,54.07,137.5,48.43,0.0
2025-12-16|Birmingham Squadron|Rio Grande Valley Vipers,Rio Grande Valley Vipers,14,@ Birmingham Squadron - 2025-12-16 - L 111-142,2025-12-16,Birmingham Squadron,AWAY,L,111,142,225000.0,155300.0,0.0,1,1,1,5,3,0,0,3,153.99,86.0,0.0,0.0,86.0,239.99,0.358348,0,0.0,90000.0,526500.0,465836.0,1,1,1,2,7,2,0,39.35,141.88,58.77,0.0
2025-12-20|Rio Grande Valley Vipers|Westchester Knicks,Rio Grande Valley Vipers,15,VS Westchester Knicks - 2025-12-20 - W 127-101,2025-12-20,Westchester Knicks,HOME,W,127,101,225000.0,197950.0,0.0,1,1,1,5,4,0,0,4,118.24,121.77,0.0,0.0,121.77,240.01,0.507354,0,0.0,135000.0,356200.0,85300.0,1,1,1,3,5,1,1,48.8,123.15,31.25,36.8
2025-12-22|Rio Grande Valley Vipers|Wisconsin Herd,Rio Grande Valley Vipers,16,@ Wisconsin Herd - 2025-12-22 - W 118-103,2025-12-22,Wisconsin Herd,AWAY,W,118,103,180000.0,197950.0,0.0,1,1,1,4,4,0,0,4,133.13,106.87,0.0,0.0,106.87,240.0,0.445292,0,0.0,180000.0,210600.0,85300.0,1,1,1,4,3,1,0,129.93,87.03,23.03,0.0
2025-12-31|Rio Grande Valley Vipers|Sioux Falls Skyforce,Rio Grande Valley Vipers,17,@ Sioux Falls Skyforce - 2025-12-31 - L 114-121,2025-12-31,Sioux Falls Skyforce,AWAY,L,114,121,180000.0,100300.0,318218.0,1,1,1,4,2,2,0,4,96.35,63.93,79.71,0.0,143.64,239.99,0.598525,0,0.0,90000.0,426500.0,170600.0,1,1,1,2,5,2,1,23.91,111.56,63.77,40.77
2026-01-03|Rio Grande Valley Vipers|Valley Suns,Rio Grande Valley Vipers,18,VS Valley Suns - 2026-01-03 - W 130-115,2026-01-03,Valley Suns,HOME,W,130,115,270000.0,155300.0,232918.0,1,1,1,6,3,1,0,4,121.35,87.11,31.53,0.0,118.64,239.99,0.494354,0,0.0,90000.0,446500.0,232918.0,1,1,1,2,6,1,0,44.53,166.35,29.12,0.0
2026-01-05|Rio Grande Valley Vipers|Stockton Kings,Rio Grande Valley Vipers,19,@ Stockton Kings - 2026-01-05 - L 104-110,2026-01-05,Stockton Kings,AWAY,L,104,110,180000.0,197950.0,232918.0,1,1,1,4,4,1,0,5,88.72,111.26,40.02,0.0,151.28,240.0,0.630333,0,0.0,90000.0,255600.0,540836.0,1,1,1,2,4,3,0,43.11,100.85,96.03,0.0
2026-01-07|Rio Grande Valley Vipers|Stockton Kings,Rio Grande Valley Vipers,20,@ Stockton Kings - 2026-01-07 - L 115-128,2026-01-07,Stockton Kings,AWAY,L,115,128,225000.0,197950.0,85300.0,1,1,1,5,4,1,0,5,124.41,93.61,21.97,0.0,115.58,239.99,0.481603,0,0.0,135000.0,255600.0,307918.0,1,1,1,3,4,2,0,54.62,129.23,56.15,0.0
2026-01-09|Greensboro Swarm|Rio Grande Valley Vipers,Rio Grande Valley Vipers,21,VS Greensboro Swarm - 2026-01-09 - W 120-115,2026-01-09,Greensboro Swarm,HOME,W,120,115,225000.0,100300.0,85300.0,1,1,1,5,2,1,0,3,148.11,73.77,18.12,0.0,91.89,240.0,0.382875,0,0.0,45000.0,391200.0,232918.0,1,1,1,1,8,1,0,25.08,181.45,33.47,0.0
2026-01-10|Greensboro Swarm|Rio Grande Valley Vipers,Rio Grande Valley Vipers,22,VS Greensboro Swarm - 2026-01-10 - W 131-119,2026-01-10,Greensboro Swarm,HOME,W,131,119,225000.0,130300.0,85300.0,1,1,1,5,3,1,0,4,128.28,90.58,21.13,0.0,111.71,239.99,0.465478,0,0.0,45000.0,391200.0,318218.0,1,1,1,1,8,2,1,25.4,127.35,59.82,27.43
2026-01-13|Mexico City Capitanes|Rio Grande Valley Vipers,Rio Grande Valley Vipers,23,@ Mexico City Capitanes - 2026-01-13 - L 97-122,2026-01-13,Mexico City Capitanes,AWAY,L,97,122,225000.0,130300.0,318218.0,1,1,1,5,3,2,0,5,112.93,72.27,54.8,0.0,127.07,240.0,0.529458,0,0.0,450000.0,0.0,0.0,1,1,1,10,0,0,0,240.0,0.0,0.0,0.0
2026-01-14|Mexico City Capitanes|Rio Grande Valley Vipers,Rio Grande Valley Vipers,24,@ Mexico City Capitanes - 2026-01-14 - L 102-139,2026-01-14,Mexico City Capitanes,AWAY,L,102,139,225000.0,130300.0,318218.0,1,1,1,5,3,2,0,5,100.09,78.64,61.29,0.0,139.93,240.02,0.582993,0,0.0,450000.0,0.0,0.0,1,1,1,10,0,0,0,240.03,0.0,0.0,0.0
2026-01-17|Rio Grande Valley Vipers|South Bay Lakers,Rio Grande Valley Vipers,25,VS South Bay Lakers - 2026-01-17 - W 126-121,2026-01-17,South Bay Lakers,HOME,W,126,121,180000.0,100300.0,318218.0,1,1,1,4,2,2,0,4,127.66,54.18,58.15,0.0,112.33,239.99,0.468061,0,0.0,135000.0,456500.0,0.0,1,1,1,3,6,0,0,41.67,198.35,0.0,0.0
2026-01-20|Rio Grande Valley Vipers|South Bay Lakers,Rio Grande Valley Vipers,26,VS South Bay Lakers - 2026-01-20 - W 126-119,2026-01-20,South Bay Lakers,HOME,W,126,119,180000.0,130300.0,318218.0,1,1,1,4,3,2,0,5,117.28,67.42,55.3,0.0,122.72,240.0,0.511333,0,0.0,135000.0,456500.0,85300.0,1,1,1,3,6,1,0,62.86,159.16,17.98,0.0
2026-01-22|Rio Grande Valley Vipers|Rip City Remix,Rio Grande Valley Vipers,27,VS Rip City Remix - 2026-01-22 - W 108-99,2026-01-22,Rip City Remix,HOME,W,108,99,180000.0,130300.0,85300.0,1,1,1,4,3,1,0,4,120.91,92.89,26.2,0.0,119.09,240.0,0.496208,0,0.0,225000.0,341200.0,0.0,1,1,1,5,4,0,0,117.06,122.96,0.0,0.0
2026-01-24|Rio Grande Valley Vipers|Rip City Remix,Rio Grande Valley Vipers,28,VS Rip City Remix - 2026-01-24 - W 134-112,2026-01-24,Rip City Remix,HOME,W,134,112,225000.0,45000.0,85300.0,1,1,1,5,2,1,0,3,143.07,56.83,40.1,0.0,96.93,240.0,0.403875,0,0.0,180000.0,341200.0,0.0,1,1,1,4,4,0,0,101.8,138.2,0.0,0.0
2026-01-26|Iowa Wolves|Rio Grande Valley Vipers,Rio Grande Valley Vipers,29,@ Iowa Wolves - 2026-01-26 - L 129-136,2026-01-26,Iowa Wolves,AWAY,L,129,136,225000.0,30000.0,465836.0,1,1,1,5,1,2,0,3,146.69,22.95,70.37,0.0,93.32,240.01,0.388817,0,0.0,180000.0,330900.0,465836.0,1,1,1,4,5,2,0,67.72,108.14,64.15,0.0
2026-02-01|Oklahoma City Blue|Rio Grande Valley Vipers,Rio Grande Valley Vipers,30,@ Oklahoma City Blue - 2026-02-01 - W 109-94,2026-02-01,Oklahoma City Blue,AWAY,W,109,94,225000.0,130300.0,318218.0,1,1,1,5,3,2,0,5,106.14,68.06,65.8,0.0,133.86,240.0,0.55775,0,0.0,270000.0,170600.0,0.0,1,1,1,6,2,0,0,179.04,60.95,0.0,0.0
2026-02-04|Rio Grande Valley Vipers|Valley Suns,Rio Grande Valley Vipers,31,VS Valley Suns - 2026-02-04 - W 130-116,2026-02-04,Valley Suns,HOME,W,130,116,225000.0,130300.0,85300.0,1,1,1,5,3,1,0,4,119.55,88.66,31.78,0.0,120.44,239.99,0.501854,0,0.0,135000.0,531800.0,232918.0,1,1,1,3,7,1,0,59.65,145.56,34.78,0.0
2026-02-07|Austin Spurs|Rio Grande Valley Vipers,Rio Grande Valley Vipers,32,VS Austin Spurs - 2026-02-07 - W 112-111,2026-02-07,Austin Spurs,HOME,W,112,111,180000.0,130300.0,85300.0,1,1,1,4,3,1,0,4,90.21,112.44,37.37,0.0,149.81,240.02,0.624156,0,0.0,225000.0,185600.0,170600.0,1,1,1,5,3,2,0,111.39,62.93,65.68,0.0
2026-02-12|Rio Grande Valley Vipers|Texas Legends,Rio Grande Valley Vipers,33,@ Texas Legends - 2026-02-12 - W 121-120,2026-02-12,Texas Legends,AWAY,W,121,120,135000.0,130300.0,318218.0,1,1,1,3,3,2,0,5,57.98,115.25,78.83,0.0,194.08,252.06,0.769975,0,0.0,135000.0,295900.0,255900.0,1,1,1,3,4,3,0,54.16,95.05,102.87,0.0
2026-02-19|Rio Grande Valley Vipers|Sioux Falls Skyforce,Rio Grande Valley Vipers,34,@ Sioux Falls Skyforce - 2026-02-19 - L 106-123,2026-02-19,Sioux Falls Skyforce,AWAY,L,106,123,180000.0,130300.0,85300.0,1,1,1,4,3,1,0,4,113.32,97.0,29.68,0.0,126.68,240.0,0.527833,0,0.0,180000.0,341200.0,0.0,1,1,1,4,4,0,1,78.47,123.67,0.0,37.87
2026-02-22|Iowa Wolves|Rio Grande Valley Vipers,Rio Grande Valley Vipers,35,@ Iowa Wolves - 2026-02-22 - W 117-115,2026-02-22,Iowa Wolves,AWAY,W,117,115,180000.0,215600.0,85300.0,1,1,1,4,4,1,0,5,101.77,113.98,24.28,0.0,138.26,240.03,0.576011,0,0.0,180000.0,280900.0,232918.0,1,1,1,4,4,1,0,97.68,111.51,30.78,0.0
2026-02-24|Rio Grande Valley Vipers|San Diego Clippers,Rio Grande Valley Vipers,36,VS San Diego Clippers - 2026-02-24 - L 122-123,2026-02-24,San Diego Clippers,HOME,L,122,123,135000.0,215600.0,85300.0,1,1,1,3,4,1,0,5,98.25,123.34,18.42,0.0,141.76,240.01,0.590642,0,0.0,180000.0,268550.0,465834.0,1,1,1,4,4,2,0,77.0,108.88,54.1,0.0
2026-02-25|Rio Grande Valley Vipers|San Diego Clippers,Rio Grande Valley Vipers,37,VS San Diego Clippers - 2026-02-25 - W 109-102,2026-02-25,San Diego Clippers,HOME,W,109,102,135000.0,215600.0,85300.0,1,1,1,3,4,1,0,5,91.09,122.14,26.78,0.0,148.92,240.01,0.620474,0,0.0,135000.0,268550.0,232917.0,1,1,1,3,4,1,0,64.86,143.25,31.9,0.0
2026-02-27|Noblesville Boom|Rio Grande Valley Vipers,Rio Grande Valley Vipers,38,VS Noblesville Boom - 2026-02-27 - W 135-133,2026-02-27,Noblesville Boom,HOME,W,135,133,180000.0,185600.0,85300.0,1,1,1,4,3,1,0,4,118.01,100.6,32.05,0.0,132.65,250.66,0.529203,0,0.0,225000.0,255900.0,0.0,1,1,1,5,3,0,0,142.55,108.11,0.0,0.0
2026-03-04|Raptors 905|Rio Grande Valley Vipers,Rio Grande Valley Vipers,39,@ Raptors 905 - 2026-03-04 - W 123-121,2026-03-04,Raptors 905,AWAY,W,123,121,225000.0,215600.0,0.0,1,1,1,5,4,0,0,4,118.26,121.73,0.0,0.0,121.73,239.99,0.507229,0,0.0,90000.0,375900.0,318218.0,1,1,1,2,6,2,0,57.6,124.2,58.2,0.0
2026-03-06|Raptors 905|Rio Grande Valley Vipers,Rio Grande Valley Vipers,40,@ Raptors 905 - 2026-03-06 - L 120-128,2026-03-06,Raptors 905,AWAY,L,120,128,180000.0,215600.0,0.0,1,1,1,4,4,0,0,4,118.07,121.93,0.0,0.0,121.93,240.0,0.508042,0,0.0,135000.0,290600.0,85300.0,1,1,1,3,5,1,1,53.82,139.11,17.35,29.72
2026-03-08|Rio Grande Valley Vipers|Windy City Bulls,Rio Grande Valley Vipers,41,@ Windy City Bulls - 2026-03-08 - W 137-100,2026-03-08,Windy City Bulls,AWAY,W,137,100,180000.0,215600.0,0.0,1,1,1,4,4,0,1,5,103.46,109.44,0.0,27.12,136.56,240.02,0.568953,0,0.0,315000.0,255900.0,0.0,1,1,1,7,3,0,0,144.24,95.77,0.0,0.0
2026-03-10|Austin Spurs|Rio Grande Valley Vipers,Rio Grande Valley Vipers,42,VS Austin Spurs - 2026-03-10 - L 86-94,2026-03-10,Austin Spurs,HOME,L,86,94,135000.0,215600.0,0.0,1,1,1,3,4,0,1,5,86.93,119.53,0.0,33.53,153.06,239.99,0.637777,0,0.0,180000.0,255600.0,403518.0,1,1,1,4,4,3,0,61.85,90.69,87.45,0.0
2026-03-13|Rio Grande Valley Vipers|Salt Lake City Stars,Rio Grande Valley Vipers,43,VS Salt Lake City Stars - 2026-03-13 - W 128-101,2026-03-13,Salt Lake City Stars,HOME,W,128,101,135000.0,215600.0,465836.0,1,1,1,3,4,2,1,7,47.37,102.1,61.97,28.57,192.64,240.01,0.802633,0,0.0,270000.0,341200.0,0.0,1,1,1,6,4,0,0,121.37,118.63,0.0,0.0
2026-03-14|Rio Grande Valley Vipers|Salt Lake City Stars,Rio Grande Valley Vipers,44,VS Salt Lake City Stars - 2026-03-14 - W 116-105,2026-03-14,Salt Lake City Stars,HOME,W,116,105,135000.0,215600.0,465836.0,1,1,1,3,4,2,0,6,63.86,109.12,67.01,0.0,176.13,239.99,0.733906,0,0.0,225000.0,341200.0,0.0,1,1,1,5,4,0,0,99.95,140.07,0.0,0.0
2026-03-17|Rio Grande Valley Vipers|Texas Legends,Rio Grande Valley Vipers,45,@ Texas Legends - 2026-03-17 - L 104-108,2026-03-17,Texas Legends,AWAY,L,104,108,180000.0,215600.0,232918.0,1,1,1,4,4,1,0,5,102.25,101.66,36.12,0.0,137.78,240.03,0.574012,0,0.0,90000.0,381200.0,318218.0,1,1,1,2,5,2,1,24.5,124.7,57.79,33.02
2026-03-19|Rio Grande Valley Vipers|Santa Cruz Warriors,Rio Grande Valley Vipers,46,@ Santa Cruz Warriors - 2026-03-19 - W 108-99,2026-03-19,Santa Cruz Warriors,AWAY,W,108,99,180000.0,215600.0,0.0,1,1,1,4,4,0,0,4,121.82,118.18,0.0,0.0,118.18,240.0,0.492417,0,0.0,225000.0,280900.0,0.0,1,1,1,5,4,0,0,124.03,115.97,0.0,0.0
2026-03-21|Rio Grande Valley Vipers|Santa Cruz Warriors,Rio Grande Valley Vipers,47,@ Santa Cruz Warriors - 2026-03-21 - L 115-123,2026-03-21,Santa Cruz Warriors,AWAY,L,115,123,180000.0,215600.0,0.0,1,1,1,4,4,0,0,4,122.3,117.73,0.0,0.0,117.73,240.03,0.49048,0,0.0,225000.0,280900.0,0.0,1,1,1,5,4,0,0,124.22,115.78,0.0,0.0
2026-03-24|Oklahoma City Blue|Rio Grande Valley Vipers,Rio Grande Valley Vipers,48,@ Oklahoma City Blue - 2026-03-24 - W 120-105,2026-03-24,Oklahoma City Blue,AWAY,W,120,105,225000.0,130300.0,0.0,1,1,1,5,3,0,0,3,148.94,91.06,0.0,0.0,91.06,240.0,0.379417,0,0.0,225000.0,255900.0,232918.0,1,1,1,5,3,1,1,132.04,67.8,14.3,25.87
2026-03-26|Memphis Hustle|Rio Grande Valley Vipers,Rio Grande Valley Vipers,49,VS Memphis Hustle - 2026-03-26 - W 121-107,2026-03-26,Memphis Hustle,HOME,W,121,107,180000.0,130300.0,0.0,1,1,1,4,3,0,0,3,109.65,130.35,0.0,0.0,130.35,240.0,0.543125,0,0.0,270000.0,0.0,318218.0,1,1,1,6,0,2,0,174.95,0.0,65.05,0.0
2026-03-28|Memphis Hustle|Rio Grande Valley Vipers,Rio Grande Valley Vipers,50,VS Memphis Hustle - 2026-03-28 - L 118-120,2026-03-28,Memphis Hustle,HOME,L,118,120,225000.0,130300.0,0.0,1,1,1,5,3,0,0,3,116.35,123.65,0.0,0.0,123.65,240.0,0.515208,0,0.0,315000.0,85300.0,318218.0,1,1,1,7,1,2,0,147.39,33.6,59.04,0.0
2025-11-07|Rip City Remix|Santa Cruz Warriors,Rip City Remix,1,@ Santa Cruz Warriors - 2025-11-07 - W 120-107,2025-11-07,Santa Cruz Warriors,AWAY,W,120,107,180000.0,426500.0,232917.0,1,1,1,4,5,1,0,6,86.63,121.12,32.25,0.0,153.37,240.0,0.639042,0,0.0,225000.0,110300.0,162800.0,1,1,1,5,2,2,0,127.11,46.27,66.62,0.0
2025-11-08|Rip City Remix|Santa Cruz Warriors,Rip City Remix,2,@ Santa Cruz Warriors - 2025-11-08 - W 131-118,2025-11-08,Santa Cruz Warriors,AWAY,W,131,118,180000.0,426500.0,232917.0,1,1,1,4,5,1,0,6,87.82,117.43,34.75,0.0,152.18,240.0,0.634083,0,0.0,225000.0,110300.0,162800.0,1,1,1,5,2,2,0,132.25,45.85,61.9,0.0
2025-11-14|Rip City Remix|Valley Suns,Rip City Remix,3,@ Valley Suns - 2025-11-14 - W 107-104,2025-11-14,Valley Suns,AWAY,W,107,104,180000.0,341200.0,232917.0,1,1,1,4,4,1,1,6,84.58,91.3,34.28,29.83,155.41,239.99,0.647569,0,0.0,45000.0,361200.0,232918.0,1,1,1,1,5,1,2,14.47,134.91,34.45,56.17
2025-11-16|Rip City Remix|South Bay Lakers,Rip City Remix,4,@ South Bay Lakers - 2025-11-16 - L 111-113,2025-11-16,South Bay Lakers,AWAY,L,111,113,180000.0,341200.0,232917.0,1,1,1,4,4,1,1,6,81.77,102.4,26.12,29.72,158.24,240.01,0.659306,0,0.0,90000.0,411200.0,85300.0,1,1,1,2,6,1,1,40.97,140.11,30.77,28.17
2025-11-23|Rip City Remix|San Diego Clippers,Rip City Remix,5,@ San Diego Clippers - 2025-11-23 - L 118-129,2025-11-23,San Diego Clippers,AWAY,L,118,129,225000.0,426500.0,0.0,1,1,1,5,5,0,0,5,119.76,120.22,0.0,0.0,120.22,239.98,0.500958,0,0.0,180000.0,439150.0,0.0,1,1,1,4,6,0,0,53.02,186.96,0.0,0.0
2025-11-25|Rip City Remix|Valley Suns,Rip City Remix,6,@ Valley Suns - 2025-11-25 - W 112-101,2025-11-25,Valley Suns,AWAY,W,112,101,180000.0,426500.0,0.0,1,1,1,4,5,0,0,5,95.58,144.41,0.0,0.0,144.41,239.99,0.601733,0,0.0,180000.0,255900.0,318218.0,1,1,1,4,3,2,1,65.67,74.17,71.53,28.63
2025-12-02|Rip City Remix|San Diego Clippers,Rip City Remix,7,VS San Diego Clippers - 2025-12-02 - W 146-108,2025-12-02,San Diego Clippers,HOME,W,146,108,225000.0,426500.0,232917.0,1,1,1,5,5,1,0,6,97.66,116.73,25.6,0.0,142.33,239.99,0.593066,0,0.0,180000.0,439150.0,0.0,1,1,1,4,6,0,0,70.11,169.88,0.0,0.0
2025-12-04|Rip City Remix|San Diego Clippers,Rip City Remix,8,VS San Diego Clippers - 2025-12-04 - L 128-135,2025-12-04,San Diego Clippers,HOME,L,128,135,180000.0,426500.0,0.0,1,1,1,4,5,0,1,6,101.64,120.88,0.0,35.15,156.03,257.67,0.605542,0,0.0,180000.0,353850.0,0.0,1,1,1,4,5,0,0,92.53,165.15,0.0,0.0
2025-12-07|Rip City Remix|South Bay Lakers,Rip City Remix,9,VS South Bay Lakers - 2025-12-07 - L 130-141,2025-12-07,South Bay Lakers,HOME,L,130,141,225000.0,341200.0,0.0,1,1,1,5,4,0,0,4,126.53,113.49,0.0,0.0,113.49,240.02,0.472836,0,0.0,45000.0,496500.0,85300.0,1,1,1,1,7,1,1,24.22,152.75,30.43,32.62
2025-12-09|Rip City Remix|Salt Lake City Stars,Rip City Remix,10,VS Salt Lake City Stars - 2025-12-09 - W 133-122,2025-12-09,Salt Lake City Stars,HOME,W,133,122,135000.0,341200.0,232917.0,1,1,1,3,4,1,1,6,73.95,96.19,32.5,37.38,166.07,240.02,0.691901,0,0.0,0.0,255900.0,551136.0,1,1,1,0,3,3,3,0.0,63.91,93.97,82.11
2025-12-11|Rip City Remix|Salt Lake City Stars,Rip City Remix,11,VS Salt Lake City Stars - 2025-12-11 - L 146-174,2025-12-11,Salt Lake City Stars,HOME,L,146,174,225000.0,341200.0,0.0,1,1,1,5,4,0,0,4,128.83,111.16,0.0,0.0,111.16,239.99,0.463186,0,0.0,135000.0,341200.0,551136.0,1,1,1,3,4,3,2,17.65,85.47,86.6,50.28
2025-12-13|Rip City Remix|South Bay Lakers,Rip City Remix,12,@ South Bay Lakers - 2025-12-13 - W 122-116,2025-12-13,South Bay Lakers,AWAY,W,122,116,225000.0,341200.0,0.0,1,1,1,5,4,0,0,4,140.32,99.68,0.0,0.0,99.68,240.0,0.415333,0,0.0,0.0,411200.0,551136.0,1,1,1,0,6,3,1,0.0,112.78,96.8,30.42
2025-12-15|Rip City Remix|Stockton Kings,Rip City Remix,13,VS Stockton Kings - 2025-12-15 - W 116-110,2025-12-15,Stockton Kings,HOME,W,116,110,135000.0,341200.0,232917.0,1,1,1,3,4,1,2,7,79.63,58.88,38.12,63.4,160.4,240.03,0.66825,0,0.0,0.0,453700.0,307918.0,1,1,1,0,7,2,0,0.0,171.8,68.2,0.0
2025-12-16|Rip City Remix|Stockton Kings,Rip City Remix,14,VS Stockton Kings - 2025-12-16 - L 100-129,2025-12-16,Stockton Kings,HOME,L,100,129,225000.0,341200.0,232917.0,1,1,1,5,4,1,2,7,85.26,74.0,25.43,55.3,154.73,239.99,0.644735,0,0.0,135000.0,426200.0,307918.0,1,1,1,3,6,2,1,8.08,130.95,68.07,32.9
2025-12-20|Cleveland Charge|Rip City Remix,Rip City Remix,15,@ Cleveland Charge - 2025-12-20 - L 122-127,2025-12-20,Cleveland Charge,AWAY,L,122,127,180000.0,341200.0,232917.0,1,1,1,4,4,1,0,5,108.87,96.98,34.15,0.0,131.13,240.0,0.546375,0,0.0,45000.0,657100.0,150000.0,1,1,1,1,9,1,0,4.05,205.97,29.97,0.0
2025-12-22|Rip City Remix|Windy City Bulls,Rip City Remix,16,VS Windy City Bulls - 2025-12-22 - W 121-119,2025-12-22,Windy City Bulls,HOME,W,121,119,225000.0,255900.0,232917.0,1,1,1,5,3,1,0,4,132.78,71.68,35.55,0.0,107.23,240.01,0.446773,0,0.0,135000.0,426500.0,403517.0,1,1,1,3,5,3,0,41.25,105.49,93.27,0.0
2025-12-27|Rip City Remix|Stockton Kings,Rip City Remix,17,@ Stockton Kings - 2025-12-27 - W 118-112,2025-12-27,Stockton Kings,AWAY,W,118,112,225000.0,341200.0,0.0,1,1,1,5,4,0,0,4,131.79,108.22,0.0,0.0,108.22,240.01,0.450898,0,0.0,90000.0,283100.0,307918.0,1,1,1,2,5,2,0,41.73,115.36,82.9,0.0
2025-12-28|Rip City Remix|Stockton Kings,Rip City Remix,18,@ Stockton Kings - 2025-12-28 - L 101-120,2025-12-28,Stockton Kings,AWAY,L,101,120,225000.0,255900.0,232917.0,1,1,1,5,3,1,0,4,111.36,92.75,35.9,0.0,128.65,240.01,0.536019,0,0.0,90000.0,255600.0,307918.0,1,1,1,2,4,2,0,48.72,120.25,71.03,0.0
2025-12-31|Osceola Magic|Rip City Remix,Rip City Remix,19,VS Osceola Magic - 2025-12-31 - L 126-129,2025-12-31,Osceola Magic,HOME,L,126,129,180000.0,255900.0,0.0,1,1,1,4,3,0,0,3,117.59,122.42,0.0,0.0,122.42,240.01,0.510062,0,0.0,90000.0,571800.0,0.0,1,1,1,2,7,0,0,42.4,197.61,0.0,0.0
2026-01-02|Rip City Remix|Salt Lake City Stars,Rip City Remix,20,@ Salt Lake City Stars - 2026-01-02 - W 138-124,2026-01-02,Salt Lake City Stars,AWAY,W,138,124,225000.0,255900.0,0.0,1,1,1,5,3,0,0,3,130.12,109.88,0.0,0.0,109.88,240.0,0.457833,0,0.0,90000.0,426500.0,318218.0,1,1,1,2,5,2,0,35.4,149.45,55.15,0.0
2026-01-03|Rip City Remix|Salt Lake City Stars,Rip City Remix,21,@ Salt Lake City Stars - 2026-01-03 - L 120-143,2026-01-03,Salt Lake City Stars,AWAY,L,120,143,180000.0,341200.0,0.0,1,1,1,4,4,0,0,4,114.01,125.99,0.0,0.0,125.99,240.0,0.524958,0,0.0,90000.0,426500.0,318218.0,1,1,1,2,5,2,0,40.59,153.45,45.97,0.0
2026-01-09|Rip City Remix|Sioux Falls Skyforce,Rip City Remix,22,@ Sioux Falls Skyforce - 2026-01-09 - L 128-136,2026-01-09,Sioux Falls Skyforce,AWAY,L,128,136,225000.0,341200.0,0.0,1,1,1,5,4,0,0,4,119.7,120.3,0.0,0.0,120.3,240.0,0.50125,0,0.0,45000.0,426500.0,170600.0,1,1,1,1,5,2,1,10.03,126.93,63.88,39.15
2026-01-11|Rip City Remix|Sioux Falls Skyforce,Rip City Remix,23,@ Sioux Falls Skyforce - 2026-01-11 - W 117-98,2026-01-11,Sioux Falls Skyforce,AWAY,W,117,98,225000.0,255900.0,0.0,1,1,1,5,3,0,0,3,142.08,97.92,0.0,0.0,97.92,240.0,0.408,0,0.0,45000.0,426500.0,170600.0,1,1,1,1,5,2,1,12.42,125.68,65.54,36.37
2026-01-14|Oklahoma City Blue|Rip City Remix,Rip City Remix,24,VS Oklahoma City Blue - 2026-01-14 - W 123-99,2026-01-14,Oklahoma City Blue,HOME,W,123,99,225000.0,255900.0,232917.0,1,1,1,5,3,1,1,5,85.15,87.1,36.83,30.92,154.85,240.0,0.645208,0,0.0,225000.0,170600.0,232918.0,1,1,1,5,2,1,0,147.64,53.2,39.17,0.0
2026-01-16|Oklahoma City Blue|Rip City Remix,Rip City Remix,25,VS Oklahoma City Blue - 2026-01-16 - W 127-111,2026-01-16,Oklahoma City Blue,HOME,W,127,111,180000.0,255900.0,232917.0,1,1,1,4,3,1,1,5,83.39,92.33,33.25,31.03,156.61,240.0,0.652542,0,0.0,225000.0,170600.0,232918.0,1,1,1,5,2,1,0,150.22,51.1,38.67,0.0
2026-01-18|Memphis Hustle|Rip City Remix,Rip City Remix,26,VS Memphis Hustle - 2026-01-18 - W 108-105,2026-01-18,Memphis Hustle,HOME,W,108,105,225000.0,255900.0,0.0,1,1,1,5,3,0,0,3,128.82,111.2,0.0,0.0,111.2,240.02,0.463295,0,0.0,180000.0,426500.0,0.0,1,1,1,4,5,0,0,91.92,148.07,0.0,0.0
2026-01-19|Memphis Hustle|Rip City Remix,Rip City Remix,27,VS Memphis Hustle - 2026-01-19 - W 119-109,2026-01-19,Memphis Hustle,HOME,W,119,109,180000.0,255900.0,232917.0,1,1,1,4,3,1,1,5,80.93,96.66,32.5,29.9,159.06,239.99,0.662778,0,0.0,180000.0,426500.0,0.0,1,1,1,4,5,0,0,91.2,148.79,0.0,0.0
2026-01-22|Rio Grande Valley Vipers|Rip City Remix,Rip City Remix,28,@ Rio Grande Valley Vipers - 2026-01-22 - L 99-108,2026-01-22,Rio Grande Valley Vipers,AWAY,L,99,108,225000.0,341200.0,0.0,1,1,1,5,4,0,0,4,117.06,122.96,0.0,0.0,122.96,240.02,0.512291,0,0.0,180000.0,130300.0,85300.0,1,1,1,4,3,1,0,120.91,92.89,26.2,0.0
2026-01-24|Rio Grande Valley Vipers|Rip City Remix,Rip City Remix,29,@ Rio Grande Valley Vipers - 2026-01-24 - L 112-134,2026-01-24,Rio Grande Valley Vipers,AWAY,L,112,134,180000.0,341200.0,0.0,1,1,1,4,4,0,0,4,101.8,138.2,0.0,0.0,138.2,240.0,0.575833,0,0.0,225000.0,45000.0,85300.0,1,1,1,5,2,1,0,143.07,56.83,40.1,0.0
2026-01-27|Rip City Remix|Texas Legends,Rip City Remix,30,VS Texas Legends - 2026-01-27 - W 117-115,2026-01-27,Texas Legends,HOME,W,117,115,225000.0,426500.0,0.0,1,1,1,5,5,0,0,5,95.58,144.42,0.0,0.0,144.42,240.0,0.60175,0,0.0,180000.0,381200.0,0.0,1,1,1,4,5,0,0,80.46,159.54,0.0,0.0
2026-01-28|Rip City Remix|Texas Legends,Rip City Remix,31,VS Texas Legends - 2026-01-28 - W 126-119,2026-01-28,Texas Legends,HOME,W,126,119,225000.0,426500.0,0.0,1,1,1,5,5,0,0,5,110.02,130.01,0.0,0.0,130.01,240.03,0.541641,0,0.0,180000.0,381200.0,0.0,1,1,1,4,5,0,0,101.57,138.42,0.0,0.0
2026-02-01|Mexico City Capitanes|Rip City Remix,Rip City Remix,32,@ Mexico City Capitanes - 2026-02-01 - L 104-130,2026-02-01,Mexico City Capitanes,AWAY,L,104,130,225000.0,426500.0,0.0,1,1,1,5,5,0,0,5,128.37,111.63,0.0,0.0,111.63,240.0,0.465125,0,0.0,450000.0,0.0,0.0,1,1,1,10,0,0,0,240.0,0.0,0.0,0.0
2026-02-03|Mexico City Capitanes|Rip City Remix,Rip City Remix,33,@ Mexico City Capitanes - 2026-02-03 - W 133-119,2026-02-03,Mexico City Capitanes,AWAY,W,133,119,225000.0,426500.0,0.0,1,1,1,5,5,0,0,5,99.75,140.25,0.0,0.0,140.25,240.0,0.584375,0,0.0,495000.0,0.0,0.0,1,1,1,11,0,0,0,240.02,0.0,0.0,0.0
2026-02-07|College Park Skyhawks|Rip City Remix,Rip City Remix,34,@ College Park Skyhawks - 2026-02-07 - L 136-141,2026-02-07,College Park Skyhawks,AWAY,L,136,141,225000.0,426500.0,0.0,1,1,1,5,5,0,0,5,100.3,139.68,0.0,0.0,139.68,239.98,0.582049,0,0.0,270000.0,30000.0,85300.0,1,1,1,6,1,1,0,182.36,24.08,33.55,0.0
2026-02-09|College Park Skyhawks|Rip City Remix,Rip City Remix,35,@ College Park Skyhawks - 2026-02-09 - W 133-108,2026-02-09,College Park Skyhawks,AWAY,W,133,108,270000.0,341200.0,0.0,1,1,1,6,4,0,0,4,140.55,99.46,0.0,0.0,99.46,240.01,0.414399,0,0.0,315000.0,30000.0,85300.0,1,1,1,7,1,1,0,173.82,30.95,35.23,0.0
2026-02-12|Birmingham Squadron|Rip City Remix,Rip City Remix,36,@ Birmingham Squadron - 2026-02-12 - W 141-103,2026-02-12,Birmingham Squadron,AWAY,W,141,103,270000.0,255900.0,0.0,1,1,1,6,3,0,0,3,146.51,93.5,0.0,0.0,93.5,240.01,0.389567,0,0.0,90000.0,355900.0,232918.0,1,1,1,2,5,1,0,60.75,159.25,20.0,0.0
2026-02-22|Rip City Remix|Santa Cruz Warriors,Rip City Remix,37,VS Santa Cruz Warriors - 2026-02-22 - L 113-118,2026-02-22,Santa Cruz Warriors,HOME,L,113,118,225000.0,255900.0,465834.0,1,1,1,5,3,2,1,6,80.27,56.62,74.03,29.08,159.73,240.0,0.665542,0,0.0,135000.0,280900.0,318218.0,1,1,1,3,4,2,0,50.82,114.32,74.87,0.0
2026-02-24|Rip City Remix|Santa Cruz Warriors,Rip City Remix,38,VS Santa Cruz Warriors - 2026-02-24 - W 128-126,2026-02-24,Santa Cruz Warriors,HOME,W,128,126,225000.0,255900.0,232917.0,1,1,1,5,3,1,0,4,117.65,84.32,38.03,0.0,122.35,240.0,0.509792,0,0.0,135000.0,391200.0,0.0,1,1,1,3,6,0,0,73.18,166.81,0.0,0.0
2026-03-02|Iowa Wolves|Rip City Remix,Rip City Remix,39,VS Iowa Wolves - 2026-03-02 - L 95-122,2026-03-02,Iowa Wolves,HOME,L,95,122,225000.0,255900.0,232917.0,1,1,1,5,3,1,0,4,124.2,80.39,35.4,0.0,115.79,239.99,0.482478,0,0.0,180000.0,195600.0,465836.0,1,1,1,4,3,2,0,100.59,80.58,58.85,0.0
2026-03-04|Iowa Wolves|Rip City Remix,Rip City Remix,40,VS Iowa Wolves - 2026-03-04 - L 117-136,2026-03-04,Iowa Wolves,HOME,L,117,136,270000.0,255900.0,232917.0,1,1,1,6,3,1,0,4,132.73,73.42,33.85,0.0,107.27,240.0,0.446958,0,0.0,225000.0,195600.0,465836.0,1,1,1,5,3,2,0,90.1,90.09,59.8,0.0
2026-03-06|Rip City Remix|Valley Suns,Rip City Remix,41,VS Valley Suns - 2026-03-06 - W 132-122,2026-03-06,Valley Suns,HOME,W,132,122,180000.0,255900.0,465834.0,1,1,1,4,3,2,1,6,88.85,61.2,60.45,29.5,151.15,240.0,0.629792,0,0.0,180000.0,275900.0,232918.0,1,1,1,4,4,1,0,80.99,119.18,39.83,0.0
2026-03-07|Rip City Remix|Valley Suns,Rip City Remix,42,VS Valley Suns - 2026-03-07 - W 126-125,2026-03-07,Valley Suns,HOME,W,126,125,135000.0,255900.0,551134.0,1,1,1,3,3,3,1,7,66.53,48.34,101.72,23.4,173.46,239.99,0.72278,0,0.0,180000.0,341200.0,232918.0,1,1,1,4,4,1,0,58.87,146.03,35.1,0.0
2026-03-11|Rip City Remix|San Diego Clippers,Rip City Remix,43,@ San Diego Clippers - 2026-03-11 - L 118-128,2026-03-11,San Diego Clippers,AWAY,L,118,128,180000.0,255900.0,318217.0,1,1,1,4,3,2,1,6,79.32,63.24,65.79,31.67,160.7,240.02,0.669528,0,0.0,270000.0,268550.0,0.0,1,1,1,6,4,0,0,106.78,133.23,0.0,0.0
2026-03-12|Rip City Remix|San Diego Clippers,Rip City Remix,44,@ San Diego Clippers - 2026-03-12 - L 115-126,2026-03-12,San Diego Clippers,AWAY,L,115,126,225000.0,255900.0,232917.0,1,1,1,5,3,1,1,5,110.39,65.97,33.62,30.03,129.62,240.01,0.540061,0,0.0,270000.0,268550.0,0.0,1,1,1,6,4,0,0,102.79,137.21,0.0,0.0
2026-03-15|Rip City Remix|South Bay Lakers,Rip City Remix,45,VS South Bay Lakers - 2026-03-15 - L 122-129,2026-03-15,South Bay Lakers,HOME,L,122,129,180000.0,255900.0,465834.0,1,1,1,4,3,2,1,6,78.72,58.7,67.27,35.32,161.29,240.01,0.672014,0,0.0,180000.0,255900.0,318218.0,1,1,1,4,3,2,0,74.25,107.21,58.55,0.0
2026-03-17|Rip City Remix|South Bay Lakers,Rip City Remix,46,VS South Bay Lakers - 2026-03-17 - W 133-126,2026-03-17,South Bay Lakers,HOME,W,133,126,180000.0,255900.0,551134.0,1,1,1,4,3,3,1,7,59.39,59.93,97.72,31.12,188.77,248.16,0.760679,0,0.0,225000.0,255900.0,318218.0,1,1,1,5,3,2,0,75.22,101.41,71.55,0.0
2026-03-20|Raptors 905|Rip City Remix,Rip City Remix,47,VS Raptors 905 - 2026-03-20 - L 117-126,2026-03-20,Raptors 905,HOME,L,117,126,180000.0,255900.0,551134.0,1,1,1,4,3,3,1,7,37.61,63.35,107.71,31.32,202.38,239.99,0.843285,0,0.0,90000.0,290600.0,232918.0,1,1,1,2,5,1,1,31.3,144.89,33.88,29.93
2026-03-21|Raptors 905|Rip City Remix,Rip City Remix,48,VS Raptors 905 - 2026-03-21 - W 115-107,2026-03-21,Raptors 905,HOME,W,115,107,90000.0,255900.0,551134.0,1,1,1,2,3,3,1,7,33.28,67.95,107.05,31.72,206.72,240.0,0.861333,0,0.0,45000.0,290600.0,318218.0,1,1,1,1,5,2,1,26.8,128.13,64.36,20.7
2026-03-25|Austin Spurs|Rip City Remix,Rip City Remix,49,@ Austin Spurs - 2026-03-25 - L 93-99,2026-03-25,Austin Spurs,AWAY,L,93,99,225000.0,255900.0,318217.0,1,1,1,5,3,2,1,6,78.68,64.42,65.31,31.58,161.31,239.99,0.672153,0,0.0,135000.0,255600.0,403518.0,1,1,1,3,4,3,0,42.58,100.29,97.13,0.0
2026-03-27|Austin Spurs|Rip City Remix,Rip City Remix,50,@ Austin Spurs - 2026-03-27 - W 106-101,2026-03-27,Austin Spurs,AWAY,W,106,101,135000.0,255900.0,318217.0,1,1,1,3,3,2,1,6,74.31,54.68,76.62,34.37,165.67,239.98,0.690349,0,0.0,135000.0,255600.0,403518.0,1,1,1,3,4,3,0,38.63,104.71,96.67,0.0
2025-11-11|Salt Lake City Stars|Santa Cruz Warriors,Salt Lake City Stars,1,VS Santa Cruz Warriors - 2025-11-11 - W 121-101,2025-11-11,Santa Cruz Warriors,HOME,W,121,101,45000.0,426500.0,551136.0,1,1,1,1,5,3,0,8,16.62,134.81,88.56,0.0,223.37,239.99,0.930747,0,0.0,225000.0,110300.0,85300.0,1,1,1,5,2,1,0,145.11,58.72,36.17,0.0
2025-11-14|Salt Lake City Stars|San Diego Clippers,Salt Lake City Stars,2,@ San Diego Clippers - 2025-11-14 - L 106-113,2025-11-14,San Diego Clippers,AWAY,L,106,113,45000.0,511800.0,465836.0,1,1,1,1,6,2,0,8,30.08,151.78,58.13,0.0,209.91,239.99,0.874661,0,0.0,90000.0,524450.0,0.0,1,1,1,2,7,0,1,27.86,199.55,0.0,12.58
2025-11-16|Salt Lake City Stars|San Diego Clippers,Salt Lake City Stars,3,@ San Diego Clippers - 2025-11-16 - W 120-92,2025-11-16,San Diego Clippers,AWAY,W,120,92,135000.0,511800.0,465836.0,1,1,1,3,6,2,0,8,23.5,157.25,59.24,0.0,216.49,239.99,0.902079,0,0.0,90000.0,524450.0,0.0,1,1,1,2,7,0,0,31.52,208.5,0.0,0.0
2025-11-18|Salt Lake City Stars|South Bay Lakers,Salt Lake City Stars,4,VS South Bay Lakers - 2025-11-18 - W 132-126,2025-11-18,South Bay Lakers,HOME,W,132,126,90000.0,426500.0,465836.0,1,1,1,2,5,2,0,7,55.8,132.31,51.88,0.0,184.19,239.99,0.76749,0,0.0,90000.0,411200.0,85300.0,1,1,1,2,6,1,1,43.65,135.28,31.75,29.32
2025-11-22|Salt Lake City Stars|Stockton Kings,Salt Lake City Stars,5,VS Stockton Kings - 2025-11-22 - W 139-132,2025-11-22,Stockton Kings,HOME,W,139,132,45000.0,255900.0,551136.0,1,1,1,1,3,3,2,8,34.03,77.42,78.39,50.17,205.98,240.01,0.858214,0,0.0,0.0,368400.0,540836.0,1,1,1,0,6,3,0,0.0,148.1,91.9,0.0
2025-11-24|Salt Lake City Stars|Stockton Kings,Salt Lake City Stars,6,VS Stockton Kings - 2025-11-24 - W 149-122,2025-11-24,Stockton Kings,HOME,W,149,122,135000.0,426500.0,551136.0,1,1,1,3,5,3,1,9,28.07,96.28,88.66,26.98,211.92,239.99,0.883037,0,0.0,90000.0,283100.0,540836.0,1,1,1,2,5,3,0,31.35,118.93,89.71,0.0
2025-11-28|Salt Lake City Stars|Santa Cruz Warriors,Salt Lake City Stars,7,@ Santa Cruz Warriors - 2025-11-28 - W 126-112,2025-11-28,Santa Cruz Warriors,AWAY,W,126,112,0.0,511800.0,318218.0,1,1,1,0,6,2,2,10,0.0,123.32,55.43,61.25,240.0,240.0,1.0,0,0.0,180000.0,110300.0,162800.0,1,1,1,4,2,2,0,122.5,47.57,69.94,0.0
2025-11-29|Salt Lake City Stars|Santa Cruz Warriors,Salt Lake City Stars,8,@ Santa Cruz Warriors - 2025-11-29 - W 133-103,2025-11-29,Santa Cruz Warriors,AWAY,W,133,103,90000.0,511800.0,318218.0,1,1,1,2,6,2,2,10,4.94,131.43,50.82,52.81,235.06,240.0,0.979417,0,0.0,180000.0,195600.0,85300.0,1,1,1,4,3,1,0,146.17,58.27,35.57,0.0
2025-12-02|Salt Lake City Stars|South Bay Lakers,Salt Lake City Stars,9,VS South Bay Lakers - 2025-12-02 - W 136-105,2025-12-02,South Bay Lakers,HOME,W,136,105,90000.0,511800.0,551136.0,1,1,1,2,6,3,2,11,4.44,117.36,71.41,46.78,235.55,239.99,0.981499,0,0.0,90000.0,496500.0,85300.0,1,1,1,2,7,1,0,55.36,151.61,33.02,0.0
2025-12-04|Salt Lake City Stars|Stockton Kings,Salt Lake City Stars,10,@ Stockton Kings - 2025-12-04 - W 132-118,2025-12-04,Stockton Kings,AWAY,W,132,118,45000.0,511800.0,318218.0,1,1,1,1,6,2,0,8,7.47,163.67,68.86,0.0,232.53,240.0,0.968875,0,0.0,45000.0,426200.0,540836.0,1,1,1,1,6,3,0,6.82,137.17,96.02,0.0
2025-12-09|Rip City Remix|Salt Lake City Stars,Salt Lake City Stars,11,@ Rip City Remix - 2025-12-09 - L 122-133,2025-12-09,Rip City Remix,AWAY,L,122,133,0.0,255900.0,551136.0,1,1,1,0,3,3,3,9,0.0,63.91,93.97,82.11,239.99,239.99,1.0,0,0.0,135000.0,341200.0,232917.0,1,1,1,3,4,1,1,73.95,96.19,32.5,37.38
2025-12-11|Rip City Remix|Salt Lake City Stars,Salt Lake City Stars,12,@ Rip City Remix - 2025-12-11 - W 174-146,2025-12-11,Rip City Remix,AWAY,W,174,146,135000.0,341200.0,551136.0,1,1,1,3,4,3,2,9,17.65,85.47,86.6,50.28,222.35,240.0,0.926458,0,0.0,225000.0,341200.0,0.0,1,1,1,5,4,0,0,128.83,111.16,0.0,0.0
2025-12-15|Salt Lake City Stars|Valley Suns,Salt Lake City Stars,13,VS Valley Suns - 2025-12-15 - W 140-127,2025-12-15,Valley Suns,HOME,W,140,127,90000.0,511800.0,318218.0,1,1,1,2,6,2,0,8,42.46,140.64,56.89,0.0,197.53,239.99,0.823076,0,0.0,90000.0,361200.0,0.0,1,1,1,2,5,0,2,43.82,126.9,0.0,69.29
2025-12-16|Salt Lake City Stars|Valley Suns,Salt Lake City Stars,14,VS Valley Suns - 2025-12-16 - W 141-125,2025-12-16,Valley Suns,HOME,W,141,125,90000.0,341200.0,551136.0,1,1,1,2,4,3,0,7,37.17,110.39,92.46,0.0,202.85,240.02,0.845138,0,0.0,135000.0,466500.0,0.0,1,1,1,3,7,0,0,73.25,166.73,0.0,0.0
2025-12-19|Maine Celtics|Salt Lake City Stars,Salt Lake City Stars,15,VS Maine Celtics - 2025-12-19 - W 123-107,2025-12-19,Maine Celtics,HOME,W,123,107,90000.0,426500.0,551136.0,1,1,1,2,5,3,0,8,22.4,129.51,88.1,0.0,217.61,240.01,0.906671,0,0.0,135000.0,330600.0,403518.0,1,1,1,3,5,3,0,23.08,119.63,97.28,0.0
2025-12-21|Salt Lake City Stars|Stockton Kings,Salt Lake City Stars,16,VS Stockton Kings - 2025-12-21 - W 127-123,2025-12-21,Stockton Kings,HOME,W,127,123,90000.0,426500.0,551136.0,1,1,1,2,5,3,0,8,17.15,137.98,84.87,0.0,222.85,240.0,0.928542,0,0.0,45000.0,340900.0,307918.0,1,1,1,1,5,2,1,22.27,109.5,77.1,31.13
2025-12-31|Memphis Hustle|Salt Lake City Stars,Salt Lake City Stars,17,VS Memphis Hustle - 2025-12-31 - W 144-130,2025-12-31,Memphis Hustle,HOME,W,144,130,90000.0,426500.0,318218.0,1,1,1,2,5,2,0,7,39.32,142.83,57.85,0.0,200.68,240.0,0.836167,0,0.0,180000.0,255900.0,270668.0,1,1,1,4,3,1,0,103.11,101.43,35.45,0.0
2026-01-02|Rip City Remix|Salt Lake City Stars,Salt Lake City Stars,18,VS Rip City Remix - 2026-01-02 - L 124-138,2026-01-02,Rip City Remix,HOME,L,124,138,90000.0,426500.0,318218.0,1,1,1,2,5,2,0,7,35.4,149.45,55.15,0.0,204.6,240.0,0.8525,0,0.0,225000.0,255900.0,0.0,1,1,1,5,3,0,0,130.12,109.88,0.0,0.0
2026-01-03|Rip City Remix|Salt Lake City Stars,Salt Lake City Stars,19,VS Rip City Remix - 2026-01-03 - W 143-120,2026-01-03,Rip City Remix,HOME,W,143,120,90000.0,426500.0,318218.0,1,1,1,2,5,2,0,7,40.59,153.45,45.97,0.0,199.42,240.01,0.830882,0,0.0,180000.0,341200.0,0.0,1,1,1,4,4,0,0,114.01,125.99,0.0,0.0
2026-01-08|Maine Celtics|Salt Lake City Stars,Salt Lake City Stars,20,@ Maine Celtics - 2026-01-08 - L 94-102,2026-01-08,Maine Celtics,AWAY,L,94,102,135000.0,426500.0,232918.0,1,1,1,3,5,1,0,6,55.05,153.74,31.2,0.0,184.94,239.99,0.770615,0,0.0,90000.0,365900.0,403518.0,1,1,1,2,5,3,0,26.72,123.79,89.5,0.0
2026-01-09|Maine Celtics|Salt Lake City Stars,Salt Lake City Stars,21,@ Maine Celtics - 2026-01-09 - L 102-107,2026-01-09,Maine Celtics,AWAY,L,102,107,135000.0,426500.0,232918.0,1,1,1,3,5,1,0,6,47.73,158.06,34.2,0.0,192.26,239.99,0.801117,0,0.0,90000.0,415900.0,403518.0,1,1,1,2,6,3,0,30.8,126.57,82.63,0.0
2026-01-11|Motor City Cruise|Salt Lake City Stars,Salt Lake City Stars,22,@ Motor City Cruise - 2026-01-11 - L 102-108,2026-01-11,Motor City Cruise,AWAY,L,102,108,90000.0,426500.0,465836.0,1,1,1,2,5,2,0,7,45.83,123.15,71.02,0.0,194.17,240.0,0.809042,0,0.0,270000.0,50000.0,232918.0,1,1,1,6,2,1,1,107.66,66.07,29.05,37.22
2026-01-13|Austin Spurs|Salt Lake City Stars,Salt Lake City Stars,23,VS Austin Spurs - 2026-01-13 - L 113-118,2026-01-13,Austin Spurs,HOME,L,113,118,90000.0,426500.0,465836.0,1,1,1,2,5,2,0,7,45.53,124.13,70.34,0.0,194.47,240.0,0.810292,0,0.0,180000.0,100300.0,403518.0,1,1,1,4,2,3,0,81.6,60.42,97.98,0.0
2026-01-15|Austin Spurs|Salt Lake City Stars,Salt Lake City Stars,24,VS Austin Spurs - 2026-01-15 - L 118-121,2026-01-15,Austin Spurs,HOME,L,118,121,135000.0,426500.0,465836.0,1,1,1,3,5,2,0,7,42.91,129.67,67.42,0.0,197.09,240.0,0.821208,0,0.0,225000.0,170300.0,403518.0,1,1,1,5,3,3,0,94.06,57.57,88.38,0.0
2026-01-17|Salt Lake City Stars|Sioux Falls Skyforce,Salt Lake City Stars,25,@ Sioux Falls Skyforce - 2026-01-17 - L 110-122,2026-01-17,Sioux Falls Skyforce,AWAY,L,110,122,90000.0,511800.0,465836.0,1,1,1,2,6,2,0,8,42.17,143.98,53.87,0.0,197.85,240.02,0.824306,0,0.0,180000.0,426500.0,170600.0,1,1,1,4,5,2,1,15.84,127.69,63.86,32.62
2026-01-18|Salt Lake City Stars|Sioux Falls Skyforce,Salt Lake City Stars,26,@ Sioux Falls Skyforce - 2026-01-18 - W 115-108,2026-01-18,Sioux Falls Skyforce,AWAY,W,115,108,90000.0,426500.0,465836.0,1,1,1,2,5,2,0,7,46.95,133.18,59.87,0.0,193.05,240.0,0.804375,0,0.0,90000.0,426500.0,170600.0,1,1,1,2,5,2,1,6.58,140.34,66.55,26.53
2026-01-21|Memphis Hustle|Salt Lake City Stars,Salt Lake City Stars,27,VS Memphis Hustle - 2026-01-21 - L 116-117,2026-01-21,Memphis Hustle,HOME,L,116,117,135000.0,511800.0,232918.0,1,1,1,3,6,1,0,7,44.43,185.12,32.48,0.0,217.6,262.03,0.830439,0,0.0,135000.0,426500.0,270668.0,1,1,1,3,5,1,0,71.53,154.55,35.95,0.0
2026-01-24|Salt Lake City Stars|Stockton Kings,Salt Lake City Stars,28,@ Stockton Kings - 2026-01-24 - L 134-138,2026-01-24,Stockton Kings,AWAY,L,134,138,90000.0,511800.0,465836.0,1,1,1,2,6,2,0,8,47.83,148.71,58.63,0.0,207.34,255.17,0.812556,0,0.0,90000.0,368400.0,307918.0,1,1,1,2,6,2,0,36.02,137.8,81.37,0.0
2026-01-26|Salt Lake City Stars|Santa Cruz Warriors,Salt Lake City Stars,29,VS Santa Cruz Warriors - 2026-01-26 - W 126-113,2026-01-26,Santa Cruz Warriors,HOME,W,126,113,135000.0,511800.0,465836.0,1,1,1,3,6,2,0,8,44.56,137.24,58.2,0.0,195.44,240.0,0.814333,0,0.0,225000.0,110300.0,0.0,1,1,1,5,2,0,0,189.17,50.84,0.0,0.0
2026-01-29|Salt Lake City Stars|South Bay Lakers,Salt Lake City Stars,30,@ South Bay Lakers - 2026-01-29 - L 118-125,2026-01-29,South Bay Lakers,AWAY,L,118,125,90000.0,511800.0,465836.0,1,1,1,2,6,2,0,8,38.24,142.8,58.97,0.0,201.77,240.01,0.840673,0,0.0,90000.0,456500.0,85300.0,1,1,1,2,6,1,1,20.12,157.09,29.17,33.63
2026-01-31|Salt Lake City Stars|South Bay Lakers,Salt Lake City Stars,31,@ South Bay Lakers - 2026-01-31 - L 104-146,2026-01-31,South Bay Lakers,AWAY,L,104,146,135000.0,511800.0,465836.0,1,1,1,3,6,2,0,8,61.53,131.1,47.37,0.0,178.47,240.0,0.743625,0,0.0,90000.0,456500.0,85300.0,1,1,1,2,6,1,1,36.69,156.62,20.65,26.05
2026-02-02|Salt Lake City Stars|San Diego Clippers,Salt Lake City Stars,32,VS San Diego Clippers - 2026-02-02 - L 139-140,2026-02-02,San Diego Clippers,HOME,L,139,140,90000.0,426500.0,465836.0,1,1,1,2,5,2,0,7,46.26,132.47,61.26,0.0,193.73,239.99,0.807242,0,0.0,135000.0,353850.0,0.0,1,1,1,3,5,0,1,80.9,143.32,0.0,15.8
2026-02-04|Salt Lake City Stars|San Diego Clippers,Salt Lake City Stars,33,VS San Diego Clippers - 2026-02-04 - W 128-120,2026-02-04,San Diego Clippers,HOME,W,128,120,135000.0,511800.0,0.0,1,1,1,3,6,0,0,6,57.25,192.43,0.0,0.0,192.43,249.68,0.770707,0,0.0,135000.0,353850.0,0.0,1,1,1,3,5,0,1,88.76,145.13,0.0,15.78
2026-02-06|Salt Lake City Stars|Westchester Knicks,Salt Lake City Stars,34,VS Westchester Knicks - 2026-02-06 - W 131-107,2026-02-06,Westchester Knicks,HOME,W,131,107,135000.0,511800.0,0.0,1,1,1,3,6,0,0,6,78.26,161.75,0.0,0.0,161.75,240.01,0.67393,0,0.0,180000.0,295900.0,0.0,1,1,1,4,5,0,1,80.85,130.23,0.0,28.92
2026-02-07|Salt Lake City Stars|Westchester Knicks,Salt Lake City Stars,35,VS Westchester Knicks - 2026-02-07 - W 132-124,2026-02-07,Westchester Knicks,HOME,W,132,124,135000.0,511800.0,0.0,1,1,1,3,6,0,0,6,87.66,152.33,0.0,0.0,152.33,239.99,0.634735,0,0.0,180000.0,295900.0,0.0,1,1,1,4,5,0,1,62.94,140.57,0.0,36.47
2026-02-12|Salt Lake City Stars|Valley Suns,Salt Lake City Stars,36,@ Valley Suns - 2026-02-12 - L 120-123,2026-02-12,Valley Suns,AWAY,L,120,123,135000.0,426500.0,0.0,1,1,1,3,5,0,0,5,82.27,157.73,0.0,0.0,157.73,240.0,0.657208,0,0.0,90000.0,511800.0,232918.0,1,1,1,2,6,1,0,29.3,172.23,38.48,0.0
2026-02-19|Oklahoma City Blue|Salt Lake City Stars,Salt Lake City Stars,37,VS Oklahoma City Blue - 2026-02-19 - W 137-126,2026-02-19,Oklahoma City Blue,HOME,W,137,126,180000.0,341200.0,0.0,1,1,1,4,4,0,0,4,100.42,139.58,0.0,0.0,139.58,240.0,0.581583,0,0.0,225000.0,255900.0,85300.0,1,1,1,5,3,1,0,135.79,72.6,31.62,0.0
2026-02-20|Oklahoma City Blue|Salt Lake City Stars,Salt Lake City Stars,38,VS Oklahoma City Blue - 2026-02-20 - W 123-106,2026-02-20,Oklahoma City Blue,HOME,W,123,106,180000.0,426500.0,0.0,1,1,1,4,5,0,0,5,92.45,147.55,0.0,0.0,147.55,240.0,0.614792,0,0.0,225000.0,255900.0,85300.0,1,1,1,5,3,1,0,136.33,67.69,35.97,0.0
2026-02-22|Mexico City Capitanes|Salt Lake City Stars,Salt Lake City Stars,39,@ Mexico City Capitanes - 2026-02-22 - L 119-120,2026-02-22,Mexico City Capitanes,AWAY,L,119,120,135000.0,341200.0,0.0,1,1,1,3,4,0,0,4,99.45,140.54,0.0,0.0,140.54,239.99,0.585608,0,0.0,495000.0,0.0,0.0,1,1,1,11,0,0,0,239.99,0.0,0.0,0.0
2026-02-24|Mexico City Capitanes|Salt Lake City Stars,Salt Lake City Stars,40,@ Mexico City Capitanes - 2026-02-24 - L 118-122,2026-02-24,Mexico City Capitanes,AWAY,L,118,122,135000.0,341200.0,0.0,1,1,1,3,4,0,0,4,105.2,134.8,0.0,0.0,134.8,240.0,0.561667,0,0.0,450000.0,0.0,0.0,1,1,1,10,0,0,0,239.98,0.0,0.0,0.0
2026-03-02|Salt Lake City Stars|Valley Suns,Salt Lake City Stars,41,@ Valley Suns - 2026-03-02 - W 121-112,2026-03-02,Valley Suns,AWAY,W,121,112,180000.0,341200.0,0.0,1,1,1,4,4,0,0,4,91.61,148.4,0.0,0.0,148.4,240.01,0.618308,0,0.0,135000.0,275900.0,232918.0,1,1,1,3,4,1,0,82.5,118.63,38.87,0.0
2026-03-09|Salt Lake City Stars|Texas Legends,Salt Lake City Stars,42,VS Texas Legends - 2026-03-09 - L 114-121,2026-03-09,Texas Legends,HOME,L,114,121,225000.0,341200.0,0.0,1,1,1,5,4,0,0,4,102.92,137.08,0.0,0.0,137.08,240.0,0.571167,0,0.0,90000.0,295900.0,551136.0,1,1,1,2,4,3,0,60.65,97.59,81.79,0.0
2026-03-10|Salt Lake City Stars|Texas Legends,Salt Lake City Stars,43,VS Texas Legends - 2026-03-10 - W 134-125,2026-03-10,Texas Legends,HOME,W,134,125,225000.0,341200.0,0.0,1,1,1,5,4,0,0,4,108.23,131.76,0.0,0.0,131.76,239.99,0.549023,0,0.0,90000.0,295900.0,551136.0,1,1,1,2,4,3,0,56.75,98.59,84.65,0.0
2026-03-13|Rio Grande Valley Vipers|Salt Lake City Stars,Salt Lake City Stars,44,@ Rio Grande Valley Vipers - 2026-03-13 - L 101-128,2026-03-13,Rio Grande Valley Vipers,AWAY,L,101,128,270000.0,341200.0,0.0,1,1,1,6,4,0,0,4,121.37,118.63,0.0,0.0,118.63,240.0,0.494292,0,0.0,135000.0,215600.0,465836.0,1,1,1,3,4,2,1,47.37,102.1,61.97,28.57
2026-03-14|Rio Grande Valley Vipers|Salt Lake City Stars,Salt Lake City Stars,45,@ Rio Grande Valley Vipers - 2026-03-14 - L 105-116,2026-03-14,Rio Grande Valley Vipers,AWAY,L,105,116,225000.0,341200.0,0.0,1,1,1,5,4,0,0,4,99.95,140.07,0.0,0.0,140.07,240.02,0.583576,0,0.0,135000.0,215600.0,465836.0,1,1,1,3,4,2,0,63.86,109.12,67.01,0.0
2026-03-16|Iowa Wolves|Salt Lake City Stars,Salt Lake City Stars,46,@ Iowa Wolves - 2026-03-16 - L 106-132,2026-03-16,Iowa Wolves,AWAY,L,106,132,180000.0,341200.0,0.0,1,1,1,4,4,0,0,4,116.96,123.03,0.0,0.0,123.03,239.99,0.512646,0,0.0,315000.0,220600.0,232918.0,1,1,1,7,3,1,1,125.21,58.22,26.95,29.63
2026-03-18|Iowa Wolves|Salt Lake City Stars,Salt Lake City Stars,47,@ Iowa Wolves - 2026-03-18 - L 110-132,2026-03-18,Iowa Wolves,AWAY,L,110,132,225000.0,426500.0,0.0,1,1,1,5,5,0,0,5,116.71,123.3,0.0,0.0,123.3,240.01,0.513729,0,0.0,270000.0,135300.0,465836.0,1,1,1,6,2,2,1,101.21,36.72,62.42,39.67
2026-03-21|Salt Lake City Stars|Stockton Kings,Salt Lake City Stars,48,@ Stockton Kings - 2026-03-21 - L 116-121,2026-03-21,Stockton Kings,AWAY,L,116,121,225000.0,426500.0,0.0,1,1,1,5,5,0,0,5,96.19,143.8,0.0,0.0,143.8,239.99,0.599192,0,0.0,90000.0,426200.0,465836.0,1,1,1,2,6,2,0,37.28,137.82,64.9,0.0
2026-03-23|Raptors 905|Salt Lake City Stars,Salt Lake City Stars,49,VS Raptors 905 - 2026-03-23 - L 101-116,2026-03-23,Raptors 905,HOME,L,101,116,225000.0,426500.0,0.0,1,1,1,5,5,0,0,5,111.77,128.23,0.0,0.0,128.23,240.0,0.534292,0,0.0,135000.0,290600.0,318218.0,1,1,1,3,5,2,1,31.68,128.23,66.52,13.57
2026-03-24|Salt Lake City Stars|Santa Cruz Warriors,Salt Lake City Stars,50,VS Santa Cruz Warriors - 2026-03-24 - W 131-119,2026-03-24,Santa Cruz Warriors,HOME,W,131,119,180000.0,426500.0,0.0,1,1,1,4,5,0,0,5,101.86,138.13,0.0,0.0,138.13,239.99,0.575566,0,0.0,225000.0,280900.0,0.0,1,1,1,5,4,0,0,125.25,114.76,0.0,0.0
2025-11-08|San Diego Clippers|Stockton Kings,San Diego Clippers,1,@ Stockton Kings - 2025-11-08 - W 102-97,2025-11-08,Stockton Kings,AWAY,W,102,97,90000.0,524450.0,0.0,1,1,1,2,7,0,1,8,13.9,197.61,0.0,28.5,226.11,240.01,0.942086,0,0.0,0.0,340900.0,540836.0,1,1,1,0,5,3,1,0.0,100.69,102.15,37.17
2025-11-09|San Diego Clippers|Stockton Kings,San Diego Clippers,2,@ Stockton Kings - 2025-11-09 - L 108-117,2025-11-09,Stockton Kings,AWAY,L,108,117,90000.0,524450.0,0.0,1,1,1,2,7,0,1,8,23.57,183.76,0.0,32.67,216.43,240.0,0.901792,0,0.0,90000.0,368400.0,540836.0,1,1,1,2,6,3,0,19.39,122.31,98.32,0.0
2025-11-14|Salt Lake City Stars|San Diego Clippers,San Diego Clippers,3,VS Salt Lake City Stars - 2025-11-14 - W 113-106,2025-11-14,Salt Lake City Stars,HOME,W,113,106,90000.0,524450.0,0.0,1,1,1,2,7,0,1,8,27.86,199.55,0.0,12.58,212.13,239.99,0.883912,0,0.0,45000.0,511800.0,465836.0,1,1,1,1,6,2,0,30.08,151.78,58.13,0.0
2025-11-16|Salt Lake City Stars|San Diego Clippers,San Diego Clippers,4,VS Salt Lake City Stars - 2025-11-16 - L 92-120,2025-11-16,Salt Lake City Stars,HOME,L,92,120,90000.0,524450.0,0.0,1,1,1,2,7,0,0,7,31.52,208.5,0.0,0.0,208.5,240.02,0.868678,0,0.0,135000.0,511800.0,465836.0,1,1,1,3,6,2,0,23.5,157.25,59.24,0.0
2025-11-23|Rip City Remix|San Diego Clippers,San Diego Clippers,5,VS Rip City Remix - 2025-11-23 - W 129-118,2025-11-23,Rip City Remix,HOME,W,129,118,180000.0,439150.0,0.0,1,1,1,4,6,0,0,6,53.02,186.96,0.0,0.0,186.96,239.98,0.779065,0,0.0,225000.0,426500.0,0.0,1,1,1,5,5,0,0,119.76,120.22,0.0,0.0
2025-11-29|San Diego Clippers|South Bay Lakers,San Diego Clippers,6,VS South Bay Lakers - 2025-11-29 - W 124-113,2025-11-29,South Bay Lakers,HOME,W,124,113,180000.0,439150.0,0.0,1,1,1,4,6,0,0,6,67.19,172.83,0.0,0.0,172.83,240.02,0.720065,0,0.0,45000.0,411200.0,318218.0,1,1,1,1,6,2,0,6.6,163.26,70.15,0.0
2025-11-30|San Diego Clippers|South Bay Lakers,San Diego Clippers,7,VS South Bay Lakers - 2025-11-30 - W 108-107,2025-11-30,South Bay Lakers,HOME,W,108,107,135000.0,439150.0,0.0,1,1,1,3,6,0,1,7,50.01,161.01,0.0,28.98,189.99,240.0,0.791625,0,0.0,90000.0,411200.0,318218.0,1,1,1,2,6,2,0,14.5,165.97,59.53,0.0
2025-12-02|Rip City Remix|San Diego Clippers,San Diego Clippers,8,@ Rip City Remix - 2025-12-02 - L 108-146,2025-12-02,Rip City Remix,AWAY,L,108,146,180000.0,439150.0,0.0,1,1,1,4,6,0,0,6,70.11,169.88,0.0,0.0,169.88,239.99,0.707863,0,0.0,225000.0,426500.0,232917.0,1,1,1,5,5,1,0,97.66,116.73,25.6,0.0
2025-12-04|Rip City Remix|San Diego Clippers,San Diego Clippers,9,@ Rip City Remix - 2025-12-04 - W 135-128,2025-12-04,Rip City Remix,AWAY,W,135,128,180000.0,353850.0,0.0,1,1,1,4,5,0,0,5,92.53,165.15,0.0,0.0,165.15,257.68,0.640911,0,0.0,180000.0,426500.0,0.0,1,1,1,4,5,0,1,101.64,120.88,0.0,35.15
2025-12-09|San Diego Clippers|Valley Suns,San Diego Clippers,10,@ Valley Suns - 2025-12-09 - W 124-116,2025-12-09,Valley Suns,AWAY,W,124,116,90000.0,439150.0,232918.0,1,1,1,2,6,1,1,8,21.38,152.66,29.85,36.12,218.63,240.01,0.91092,0,0.0,180000.0,446500.0,0.0,1,1,1,4,6,0,0,68.23,171.76,0.0,0.0
2025-12-11|San Diego Clippers|Valley Suns,San Diego Clippers,11,@ Valley Suns - 2025-12-11 - L 118-121,2025-12-11,Valley Suns,AWAY,L,118,121,135000.0,439150.0,232918.0,1,1,1,3,6,1,0,7,48.19,162.61,29.2,0.0,191.81,240.0,0.799208,0,0.0,90000.0,361200.0,0.0,1,1,1,2,5,0,2,32.6,138.75,0.0,68.65
2025-12-13|San Diego Clippers|Santa Cruz Warriors,San Diego Clippers,12,VS Santa Cruz Warriors - 2025-12-13 - W 112-103,2025-12-13,Santa Cruz Warriors,HOME,W,112,103,90000.0,439150.0,232918.0,1,1,1,2,6,1,2,9,12.93,136.29,28.97,61.8,227.06,239.99,0.946123,0,0.0,180000.0,195600.0,170600.0,1,1,1,4,3,2,0,102.14,63.13,74.72,0.0
2025-12-14|San Diego Clippers|Santa Cruz Warriors,San Diego Clippers,13,VS Santa Cruz Warriors - 2025-12-14 - W 122-112,2025-12-14,Santa Cruz Warriors,HOME,W,122,112,90000.0,439150.0,232918.0,1,1,1,2,6,1,1,8,22.72,158.4,32.8,26.08,217.28,240.0,0.905333,0,0.0,225000.0,195600.0,170600.0,1,1,1,5,3,2,0,107.44,63.27,69.3,0.0
2025-12-16|San Diego Clippers|South Bay Lakers,San Diego Clippers,14,@ South Bay Lakers - 2025-12-16 - L 118-127,2025-12-16,South Bay Lakers,AWAY,L,118,127,45000.0,524450.0,232918.0,1,1,1,1,7,1,2,10,14.03,138.36,35.6,52.0,225.96,239.99,0.941539,0,0.0,0.0,255900.0,784054.0,1,1,1,0,3,4,3,0.0,41.0,112.6,86.4
2025-12-19|Raptors 905|San Diego Clippers,San Diego Clippers,15,@ Raptors 905 - 2025-12-19 - L 89-110,2025-12-19,Raptors 905,AWAY,L,89,110,135000.0,439150.0,0.0,1,1,1,3,6,0,0,6,68.93,171.09,0.0,0.0,171.09,240.02,0.712816,0,0.0,45000.0,425900.0,403518.0,1,1,1,1,7,3,0,31.32,109.81,98.85,0.0
2025-12-21|Greensboro Swarm|San Diego Clippers,San Diego Clippers,16,VS Greensboro Swarm - 2025-12-21 - L 117-127,2025-12-21,Greensboro Swarm,HOME,L,117,127,135000.0,439150.0,0.0,1,1,1,3,6,0,0,6,63.82,176.18,0.0,0.0,176.18,240.0,0.734083,0,0.0,45000.0,376200.0,170600.0,1,1,1,1,6,2,1,32.03,113.81,61.72,32.45
2025-12-27|San Diego Clippers|Sioux Falls Skyforce,San Diego Clippers,17,VS Sioux Falls Skyforce - 2025-12-27 - W 128-106,2025-12-27,Sioux Falls Skyforce,HOME,W,128,106,135000.0,439150.0,0.0,1,1,1,3,6,0,0,6,56.68,183.31,0.0,0.0,183.31,239.99,0.763823,0,0.0,135000.0,426500.0,170600.0,1,1,1,3,5,2,1,53.8,111.75,55.42,19.03
2025-12-28|San Diego Clippers|Sioux Falls Skyforce,San Diego Clippers,18,VS Sioux Falls Skyforce - 2025-12-28 - L 98-101,2025-12-28,Sioux Falls Skyforce,HOME,L,98,101,135000.0,353850.0,0.0,1,1,1,3,5,0,0,5,52.12,187.86,0.0,0.0,187.86,239.98,0.782815,0,0.0,90000.0,426500.0,170600.0,1,1,1,2,5,2,1,30.0,115.06,56.84,38.12
2026-01-02|Raptors 905|San Diego Clippers,San Diego Clippers,19,@ Raptors 905 - 2026-01-02 - W 114-110,2026-01-02,Raptors 905,AWAY,W,114,110,180000.0,439150.0,0.0,1,1,1,4,6,0,0,6,69.83,170.17,0.0,0.0,170.17,240.0,0.709042,0,0.0,135000.0,375900.0,318218.0,1,1,1,3,6,2,0,46.07,124.38,69.55,0.0
2026-01-04|Long Island Nets|San Diego Clippers,San Diego Clippers,20,@ Long Island Nets - 2026-01-04 - L 115-119,2026-01-04,Long Island Nets,AWAY,L,115,119,180000.0,439150.0,0.0,1,1,1,4,6,0,0,6,84.52,155.48,0.0,0.0,155.48,240.0,0.647833,0,0.0,90000.0,258250.0,320600.0,1,1,1,2,4,3,1,54.47,58.05,100.1,27.38
2026-01-06|Long Island Nets|San Diego Clippers,San Diego Clippers,21,@ Long Island Nets - 2026-01-06 - W 126-125,2026-01-06,Long Island Nets,AWAY,W,126,125,180000.0,353850.0,0.0,1,1,1,4,5,0,0,5,76.22,163.78,0.0,0.0,163.78,240.0,0.682417,0,0.0,90000.0,308250.0,320600.0,1,1,1,2,5,3,0,53.61,110.01,76.37,0.0
2026-01-09|Iowa Wolves|San Diego Clippers,San Diego Clippers,22,VS Iowa Wolves - 2026-01-09 - W 125-118,2026-01-09,Iowa Wolves,HOME,W,125,118,180000.0,353850.0,0.0,1,1,1,4,5,0,0,5,89.53,150.47,0.0,0.0,150.47,240.0,0.626958,0,0.0,90000.0,330900.0,465836.0,1,1,1,2,5,2,0,48.11,136.0,55.9,0.0
2026-01-10|Iowa Wolves|San Diego Clippers,San Diego Clippers,23,VS Iowa Wolves - 2026-01-10 - L 98-105,2026-01-10,Iowa Wolves,HOME,L,98,105,135000.0,353850.0,0.0,1,1,1,3,5,0,0,5,75.75,164.26,0.0,0.0,164.26,240.01,0.684388,0,0.0,135000.0,280900.0,465836.0,1,1,1,3,4,2,0,56.74,119.7,63.6,0.0
2026-01-14|San Diego Clippers|South Bay Lakers,San Diego Clippers,24,@ South Bay Lakers - 2026-01-14 - L 115-120,2026-01-14,South Bay Lakers,AWAY,L,115,120,180000.0,301200.0,0.0,1,1,1,4,4,0,0,4,89.0,150.99,0.0,0.0,150.99,239.99,0.629151,0,0.0,45000.0,456500.0,318218.0,1,1,1,1,6,2,1,16.88,141.14,56.87,25.12
2026-01-15|San Diego Clippers|Windy City Bulls,San Diego Clippers,25,VS Windy City Bulls - 2026-01-15 - L 104-131,2026-01-15,Windy City Bulls,HOME,L,104,131,180000.0,301200.0,0.0,1,1,1,4,4,0,0,4,111.03,128.97,0.0,0.0,128.97,240.0,0.537375,0,0.0,180000.0,341200.0,318217.0,1,1,1,4,4,2,0,76.1,116.02,47.89,0.0
2026-01-18|Mexico City Capitanes|San Diego Clippers,San Diego Clippers,26,@ Mexico City Capitanes - 2026-01-18 - W 115-96,2026-01-18,Mexico City Capitanes,AWAY,W,115,96,225000.0,215900.0,0.0,1,1,1,5,3,0,0,3,129.57,110.41,0.0,0.0,110.41,239.98,0.46008,0,0.0,450000.0,0.0,0.0,1,1,1,10,0,0,0,240.0,0.0,0.0,0.0
2026-01-20|Mexico City Capitanes|San Diego Clippers,San Diego Clippers,27,@ Mexico City Capitanes - 2026-01-20 - L 101-113,2026-01-20,Mexico City Capitanes,AWAY,L,101,113,225000.0,215900.0,0.0,1,1,1,5,3,0,0,3,131.89,108.1,0.0,0.0,108.1,239.99,0.450435,0,0.0,450000.0,0.0,0.0,1,1,1,10,0,0,0,240.01,0.0,0.0,0.0
2026-01-23|Oklahoma City Blue|San Diego Clippers,San Diego Clippers,28,VS Oklahoma City Blue - 2026-01-23 - L 109-113,2026-01-23,Oklahoma City Blue,HOME,L,109,113,135000.0,341200.0,232917.0,1,1,1,3,4,1,1,6,42.79,133.84,31.67,31.7,197.21,240.0,0.821708,0,0.0,270000.0,170600.0,0.0,1,1,1,6,2,0,0,178.29,61.7,0.0,0.0
2026-01-24|Oklahoma City Blue|San Diego Clippers,San Diego Clippers,29,VS Oklahoma City Blue - 2026-01-24 - L 92-113,2026-01-24,Oklahoma City Blue,HOME,L,92,113,225000.0,386500.0,232917.0,1,1,1,5,5,1,0,6,68.65,137.54,33.82,0.0,171.36,240.01,0.71397,0,0.0,270000.0,170600.0,0.0,1,1,1,6,2,0,0,171.34,68.67,0.0,0.0
2026-01-30|College Park Skyhawks|San Diego Clippers,San Diego Clippers,30,VS College Park Skyhawks - 2026-01-30 - W 112-111,2026-01-30,College Park Skyhawks,HOME,W,112,111,180000.0,301200.0,0.0,1,1,1,4,4,0,0,4,103.97,136.03,0.0,0.0,136.03,240.0,0.566792,0,0.0,180000.0,330900.0,85300.0,1,1,1,4,5,1,0,102.95,105.19,31.87,0.0
2026-01-31|College Park Skyhawks|San Diego Clippers,San Diego Clippers,31,VS College Park Skyhawks - 2026-01-31 - W 132-112,2026-01-31,College Park Skyhawks,HOME,W,132,112,135000.0,353850.0,0.0,1,1,1,3,5,0,1,6,73.1,152.51,0.0,14.4,166.91,240.01,0.695429,0,0.0,180000.0,330900.0,85300.0,1,1,1,4,5,1,0,108.97,100.06,30.98,0.0
2026-02-02|Salt Lake City Stars|San Diego Clippers,San Diego Clippers,32,@ Salt Lake City Stars - 2026-02-02 - W 140-139,2026-02-02,Salt Lake City Stars,AWAY,W,140,139,135000.0,353850.0,0.0,1,1,1,3,5,0,1,6,80.9,143.32,0.0,15.8,159.12,240.02,0.662945,0,0.0,90000.0,426500.0,465836.0,1,1,1,2,5,2,0,46.26,132.47,61.26,0.0
2026-02-04|Salt Lake City Stars|San Diego Clippers,San Diego Clippers,33,@ Salt Lake City Stars - 2026-02-04 - L 120-128,2026-02-04,Salt Lake City Stars,AWAY,L,120,128,135000.0,353850.0,0.0,1,1,1,3,5,0,1,6,88.76,145.13,0.0,15.78,160.91,249.67,0.644491,0,0.0,135000.0,511800.0,0.0,1,1,1,3,6,0,0,57.25,192.43,0.0,0.0
2026-02-06|Memphis Hustle|San Diego Clippers,San Diego Clippers,34,@ Memphis Hustle - 2026-02-06 - W 116-105,2026-02-06,Memphis Hustle,AWAY,W,116,105,180000.0,268550.0,0.0,1,1,1,4,4,0,1,5,100.75,114.06,0.0,25.18,139.24,239.99,0.580191,0,0.0,225000.0,341200.0,0.0,1,1,1,5,4,0,0,101.54,138.45,0.0,0.0
2026-02-08|Memphis Hustle|San Diego Clippers,San Diego Clippers,35,@ Memphis Hustle - 2026-02-08 - W 109-106,2026-02-08,Memphis Hustle,AWAY,W,109,106,180000.0,215900.0,0.0,1,1,1,4,3,0,1,4,103.74,114.3,0.0,21.97,136.27,240.01,0.567768,0,0.0,180000.0,426500.0,0.0,1,1,1,4,5,0,0,84.81,155.18,0.0,0.0
2026-02-11|San Diego Clippers|South Bay Lakers,San Diego Clippers,36,@ South Bay Lakers - 2026-02-11 - L 116-128,2026-02-11,South Bay Lakers,AWAY,L,116,128,180000.0,215900.0,0.0,1,1,1,4,3,0,1,4,106.24,106.24,0.0,27.52,133.76,240.0,0.557333,0,0.0,45000.0,371200.0,784054.0,1,1,1,1,5,4,0,20.42,117.64,101.95,0.0
2026-02-19|Austin Spurs|San Diego Clippers,San Diego Clippers,37,VS Austin Spurs - 2026-02-19 - L 115-116,2026-02-19,Austin Spurs,HOME,L,115,116,90000.0,439150.0,0.0,1,1,1,2,6,0,1,7,48.79,193.43,0.0,12.12,205.55,254.34,0.80817,0,0.0,225000.0,185600.0,170600.0,1,1,1,5,3,2,0,98.41,86.1,69.81,0.0
2026-02-20|Austin Spurs|San Diego Clippers,San Diego Clippers,38,VS Austin Spurs - 2026-02-20 - W 135-132,2026-02-20,Austin Spurs,HOME,W,135,132,90000.0,183250.0,465834.0,1,1,1,2,3,2,0,5,72.62,118.89,48.5,0.0,167.39,240.01,0.697429,0,0.0,180000.0,100300.0,170600.0,1,1,1,4,2,2,0,93.78,70.43,75.78,0.0
2026-02-24|Rio Grande Valley Vipers|San Diego Clippers,San Diego Clippers,39,@ Rio Grande Valley Vipers - 2026-02-24 - W 123-122,2026-02-24,Rio Grande Valley Vipers,AWAY,W,123,122,180000.0,268550.0,465834.0,1,1,1,4,4,2,0,6,77.0,108.88,54.1,0.0,162.98,239.98,0.67914,0,0.0,135000.0,215600.0,85300.0,1,1,1,3,4,1,0,98.25,123.34,18.42,0.0
2026-02-25|Rio Grande Valley Vipers|San Diego Clippers,San Diego Clippers,40,@ Rio Grande Valley Vipers - 2026-02-25 - L 102-109,2026-02-25,Rio Grande Valley Vipers,AWAY,L,102,109,135000.0,268550.0,232917.0,1,1,1,3,4,1,0,5,64.86,143.25,31.9,0.0,175.15,240.01,0.729761,0,0.0,135000.0,215600.0,85300.0,1,1,1,3,4,1,0,91.09,122.14,26.78,0.0
2026-02-27|San Diego Clippers|Santa Cruz Warriors,San Diego Clippers,41,@ Santa Cruz Warriors - 2026-02-27 - W 130-126,2026-02-27,Santa Cruz Warriors,AWAY,W,130,126,180000.0,268550.0,232917.0,1,1,1,4,4,1,0,5,76.57,128.2,35.23,0.0,163.43,240.0,0.680958,0,0.0,90000.0,366200.0,318218.0,1,1,1,2,5,2,0,23.1,149.05,67.87,0.0
2026-03-01|San Diego Clippers|Santa Cruz Warriors,San Diego Clippers,42,@ Santa Cruz Warriors - 2026-03-01 - L 100-121,2026-03-01,Santa Cruz Warriors,AWAY,L,100,121,180000.0,268550.0,232917.0,1,1,1,4,4,1,0,5,72.91,133.15,33.95,0.0,167.1,240.01,0.696221,0,0.0,135000.0,391200.0,318218.0,1,1,1,3,6,2,0,48.75,147.69,43.57,0.0
2026-03-11|Rip City Remix|San Diego Clippers,San Diego Clippers,43,VS Rip City Remix - 2026-03-11 - W 128-118,2026-03-11,Rip City Remix,HOME,W,128,118,270000.0,268550.0,0.0,1,1,1,6,4,0,0,4,106.78,133.23,0.0,0.0,133.23,240.01,0.555102,0,0.0,180000.0,255900.0,318217.0,1,1,1,4,3,2,1,79.32,63.24,65.79,31.67
2026-03-12|Rip City Remix|San Diego Clippers,San Diego Clippers,44,VS Rip City Remix - 2026-03-12 - W 126-115,2026-03-12,Rip City Remix,HOME,W,126,115,270000.0,268550.0,0.0,1,1,1,6,4,0,0,4,102.79,137.21,0.0,0.0,137.21,240.0,0.571708,0,0.0,225000.0,255900.0,232917.0,1,1,1,5,3,1,1,110.39,65.97,33.62,30.03
2026-03-14|San Diego Clippers|Texas Legends,San Diego Clippers,45,@ Texas Legends - 2026-03-14 - L 106-128,2026-03-14,Texas Legends,AWAY,L,106,128,225000.0,183250.0,232917.0,1,1,1,5,3,1,0,4,109.52,97.98,32.52,0.0,130.5,240.02,0.543705,0,0.0,225000.0,295900.0,85300.0,1,1,1,5,4,1,0,96.06,113.54,30.4,0.0
2026-03-16|San Diego Clippers|Texas Legends,San Diego Clippers,46,@ Texas Legends - 2026-03-16 - L 108-116,2026-03-16,Texas Legends,AWAY,L,108,116,225000.0,183250.0,465834.0,1,1,1,5,3,2,0,5,82.1,84.53,73.38,0.0,157.91,240.01,0.657931,0,0.0,180000.0,381200.0,0.0,1,1,1,4,5,0,0,76.64,163.36,0.0,0.0
2026-03-19|San Diego Clippers|Valley Suns,San Diego Clippers,47,VS Valley Suns - 2026-03-19 - W 113-87,2026-03-19,Valley Suns,HOME,W,113,87,270000.0,183250.0,0.0,1,1,1,6,3,0,0,3,133.51,106.5,0.0,0.0,106.5,240.01,0.443732,0,0.0,225000.0,190600.0,0.0,1,1,1,5,3,0,0,155.63,84.37,0.0,0.0
2026-03-21|San Diego Clippers|Valley Suns,San Diego Clippers,48,VS Valley Suns - 2026-03-21 - W 131-115,2026-03-21,Valley Suns,HOME,W,131,115,225000.0,183250.0,465834.0,1,1,1,5,3,2,0,5,84.77,94.17,61.08,0.0,155.25,240.02,0.646821,0,0.0,225000.0,190600.0,0.0,1,1,1,5,3,0,0,146.4,93.61,0.0,0.0
2026-03-27|San Diego Clippers|Stockton Kings,San Diego Clippers,49,VS Stockton Kings - 2026-03-27 - W 120-112,2026-03-27,Stockton Kings,HOME,W,120,112,135000.0,268550.0,232917.0,1,1,1,3,4,1,1,6,72.9,116.46,29.78,20.85,167.09,239.99,0.696237,0,0.0,180000.0,340900.0,0.0,1,1,1,4,5,0,0,86.54,153.47,0.0,0.0
2026-03-28|San Diego Clippers|Stockton Kings,San Diego Clippers,50,VS Stockton Kings - 2026-03-28 - L 102-118,2026-03-28,Stockton Kings,HOME,L,102,118,270000.0,268550.0,0.0,1,1,1,6,4,0,1,5,118.17,118.73,0.0,3.1,121.83,240.0,0.507625,0,0.0,135000.0,340900.0,0.0,1,1,1,3,5,0,0,62.97,177.03,0.0,0.0
2025-11-07|Rip City Remix|Santa Cruz Warriors,Santa Cruz Warriors,1,VS Rip City Remix - 2025-11-07 - L 107-120,2025-11-07,Rip City Remix,HOME,L,107,120,225000.0,110300.0,162800.0,1,1,1,5,2,2,0,4,127.11,46.27,66.62,0.0,112.89,240.0,0.470375,0,0.0,180000.0,426500.0,232917.0,1,1,1,4,5,1,0,86.63,121.12,32.25,0.0
2025-11-08|Rip City Remix|Santa Cruz Warriors,Santa Cruz Warriors,2,VS Rip City Remix - 2025-11-08 - L 118-131,2025-11-08,Rip City Remix,HOME,L,118,131,225000.0,110300.0,162800.0,1,1,1,5,2,2,0,4,132.25,45.85,61.9,0.0,107.75,240.0,0.448958,0,0.0,180000.0,426500.0,232917.0,1,1,1,4,5,1,0,87.82,117.43,34.75,0.0
2025-11-11|Salt Lake City Stars|Santa Cruz Warriors,Santa Cruz Warriors,3,@ Salt Lake City Stars - 2025-11-11 - L 101-121,2025-11-11,Salt Lake City Stars,AWAY,L,101,121,225000.0,110300.0,85300.0,1,1,1,5,2,1,0,3,145.11,58.72,36.17,0.0,94.89,240.0,0.395375,0,0.0,45000.0,426500.0,551136.0,1,1,1,1,5,3,0,16.62,134.81,88.56,0.0
2025-11-14|Santa Cruz Warriors|Stockton Kings,Santa Cruz Warriors,4,VS Stockton Kings - 2025-11-14 - L 103-125,2025-11-14,Stockton Kings,HOME,L,103,125,225000.0,110300.0,0.0,1,1,1,5,2,0,0,2,172.92,67.07,0.0,0.0,67.07,239.99,0.27947,0,0.0,135000.0,453700.0,540836.0,1,1,1,3,7,3,0,24.05,130.98,84.97,0.0
2025-11-15|Santa Cruz Warriors|Stockton Kings,Santa Cruz Warriors,5,VS Stockton Kings - 2025-11-15 - L 97-126,2025-11-15,Stockton Kings,HOME,L,97,126,225000.0,110300.0,232918.0,1,1,1,5,2,1,0,3,165.13,55.15,19.72,0.0,74.87,240.0,0.311958,0,0.0,135000.0,453700.0,540836.0,1,1,1,3,7,3,0,10.7,141.25,88.05,0.0
2025-11-21|Santa Cruz Warriors|South Bay Lakers,Santa Cruz Warriors,6,@ South Bay Lakers - 2025-11-21 - L 95-115,2025-11-21,South Bay Lakers,AWAY,L,95,115,225000.0,110300.0,395718.0,1,1,1,5,2,3,0,5,113.14,48.0,78.87,0.0,126.87,240.01,0.528603,0,0.0,45000.0,200600.0,784054.0,1,1,1,1,3,4,1,35.42,68.11,117.15,19.32
2025-11-23|Santa Cruz Warriors|South Bay Lakers,Santa Cruz Warriors,7,@ South Bay Lakers - 2025-11-23 - L 105-108,2025-11-23,South Bay Lakers,AWAY,L,105,108,225000.0,110300.0,162800.0,1,1,1,5,2,2,0,4,126.91,44.2,68.9,0.0,113.1,240.01,0.47123,0,0.0,45000.0,285900.0,784054.0,1,1,1,1,4,4,1,30.48,66.82,123.0,19.7
2025-11-28|Salt Lake City Stars|Santa Cruz Warriors,Santa Cruz Warriors,8,VS Salt Lake City Stars - 2025-11-28 - L 112-126,2025-11-28,Salt Lake City Stars,HOME,L,112,126,180000.0,110300.0,162800.0,1,1,1,4,2,2,0,4,122.5,47.57,69.94,0.0,117.51,240.01,0.489605,0,0.0,0.0,511800.0,318218.0,1,1,1,0,6,2,2,0.0,123.32,55.43,61.25
2025-11-29|Salt Lake City Stars|Santa Cruz Warriors,Santa Cruz Warriors,9,VS Salt Lake City Stars - 2025-11-29 - L 103-133,2025-11-29,Salt Lake City Stars,HOME,L,103,133,180000.0,195600.0,85300.0,1,1,1,4,3,1,0,4,146.17,58.27,35.57,0.0,93.84,240.01,0.390984,0,0.0,90000.0,511800.0,318218.0,1,1,1,2,6,2,2,4.94,131.43,50.82,52.81
2025-12-02|Santa Cruz Warriors|Valley Suns,Santa Cruz Warriors,10,@ Valley Suns - 2025-12-02 - W 111-110,2025-12-02,Valley Suns,AWAY,W,111,110,180000.0,195600.0,85300.0,1,1,1,4,3,1,0,4,138.02,63.21,38.77,0.0,101.98,240.0,0.424917,0,0.0,135000.0,361200.0,232918.0,1,1,1,3,5,1,0,72.48,136.39,31.12,0.0
2025-12-03|Santa Cruz Warriors|Valley Suns,Santa Cruz Warriors,11,@ Valley Suns - 2025-12-03 - L 119-124,2025-12-03,Valley Suns,AWAY,L,119,124,225000.0,195600.0,85300.0,1,1,1,5,3,1,0,4,158.3,63.91,40.97,0.0,104.88,263.18,0.398511,0,0.0,90000.0,275900.0,232918.0,1,1,1,2,4,1,2,44.59,101.98,38.98,77.63
2025-12-07|Santa Cruz Warriors|Valley Suns,Santa Cruz Warriors,12,VS Valley Suns - 2025-12-07 - L 106-114,2025-12-07,Valley Suns,HOME,L,106,114,225000.0,110300.0,0.0,1,1,1,5,2,0,0,2,184.9,55.1,0.0,0.0,55.1,240.0,0.229583,0,0.0,180000.0,361200.0,0.0,1,1,1,4,5,0,0,85.71,154.29,0.0,0.0
2025-12-13|San Diego Clippers|Santa Cruz Warriors,Santa Cruz Warriors,13,@ San Diego Clippers - 2025-12-13 - L 103-112,2025-12-13,San Diego Clippers,AWAY,L,103,112,180000.0,195600.0,170600.0,1,1,1,4,3,2,0,5,102.14,63.13,74.72,0.0,137.85,239.99,0.574399,0,0.0,90000.0,439150.0,232918.0,1,1,1,2,6,1,2,12.93,136.29,28.97,61.8
2025-12-14|San Diego Clippers|Santa Cruz Warriors,Santa Cruz Warriors,14,@ San Diego Clippers - 2025-12-14 - L 112-122,2025-12-14,San Diego Clippers,AWAY,L,112,122,225000.0,195600.0,170600.0,1,1,1,5,3,2,0,5,107.44,63.27,69.3,0.0,132.57,240.01,0.552352,0,0.0,90000.0,439150.0,232918.0,1,1,1,2,6,1,1,22.72,158.4,32.8,26.08
2025-12-19|Delaware Blue Coats|Santa Cruz Warriors,Santa Cruz Warriors,15,@ Delaware Blue Coats - 2025-12-19 - W 143-119,2025-12-19,Delaware Blue Coats,AWAY,W,143,119,225000.0,280900.0,170600.0,1,1,1,5,4,2,0,6,97.91,83.91,58.18,0.0,142.09,240.0,0.592042,0,0.0,90000.0,351200.0,232918.0,1,1,1,2,7,1,0,31.87,179.96,28.18,0.0
2025-12-21|Noblesville Boom|Santa Cruz Warriors,Santa Cruz Warriors,16,VS Noblesville Boom - 2025-12-21 - W 108-100,2025-12-21,Noblesville Boom,HOME,W,108,100,225000.0,280900.0,170600.0,1,1,1,5,4,2,0,6,105.0,91.98,43.05,0.0,135.03,240.03,0.562555,0,0.0,135000.0,426500.0,0.0,1,1,1,3,5,0,0,76.85,163.16,0.0,0.0
2025-12-27|Osceola Magic|Santa Cruz Warriors,Santa Cruz Warriors,17,VS Osceola Magic - 2025-12-27 - L 97-122,2025-12-27,Osceola Magic,HOME,L,97,122,225000.0,366200.0,85300.0,1,1,1,5,5,1,0,6,114.41,97.69,27.9,0.0,125.59,240.0,0.523292,0,0.0,135000.0,571800.0,0.0,1,1,1,3,7,0,0,51.85,188.14,0.0,0.0
2025-12-28|Osceola Magic|Santa Cruz Warriors,Santa Cruz Warriors,18,VS Osceola Magic - 2025-12-28 - L 96-106,2025-12-28,Osceola Magic,HOME,L,96,106,225000.0,366200.0,85300.0,1,1,1,5,5,1,0,6,112.3,99.53,28.18,0.0,127.71,240.01,0.532103,0,0.0,135000.0,486500.0,0.0,1,1,1,3,6,0,0,70.4,169.59,0.0,0.0
2025-12-31|Austin Spurs|Santa Cruz Warriors,Santa Cruz Warriors,19,@ Austin Spurs - 2025-12-31 - W 111-102,2025-12-31,Austin Spurs,AWAY,W,111,102,225000.0,366200.0,85300.0,1,1,1,5,5,1,0,6,105.63,103.07,31.3,0.0,134.37,240.0,0.559875,0,0.0,135000.0,170300.0,318218.0,1,1,1,3,3,2,0,83.57,76.68,79.75,0.0
2026-01-02|Austin Spurs|Santa Cruz Warriors,Santa Cruz Warriors,20,@ Austin Spurs - 2026-01-02 - W 112-105,2026-01-02,Austin Spurs,AWAY,W,112,105,225000.0,366200.0,85300.0,1,1,1,5,5,1,0,6,103.35,99.3,37.35,0.0,136.65,240.0,0.569375,0,0.0,135000.0,170300.0,318218.0,1,1,1,3,3,2,0,77.37,80.98,81.65,0.0
2026-01-04|Oklahoma City Blue|Santa Cruz Warriors,Santa Cruz Warriors,21,@ Oklahoma City Blue - 2026-01-04 - W 106-71,2026-01-04,Oklahoma City Blue,AWAY,W,106,71,225000.0,366200.0,85300.0,1,1,1,5,5,1,0,6,102.76,112.19,25.05,0.0,137.24,240.0,0.571833,0,0.0,270000.0,85300.0,0.0,1,1,1,6,1,0,0,229.93,10.07,0.0,0.0
2026-01-09|Mexico City Capitanes|Santa Cruz Warriors,Santa Cruz Warriors,22,@ Mexico City Capitanes - 2026-01-09 - L 114-121,2026-01-09,Mexico City Capitanes,AWAY,L,114,121,225000.0,366200.0,85300.0,1,1,1,5,5,1,0,6,101.95,106.39,31.65,0.0,138.04,239.99,0.575191,0,0.0,450000.0,0.0,0.0,1,1,1,10,0,0,0,240.0,0.0,0.0,0.0
2026-01-11|Mexico City Capitanes|Santa Cruz Warriors,Santa Cruz Warriors,23,@ Mexico City Capitanes - 2026-01-11 - L 118-122,2026-01-11,Mexico City Capitanes,AWAY,L,118,122,225000.0,366200.0,170600.0,1,1,1,5,5,2,0,7,91.18,97.95,50.91,0.0,148.86,240.04,0.620147,0,0.0,450000.0,0.0,0.0,1,1,1,10,0,0,0,240.01,0.0,0.0,0.0
2026-01-17|Santa Cruz Warriors|Valley Suns,Santa Cruz Warriors,24,VS Valley Suns - 2026-01-17 - W 123-115,2026-01-17,Valley Suns,HOME,W,123,115,180000.0,366200.0,170600.0,1,1,1,4,5,2,0,7,77.18,108.62,54.2,0.0,162.82,240.0,0.678417,0,0.0,135000.0,446500.0,0.0,1,1,1,3,6,0,0,75.7,164.3,0.0,0.0
2026-01-19|Santa Cruz Warriors|Valley Suns,Santa Cruz Warriors,25,VS Valley Suns - 2026-01-19 - W 113-108,2026-01-19,Valley Suns,HOME,W,113,108,180000.0,341200.0,170600.0,1,1,1,4,4,2,0,6,75.94,103.08,60.98,0.0,164.06,240.0,0.683583,0,0.0,135000.0,446500.0,0.0,1,1,1,3,6,0,0,82.36,157.63,0.0,0.0
2026-01-23|Santa Cruz Warriors|Sioux Falls Skyforce,Santa Cruz Warriors,26,VS Sioux Falls Skyforce - 2026-01-23 - W 110-103,2026-01-23,Sioux Falls Skyforce,HOME,W,110,103,180000.0,280900.0,170600.0,1,1,1,4,4,2,0,6,87.98,78.28,73.72,0.0,152.0,239.98,0.633386,0,0.0,90000.0,426500.0,170600.0,1,1,1,2,5,2,0,39.63,129.76,70.62,0.0
2026-01-24|Santa Cruz Warriors|Sioux Falls Skyforce,Santa Cruz Warriors,27,VS Sioux Falls Skyforce - 2026-01-24 - L 103-117,2026-01-24,Sioux Falls Skyforce,HOME,L,103,117,180000.0,195600.0,170600.0,1,1,1,4,3,2,0,5,115.1,51.46,73.44,0.0,124.9,240.0,0.520417,0,0.0,90000.0,426500.0,170600.0,1,1,1,2,5,2,0,25.05,155.4,59.55,0.0
2026-01-26|Salt Lake City Stars|Santa Cruz Warriors,Santa Cruz Warriors,28,@ Salt Lake City Stars - 2026-01-26 - L 113-126,2026-01-26,Salt Lake City Stars,AWAY,L,113,126,225000.0,110300.0,0.0,1,1,1,5,2,0,0,2,189.17,50.84,0.0,0.0,50.84,240.01,0.211825,0,0.0,135000.0,511800.0,465836.0,1,1,1,3,6,2,0,44.56,137.24,58.2,0.0
2026-01-30|Iowa Wolves|Santa Cruz Warriors,Santa Cruz Warriors,29,VS Iowa Wolves - 2026-01-30 - W 108-101,2026-01-30,Iowa Wolves,HOME,W,108,101,225000.0,110300.0,85300.0,1,1,1,5,2,1,0,3,153.14,48.0,38.85,0.0,86.85,239.99,0.36189,0,0.0,135000.0,330900.0,465836.0,1,1,1,3,5,2,0,69.95,108.94,61.17,0.0
2026-01-31|Iowa Wolves|Santa Cruz Warriors,Santa Cruz Warriors,30,VS Iowa Wolves - 2026-01-31 - L 123-127,2026-01-31,Iowa Wolves,HOME,L,123,127,225000.0,195600.0,0.0,1,1,1,5,3,0,0,3,175.2,75.96,0.0,0.0,75.96,251.16,0.302437,0,0.0,135000.0,330900.0,465836.0,1,1,1,3,5,2,0,65.85,123.52,61.8,0.0
2026-02-03|Oklahoma City Blue|Santa Cruz Warriors,Santa Cruz Warriors,31,@ Oklahoma City Blue - 2026-02-03 - L 110-130,2026-02-03,Oklahoma City Blue,AWAY,L,110,130,225000.0,195600.0,0.0,1,1,1,5,3,0,0,3,164.51,75.49,0.0,0.0,75.49,240.0,0.314542,0,0.0,270000.0,170600.0,0.0,1,1,1,6,2,0,0,183.06,56.94,0.0,0.0
2026-02-11|Memphis Hustle|Santa Cruz Warriors,Santa Cruz Warriors,32,@ Memphis Hustle - 2026-02-11 - L 107-108,2026-02-11,Memphis Hustle,AWAY,L,107,108,180000.0,50000.0,85300.0,1,1,1,4,2,1,0,3,132.88,64.83,42.27,0.0,107.1,239.98,0.446287,0,0.0,225000.0,341200.0,0.0,1,1,1,5,4,0,0,118.3,121.7,0.0,0.0
2026-02-12|Memphis Hustle|Santa Cruz Warriors,Santa Cruz Warriors,33,@ Memphis Hustle - 2026-02-12 - W 134-116,2026-02-12,Memphis Hustle,AWAY,W,134,116,180000.0,305900.0,85300.0,1,1,1,4,5,1,0,6,99.89,105.49,34.63,0.0,140.12,240.01,0.583809,0,0.0,225000.0,341200.0,0.0,1,1,1,5,4,0,0,114.9,125.1,0.0,0.0
2026-02-22|Rip City Remix|Santa Cruz Warriors,Santa Cruz Warriors,34,@ Rip City Remix - 2026-02-22 - W 118-113,2026-02-22,Rip City Remix,AWAY,W,118,113,135000.0,280900.0,318218.0,1,1,1,3,4,2,0,6,50.82,114.32,74.87,0.0,189.19,240.01,0.788259,0,0.0,225000.0,255900.0,465834.0,1,1,1,5,3,2,1,80.27,56.62,74.03,29.08
2026-02-24|Rip City Remix|Santa Cruz Warriors,Santa Cruz Warriors,35,@ Rip City Remix - 2026-02-24 - L 126-128,2026-02-24,Rip City Remix,AWAY,L,126,128,135000.0,391200.0,0.0,1,1,1,3,6,0,0,6,73.18,166.81,0.0,0.0,166.81,239.99,0.695071,0,0.0,225000.0,255900.0,232917.0,1,1,1,5,3,1,0,117.65,84.32,38.03,0.0
2026-02-27|San Diego Clippers|Santa Cruz Warriors,Santa Cruz Warriors,36,VS San Diego Clippers - 2026-02-27 - L 126-130,2026-02-27,San Diego Clippers,HOME,L,126,130,90000.0,366200.0,318218.0,1,1,1,2,5,2,0,7,23.1,149.05,67.87,0.0,216.92,240.02,0.903758,0,0.0,180000.0,268550.0,232917.0,1,1,1,4,4,1,0,76.57,128.2,35.23,0.0
2026-03-01|San Diego Clippers|Santa Cruz Warriors,Santa Cruz Warriors,37,VS San Diego Clippers - 2026-03-01 - W 121-100,2026-03-01,San Diego Clippers,HOME,W,121,100,135000.0,391200.0,318218.0,1,1,1,3,6,2,0,8,48.75,147.69,43.57,0.0,191.26,240.01,0.796883,0,0.0,180000.0,268550.0,232917.0,1,1,1,4,4,1,0,72.91,133.15,33.95,0.0
2026-03-02|Santa Cruz Warriors|Stockton Kings,Santa Cruz Warriors,38,@ Stockton Kings - 2026-03-02 - L 104-113,2026-03-02,Stockton Kings,AWAY,L,104,113,180000.0,305900.0,0.0,1,1,1,4,5,0,0,5,107.44,132.58,0.0,0.0,132.58,240.02,0.552371,0,0.0,180000.0,255600.0,0.0,1,1,1,4,4,0,0,102.13,137.86,0.0,0.0
2026-03-04|Birmingham Squadron|Santa Cruz Warriors,Santa Cruz Warriors,39,VS Birmingham Squadron - 2026-03-04 - W 121-117,2026-03-04,Birmingham Squadron,HOME,W,121,117,180000.0,391200.0,0.0,1,1,1,4,6,0,0,6,101.68,138.32,0.0,0.0,138.32,240.0,0.576333,0,0.0,45000.0,441200.0,465836.0,1,1,1,1,6,2,0,32.07,139.45,68.5,0.0
2026-03-06|Santa Cruz Warriors|South Bay Lakers,Santa Cruz Warriors,40,VS South Bay Lakers - 2026-03-06 - L 110-131,2026-03-06,South Bay Lakers,HOME,L,110,131,180000.0,391200.0,0.0,1,1,1,4,6,0,0,6,92.8,147.19,0.0,0.0,147.19,239.99,0.613317,0,0.0,225000.0,285900.0,232918.0,1,1,1,5,4,1,0,94.11,111.65,34.23,0.0
2026-03-08|Santa Cruz Warriors|South Bay Lakers,Santa Cruz Warriors,41,VS South Bay Lakers - 2026-03-08 - L 104-113,2026-03-08,South Bay Lakers,HOME,L,104,113,135000.0,366200.0,0.0,1,1,1,3,5,0,0,5,83.25,156.75,0.0,0.0,156.75,240.0,0.653125,0,0.0,225000.0,255900.0,551136.0,1,1,1,5,3,3,1,57.14,80.61,74.06,28.2
2026-03-13|Cleveland Charge|Santa Cruz Warriors,Santa Cruz Warriors,42,@ Cleveland Charge - 2026-03-13 - L 116-138,2026-03-13,Cleveland Charge,AWAY,L,116,138,180000.0,280900.0,0.0,1,1,1,4,4,0,0,4,123.04,116.97,0.0,0.0,116.97,240.01,0.487355,0,0.0,225000.0,315900.0,0.0,1,1,1,5,5,0,1,82.41,130.04,0.0,27.53
2026-03-14|Cleveland Charge|Santa Cruz Warriors,Santa Cruz Warriors,43,@ Cleveland Charge - 2026-03-14 - L 100-130,2026-03-14,Cleveland Charge,AWAY,L,100,130,180000.0,280900.0,0.0,1,1,1,4,4,0,0,4,121.67,118.34,0.0,0.0,118.34,240.01,0.493063,0,0.0,270000.0,401200.0,0.0,1,1,1,6,6,0,1,89.12,125.74,0.0,25.15
2026-03-17|Capital City Go-Go|Santa Cruz Warriors,Santa Cruz Warriors,44,@ Capital City Go-Go - 2026-03-17 - L 130-137,2026-03-17,Capital City Go-Go,AWAY,L,130,137,180000.0,280900.0,232918.0,1,1,1,4,4,1,0,5,98.75,104.96,36.3,0.0,141.26,240.01,0.588559,0,0.0,270000.0,157950.0,0.0,1,1,1,6,3,0,0,155.68,84.31,0.0,0.0
2026-03-19|Rio Grande Valley Vipers|Santa Cruz Warriors,Santa Cruz Warriors,45,VS Rio Grande Valley Vipers - 2026-03-19 - L 99-108,2026-03-19,Rio Grande Valley Vipers,HOME,L,99,108,225000.0,280900.0,0.0,1,1,1,5,4,0,0,4,124.03,115.97,0.0,0.0,115.97,240.0,0.483208,0,0.0,180000.0,215600.0,0.0,1,1,1,4,4,0,0,121.82,118.18,0.0,0.0
2026-03-21|Rio Grande Valley Vipers|Santa Cruz Warriors,Santa Cruz Warriors,46,VS Rio Grande Valley Vipers - 2026-03-21 - W 123-115,2026-03-21,Rio Grande Valley Vipers,HOME,W,123,115,225000.0,280900.0,0.0,1,1,1,5,4,0,0,4,124.22,115.78,0.0,0.0,115.78,240.0,0.482417,0,0.0,180000.0,215600.0,0.0,1,1,1,4,4,0,0,122.3,117.73,0.0,0.0
2026-03-22|Santa Cruz Warriors|Stockton Kings,Santa Cruz Warriors,47,@ Stockton Kings - 2026-03-22 - L 103-121,2026-03-22,Stockton Kings,AWAY,L,103,121,225000.0,280900.0,0.0,1,1,1,5,4,0,0,4,137.5,102.5,0.0,0.0,102.5,240.0,0.427083,0,0.0,180000.0,426200.0,0.0,1,1,1,4,6,0,0,72.71,167.29,0.0,0.0
2026-03-24|Salt Lake City Stars|Santa Cruz Warriors,Santa Cruz Warriors,48,@ Salt Lake City Stars - 2026-03-24 - L 119-131,2026-03-24,Salt Lake City Stars,AWAY,L,119,131,225000.0,280900.0,0.0,1,1,1,5,4,0,0,4,125.25,114.76,0.0,0.0,114.76,240.01,0.478147,0,0.0,180000.0,426500.0,0.0,1,1,1,4,5,0,0,101.86,138.13,0.0,0.0
2026-03-27|Santa Cruz Warriors|Texas Legends,Santa Cruz Warriors,49,VS Texas Legends - 2026-03-27 - L 106-112,2026-03-27,Texas Legends,HOME,L,106,112,225000.0,195600.0,0.0,1,1,1,5,3,0,0,3,145.66,94.33,0.0,0.0,94.33,239.99,0.393058,0,0.0,90000.0,381200.0,318218.0,1,1,1,2,5,2,0,36.4,135.69,67.9,0.0
2026-03-28|Santa Cruz Warriors|Texas Legends,Santa Cruz Warriors,50,VS Texas Legends - 2026-03-28 - L 116-134,2026-03-28,Texas Legends,HOME,L,116,134,270000.0,195600.0,0.0,1,1,1,6,3,0,0,3,164.64,75.37,0.0,0.0,75.37,240.01,0.314029,0,0.0,180000.0,381200.0,318218.0,1,1,1,4,5,2,0,51.03,120.31,68.66,0.0
2025-11-07|Motor City Cruise|Sioux Falls Skyforce,Sioux Falls Skyforce,1,@ Motor City Cruise - 2025-11-07 - L 114-137,2025-11-07,Motor City Cruise,AWAY,L,114,137,180000.0,511800.0,170600.0,1,1,1,4,6,2,0,8,33.18,154.07,52.77,0.0,206.84,240.02,0.861762,0,0.0,135000.0,285600.0,232918.0,1,1,1,3,5,1,0,71.7,144.2,24.1,0.0
2025-11-08|Motor City Cruise|Sioux Falls Skyforce,Sioux Falls Skyforce,2,@ Motor City Cruise - 2025-11-08 - W 137-118,2025-11-08,Motor City Cruise,AWAY,W,137,118,135000.0,511800.0,170600.0,1,1,1,3,6,2,0,8,30.3,148.42,61.29,0.0,209.71,240.01,0.873755,0,0.0,180000.0,200300.0,85300.0,1,1,1,4,4,1,0,106.09,116.53,17.38,0.0
2025-11-12|Noblesville Boom|Sioux Falls Skyforce,Sioux Falls Skyforce,3,VS Noblesville Boom - 2025-11-12 - W 134-124,2025-11-12,Noblesville Boom,HOME,W,134,124,90000.0,511800.0,170600.0,1,1,1,2,6,2,0,8,19.79,151.01,69.21,0.0,220.22,240.01,0.917545,0,0.0,135000.0,426500.0,0.0,1,1,1,3,5,0,0,83.2,156.8,0.0,0.0
2025-11-14|Noblesville Boom|Sioux Falls Skyforce,Sioux Falls Skyforce,4,VS Noblesville Boom - 2025-11-14 - W 132-123,2025-11-14,Noblesville Boom,HOME,W,132,123,90000.0,511800.0,170600.0,1,1,1,2,6,2,0,8,30.1,139.8,70.1,0.0,209.9,240.0,0.874583,0,0.0,135000.0,426500.0,0.0,1,1,1,3,5,0,0,70.62,169.38,0.0,0.0
2025-11-16|Sioux Falls Skyforce|Windy City Bulls,Sioux Falls Skyforce,5,@ Windy City Bulls - 2025-11-16 - L 112-152,2025-11-16,Windy City Bulls,AWAY,L,112,152,180000.0,511800.0,85300.0,1,1,1,4,6,1,1,8,48.45,144.71,25.02,21.82,191.55,240.0,0.798125,0,0.0,180000.0,511800.0,403517.0,1,1,1,4,6,3,0,47.72,113.77,78.52,0.0
2025-11-18|Cleveland Charge|Sioux Falls Skyforce,Sioux Falls Skyforce,6,VS Cleveland Charge - 2025-11-18 - L 137-139,2025-11-18,Cleveland Charge,HOME,L,137,139,45000.0,511800.0,85300.0,1,1,1,1,6,1,1,8,22.35,177.45,22.83,17.38,217.66,240.01,0.906879,0,0.0,45000.0,561800.0,382917.0,1,1,1,1,7,2,0,12.15,173.89,53.97,0.0
2025-11-21|Sioux Falls Skyforce|Wisconsin Herd,Sioux Falls Skyforce,7,@ Wisconsin Herd - 2025-11-21 - W 135-121,2025-11-21,Wisconsin Herd,AWAY,W,135,121,45000.0,511800.0,85300.0,1,1,1,1,6,1,1,8,23.58,166.83,26.0,23.58,216.41,239.99,0.901746,0,0.0,180000.0,210600.0,403518.0,1,1,1,4,3,3,0,78.32,70.27,91.44,0.0
2025-11-22|Sioux Falls Skyforce|Wisconsin Herd,Sioux Falls Skyforce,8,@ Wisconsin Herd - 2025-11-22 - W 101-98,2025-11-22,Wisconsin Herd,AWAY,W,101,98,90000.0,511800.0,85300.0,1,1,1,2,6,1,1,8,26.24,166.25,19.72,27.83,213.8,240.04,0.890685,0,0.0,225000.0,210600.0,85300.0,1,1,1,5,3,1,1,93.93,101.8,16.3,27.97
2025-11-26|Sioux Falls Skyforce|Windy City Bulls,Sioux Falls Skyforce,9,@ Windy City Bulls - 2025-11-26 - W 129-122,2025-11-26,Windy City Bulls,AWAY,W,129,122,135000.0,341200.0,85300.0,1,1,1,3,4,1,1,6,61.01,116.67,33.33,29.0,179.0,240.01,0.745802,0,0.0,45000.0,426500.0,403517.0,1,1,1,1,5,3,1,12.05,113.29,83.68,30.97
2025-11-29|Grand Rapids Gold|Sioux Falls Skyforce,Sioux Falls Skyforce,10,VS Grand Rapids Gold - 2025-11-29 - W 140-130,2025-11-29,Grand Rapids Gold,HOME,W,140,130,45000.0,426500.0,255900.0,1,1,1,1,5,3,1,9,2.9,115.8,90.62,30.68,237.1,240.0,0.987917,0,0.0,90000.0,417970.0,232918.0,1,1,1,2,6,1,0,42.15,168.86,29.0,0.0
2025-11-30|Grand Rapids Gold|Sioux Falls Skyforce,Sioux Falls Skyforce,11,VS Grand Rapids Gold - 2025-11-30 - L 115-126,2025-11-30,Grand Rapids Gold,HOME,L,115,126,90000.0,426500.0,255900.0,1,1,1,2,5,3,2,10,15.04,79.58,93.65,51.73,224.96,240.0,0.937333,0,0.0,45000.0,417970.0,232918.0,1,1,1,1,6,1,0,40.07,164.7,35.25,0.0
2025-12-06|Iowa Wolves|Sioux Falls Skyforce,Sioux Falls Skyforce,12,VS Iowa Wolves - 2025-12-06 - W 133-121,2025-12-06,Iowa Wolves,HOME,W,133,121,45000.0,341200.0,170600.0,1,1,1,1,4,2,2,8,13.22,99.27,56.53,70.98,226.78,240.0,0.944917,0,0.0,90000.0,366200.0,551136.0,1,1,1,2,5,3,0,29.58,126.96,83.46,0.0
2025-12-07|Iowa Wolves|Sioux Falls Skyforce,Sioux Falls Skyforce,13,VS Iowa Wolves - 2025-12-07 - L 110-115,2025-12-07,Iowa Wolves,HOME,L,110,115,135000.0,341200.0,85300.0,1,1,1,3,4,1,1,6,52.42,121.6,27.02,38.97,187.59,240.01,0.781592,0,0.0,90000.0,341200.0,551136.0,1,1,1,2,4,3,0,36.26,108.07,95.67,0.0
2025-12-13|Cleveland Charge|Sioux Falls Skyforce,Sioux Falls Skyforce,14,@ Cleveland Charge - 2025-12-13 - L 111-141,2025-12-13,Cleveland Charge,AWAY,L,111,141,180000.0,341200.0,0.0,1,1,1,4,4,0,1,5,89.31,119.55,0.0,31.13,150.68,239.99,0.627859,0,0.0,45000.0,571800.0,150000.0,1,1,1,1,8,1,0,26.2,190.67,23.12,0.0
2025-12-20|Sioux Falls Skyforce|South Bay Lakers,Sioux Falls Skyforce,15,VS South Bay Lakers - 2025-12-20 - L 106-130,2025-12-20,South Bay Lakers,HOME,L,106,130,135000.0,426500.0,85300.0,1,1,1,3,5,1,1,7,21.52,143.45,41.42,33.62,218.49,240.01,0.910337,0,0.0,0.0,411200.0,551136.0,1,1,1,0,6,3,1,0.0,122.54,82.23,35.23
2025-12-22|Capital City Go-Go|Sioux Falls Skyforce,Sioux Falls Skyforce,16,@ Capital City Go-Go - 2025-12-22 - W 116-103,2025-12-22,Capital City Go-Go,AWAY,W,116,103,90000.0,426500.0,85300.0,1,1,1,2,5,1,1,7,25.94,137.03,40.23,36.8,214.06,240.0,0.891917,0,0.0,135000.0,423850.0,232918.0,1,1,1,3,6,1,1,43.64,129.86,35.73,30.77
2025-12-27|San Diego Clippers|Sioux Falls Skyforce,Sioux Falls Skyforce,17,@ San Diego Clippers - 2025-12-27 - L 106-128,2025-12-27,San Diego Clippers,AWAY,L,106,128,135000.0,426500.0,170600.0,1,1,1,3,5,2,1,8,53.8,111.75,55.42,19.03,186.2,240.0,0.775833,0,0.0,135000.0,439150.0,0.0,1,1,1,3,6,0,0,56.68,183.31,0.0,0.0
2025-12-28|San Diego Clippers|Sioux Falls Skyforce,Sioux Falls Skyforce,18,@ San Diego Clippers - 2025-12-28 - W 101-98,2025-12-28,San Diego Clippers,AWAY,W,101,98,90000.0,426500.0,170600.0,1,1,1,2,5,2,1,8,30.0,115.06,56.84,38.12,210.02,240.02,0.87501,0,0.0,135000.0,353850.0,0.0,1,1,1,3,5,0,0,52.12,187.86,0.0,0.0
2025-12-31|Rio Grande Valley Vipers|Sioux Falls Skyforce,Sioux Falls Skyforce,19,VS Rio Grande Valley Vipers - 2025-12-31 - W 121-114,2025-12-31,Rio Grande Valley Vipers,HOME,W,121,114,90000.0,426500.0,170600.0,1,1,1,2,5,2,1,8,23.91,111.56,63.77,40.77,216.1,240.01,0.900379,0,0.0,180000.0,100300.0,318218.0,1,1,1,4,2,2,0,96.35,63.93,79.71,0.0
2026-01-03|Iowa Wolves|Sioux Falls Skyforce,Sioux Falls Skyforce,20,@ Iowa Wolves - 2026-01-03 - W 120-114,2026-01-03,Iowa Wolves,AWAY,W,120,114,45000.0,341200.0,170600.0,1,1,1,1,4,2,2,8,5.98,95.23,68.93,69.85,234.01,239.99,0.975082,0,0.0,135000.0,330900.0,465836.0,1,1,1,3,5,2,0,74.89,108.14,56.98,0.0
2026-01-04|Iowa Wolves|Sioux Falls Skyforce,Sioux Falls Skyforce,21,@ Iowa Wolves - 2026-01-04 - L 110-120,2026-01-04,Iowa Wolves,AWAY,L,110,120,45000.0,341200.0,170600.0,1,1,1,1,4,2,2,8,11.7,82.76,69.59,75.95,228.3,240.0,0.95125,0,0.0,135000.0,330900.0,232918.0,1,1,1,3,5,1,0,84.0,123.09,32.92,0.0
2026-01-09|Rip City Remix|Sioux Falls Skyforce,Sioux Falls Skyforce,22,VS Rip City Remix - 2026-01-09 - W 136-128,2026-01-09,Rip City Remix,HOME,W,136,128,45000.0,426500.0,170600.0,1,1,1,1,5,2,1,8,10.03,126.93,63.88,39.15,229.96,239.99,0.958207,0,0.0,225000.0,341200.0,0.0,1,1,1,5,4,0,0,119.7,120.3,0.0,0.0
2026-01-11|Rip City Remix|Sioux Falls Skyforce,Sioux Falls Skyforce,23,VS Rip City Remix - 2026-01-11 - L 98-117,2026-01-11,Rip City Remix,HOME,L,98,117,45000.0,426500.0,170600.0,1,1,1,1,5,2,1,8,12.42,125.68,65.54,36.37,227.59,240.01,0.948252,0,0.0,225000.0,255900.0,0.0,1,1,1,5,3,0,0,142.08,97.92,0.0,0.0
2026-01-13|Memphis Hustle|Sioux Falls Skyforce,Sioux Falls Skyforce,24,@ Memphis Hustle - 2026-01-13 - W 119-107,2026-01-13,Memphis Hustle,AWAY,W,119,107,45000.0,426500.0,255900.0,1,1,1,1,5,3,1,9,2.52,112.26,86.19,39.02,237.47,239.99,0.9895,0,0.0,180000.0,341200.0,0.0,1,1,1,4,4,0,0,113.61,126.41,0.0,0.0
2026-01-17|Salt Lake City Stars|Sioux Falls Skyforce,Sioux Falls Skyforce,25,VS Salt Lake City Stars - 2026-01-17 - W 122-110,2026-01-17,Salt Lake City Stars,HOME,W,122,110,180000.0,426500.0,170600.0,1,1,1,4,5,2,1,8,15.84,127.69,63.86,32.62,224.17,240.01,0.934003,0,0.0,90000.0,511800.0,465836.0,1,1,1,2,6,2,0,42.17,143.98,53.87,0.0
2026-01-18|Salt Lake City Stars|Sioux Falls Skyforce,Sioux Falls Skyforce,26,VS Salt Lake City Stars - 2026-01-18 - L 108-115,2026-01-18,Salt Lake City Stars,HOME,L,108,115,90000.0,426500.0,170600.0,1,1,1,2,5,2,1,8,6.58,140.34,66.55,26.53,233.42,240.0,0.972583,0,0.0,90000.0,426500.0,465836.0,1,1,1,2,5,2,0,46.95,133.18,59.87,0.0
2026-01-21|Long Island Nets|Sioux Falls Skyforce,Sioux Falls Skyforce,27,VS Long Island Nets - 2026-01-21 - W 119-110,2026-01-21,Long Island Nets,HOME,W,119,110,135000.0,426500.0,170600.0,1,1,1,3,5,2,0,7,32.85,145.51,61.64,0.0,207.15,240.0,0.863125,0,0.0,90000.0,368550.0,320600.0,1,1,1,2,6,3,1,32.73,98.22,85.76,23.3
2026-01-23|Santa Cruz Warriors|Sioux Falls Skyforce,Sioux Falls Skyforce,28,@ Santa Cruz Warriors - 2026-01-23 - L 103-110,2026-01-23,Santa Cruz Warriors,AWAY,L,103,110,90000.0,426500.0,170600.0,1,1,1,2,5,2,0,7,39.63,129.76,70.62,0.0,200.38,240.01,0.834882,0,0.0,180000.0,280900.0,170600.0,1,1,1,4,4,2,0,87.98,78.28,73.72,0.0
2026-01-24|Santa Cruz Warriors|Sioux Falls Skyforce,Sioux Falls Skyforce,29,@ Santa Cruz Warriors - 2026-01-24 - W 117-103,2026-01-24,Santa Cruz Warriors,AWAY,W,117,103,90000.0,426500.0,170600.0,1,1,1,2,5,2,0,7,25.05,155.4,59.55,0.0,214.95,240.0,0.895625,0,0.0,180000.0,195600.0,170600.0,1,1,1,4,3,2,0,115.1,51.46,73.44,0.0
2026-01-28|Birmingham Squadron|Sioux Falls Skyforce,Sioux Falls Skyforce,30,@ Birmingham Squadron - 2026-01-28 - L 97-115,2026-01-28,Birmingham Squadron,AWAY,L,97,115,90000.0,426500.0,170600.0,1,1,1,2,5,2,0,7,32.62,137.81,69.57,0.0,207.38,240.0,0.864083,0,0.0,90000.0,355900.0,465836.0,1,1,1,2,5,2,0,56.31,115.36,68.33,0.0
2026-01-31|Sioux Falls Skyforce|Texas Legends,Sioux Falls Skyforce,31,@ Texas Legends - 2026-01-31 - L 95-105,2026-01-31,Texas Legends,AWAY,L,95,105,135000.0,426500.0,0.0,1,1,1,3,5,0,0,5,61.71,178.29,0.0,0.0,178.29,240.0,0.742875,0,0.0,180000.0,381200.0,85300.0,1,1,1,4,5,1,0,60.06,144.38,35.57,0.0
2026-02-01|Sioux Falls Skyforce|Texas Legends,Sioux Falls Skyforce,32,@ Texas Legends - 2026-02-01 - W 125-109,2026-02-01,Texas Legends,AWAY,W,125,109,90000.0,426500.0,0.0,1,1,1,2,5,0,1,6,41.52,173.83,0.0,24.65,198.48,240.0,0.827,0,0.0,180000.0,381200.0,85300.0,1,1,1,4,5,1,0,75.34,128.86,35.8,0.0
2026-02-04|Maine Celtics|Sioux Falls Skyforce,Sioux Falls Skyforce,33,VS Maine Celtics - 2026-02-04 - L 116-117,2026-02-04,Maine Celtics,HOME,L,116,117,135000.0,426500.0,0.0,1,1,1,3,5,0,1,6,72.71,179.38,0.0,16.67,196.05,268.76,0.729461,0,0.0,135000.0,330600.0,232918.0,1,1,1,3,5,1,0,70.91,158.69,39.13,0.0
2026-02-06|Maine Celtics|Sioux Falls Skyforce,Sioux Falls Skyforce,34,VS Maine Celtics - 2026-02-06 - W 134-112,2026-02-06,Maine Celtics,HOME,W,134,112,180000.0,426500.0,0.0,1,1,1,4,5,0,1,6,70.17,142.19,0.0,27.63,169.82,239.99,0.707613,0,0.0,135000.0,185300.0,85300.0,1,1,1,3,3,1,0,84.99,115.79,39.23,0.0
2026-02-09|Oklahoma City Blue|Sioux Falls Skyforce,Sioux Falls Skyforce,35,@ Oklahoma City Blue - 2026-02-09 - L 135-137,2026-02-09,Oklahoma City Blue,AWAY,L,135,137,90000.0,426500.0,85300.0,1,1,1,2,5,1,2,8,31.5,134.06,19.13,69.63,222.82,254.32,0.87614,0,0.0,180000.0,255900.0,318218.0,1,1,1,4,3,2,1,108.19,58.1,71.75,16.3
2026-02-10|Oklahoma City Blue|Sioux Falls Skyforce,Sioux Falls Skyforce,36,@ Oklahoma City Blue - 2026-02-10 - L 118-127,2026-02-10,Oklahoma City Blue,AWAY,L,118,127,135000.0,426500.0,85300.0,1,1,1,3,5,1,2,8,38.55,114.38,16.62,70.45,201.45,240.0,0.839375,0,0.0,225000.0,255900.0,318218.0,1,1,1,5,3,2,1,97.9,58.53,64.02,19.55
2026-02-19|Rio Grande Valley Vipers|Sioux Falls Skyforce,Sioux Falls Skyforce,37,VS Rio Grande Valley Vipers - 2026-02-19 - W 123-106,2026-02-19,Rio Grande Valley Vipers,HOME,W,123,106,180000.0,341200.0,0.0,1,1,1,4,4,0,1,5,78.47,123.67,0.0,37.87,161.54,240.01,0.673055,0,0.0,180000.0,130300.0,85300.0,1,1,1,4,3,1,0,113.32,97.0,29.68,0.0
2026-02-20|Sioux Falls Skyforce|Valley Suns,Sioux Falls Skyforce,38,VS Valley Suns - 2026-02-20 - L 110-116,2026-02-20,Valley Suns,HOME,L,110,116,135000.0,341200.0,170600.0,1,1,1,3,4,2,1,7,42.7,108.15,53.15,36.0,197.3,240.0,0.822083,0,0.0,135000.0,341200.0,232918.0,1,1,1,3,4,1,2,25.85,112.7,38.67,62.79
2026-02-22|Sioux Falls Skyforce|Valley Suns,Sioux Falls Skyforce,39,VS Valley Suns - 2026-02-22 - W 141-115,2026-02-22,Valley Suns,HOME,W,141,115,180000.0,341200.0,170600.0,1,1,1,4,4,2,1,7,65.24,95.91,47.63,31.22,174.76,240.0,0.728167,0,0.0,135000.0,446500.0,0.0,1,1,1,3,6,0,0,75.9,164.09,0.0,0.0
2026-03-01|Osceola Magic|Sioux Falls Skyforce,Sioux Falls Skyforce,40,@ Osceola Magic - 2026-03-01 - W 123-108,2026-03-01,Osceola Magic,AWAY,W,123,108,180000.0,341200.0,0.0,1,1,1,4,4,0,1,5,76.13,124.39,0.0,39.48,163.87,240.0,0.682792,0,0.0,90000.0,511800.0,85300.0,1,1,1,2,6,1,0,35.25,174.71,30.03,0.0
2026-03-03|Osceola Magic|Sioux Falls Skyforce,Sioux Falls Skyforce,41,@ Osceola Magic - 2026-03-03 - L 106-113,2026-03-03,Osceola Magic,AWAY,L,106,113,45000.0,426500.0,85300.0,1,1,1,1,5,1,2,8,31.4,124.38,20.35,71.97,216.7,248.1,0.873438,0,0.0,90000.0,511800.0,85300.0,1,1,1,2,6,1,0,48.07,182.56,17.47,0.0
2026-03-05|Memphis Hustle|Sioux Falls Skyforce,Sioux Falls Skyforce,42,@ Memphis Hustle - 2026-03-05 - W 119-82,2026-03-05,Memphis Hustle,AWAY,W,119,82,225000.0,341200.0,85300.0,1,1,1,5,4,1,2,7,77.67,88.48,20.73,53.12,162.33,240.0,0.676375,0,0.0,180000.0,255900.0,318218.0,1,1,1,4,3,2,0,111.57,78.59,49.85,0.0
2026-03-07|Austin Spurs|Sioux Falls Skyforce,Sioux Falls Skyforce,43,VS Austin Spurs - 2026-03-07 - W 116-109,2026-03-07,Austin Spurs,HOME,W,116,109,135000.0,255900.0,85300.0,1,1,1,3,3,1,2,6,57.78,82.46,35.57,64.17,182.2,239.98,0.75923,0,0.0,180000.0,185600.0,403518.0,1,1,1,4,3,3,0,62.91,84.95,92.15,0.0
2026-03-08|Austin Spurs|Sioux Falls Skyforce,Sioux Falls Skyforce,44,VS Austin Spurs - 2026-03-08 - L 118-119,2026-03-08,Austin Spurs,HOME,L,118,119,135000.0,255900.0,85300.0,1,1,1,3,3,1,2,6,54.1,79.73,36.73,69.43,185.89,239.99,0.774574,0,0.0,135000.0,185600.0,403518.0,1,1,1,3,3,3,0,57.54,92.45,90.01,0.0
2026-03-11|Sioux Falls Skyforce|Stockton Kings,Sioux Falls Skyforce,45,VS Stockton Kings - 2026-03-11 - W 120-118,2026-03-11,Stockton Kings,HOME,W,120,118,225000.0,255900.0,85300.0,1,1,1,5,3,1,1,5,89.67,77.77,35.43,37.13,150.33,240.0,0.626375,0,0.0,180000.0,340900.0,0.0,1,1,1,4,5,0,0,64.97,175.03,0.0,0.0
2026-03-13|Sioux Falls Skyforce|Stockton Kings,Sioux Falls Skyforce,46,VS Stockton Kings - 2026-03-13 - L 121-123,2026-03-13,Stockton Kings,HOME,L,121,123,180000.0,255900.0,85300.0,1,1,1,4,3,1,1,5,86.17,85.2,40.82,40.93,166.95,253.12,0.659569,0,0.0,45000.0,426200.0,232918.0,1,1,1,1,6,1,0,30.82,186.81,35.45,0.0
2026-03-20|Mexico City Capitanes|Sioux Falls Skyforce,Sioux Falls Skyforce,47,VS Mexico City Capitanes - 2026-03-20 - W 131-89,2026-03-20,Mexico City Capitanes,HOME,W,131,89,270000.0,341200.0,170600.0,1,1,1,6,4,2,1,7,71.29,101.69,36.9,30.12,168.71,240.0,0.702958,0,0.0,495000.0,0.0,0.0,1,1,1,11,0,0,0,240.0,0.0,0.0,0.0
2026-03-21|Mexico City Capitanes|Sioux Falls Skyforce,Sioux Falls Skyforce,48,VS Mexico City Capitanes - 2026-03-21 - L 105-116,2026-03-21,Mexico City Capitanes,HOME,L,105,116,135000.0,341200.0,85300.0,1,1,1,3,4,1,1,6,65.32,110.06,26.77,37.85,174.68,240.0,0.727833,0,0.0,450000.0,0.0,0.0,1,1,1,10,0,0,0,240.01,0.0,0.0,0.0
2026-03-26|Sioux Falls Skyforce|South Bay Lakers,Sioux Falls Skyforce,49,@ South Bay Lakers - 2026-03-26 - L 114-137,2026-03-26,South Bay Lakers,AWAY,L,114,137,225000.0,341200.0,170600.0,1,1,1,5,4,2,1,7,40.86,105.07,58.88,35.2,199.15,240.01,0.829757,0,0.0,180000.0,255900.0,784054.0,1,1,1,4,3,4,2,29.11,62.91,110.98,37.0
2026-03-28|Sioux Falls Skyforce|South Bay Lakers,Sioux Falls Skyforce,50,@ South Bay Lakers - 2026-03-28 - L 132-140,2026-03-28,South Bay Lakers,AWAY,L,132,140,135000.0,341200.0,170600.0,1,1,1,3,4,2,1,7,37.7,91.5,72.35,38.45,202.3,240.0,0.842917,0,0.0,45000.0,255900.0,784054.0,1,1,1,1,3,4,1,18.25,72.66,116.46,32.63
2025-11-08|South Bay Lakers|Valley Suns,South Bay Lakers,1,VS Valley Suns - 2025-11-08 - W 144-105,2025-11-08,Valley Suns,HOME,W,144,105,135000.0,411200.0,85300.0,1,1,1,3,6,1,0,7,61.98,146.75,31.27,0.0,178.02,240.0,0.74175,0,0.0,180000.0,466500.0,232918.0,1,1,1,4,7,1,0,36.88,169.61,33.53,0.0
2025-11-09|South Bay Lakers|Valley Suns,South Bay Lakers,2,VS Valley Suns - 2025-11-09 - W 123-113,2025-11-09,Valley Suns,HOME,W,123,113,135000.0,325900.0,85300.0,1,1,1,3,5,1,0,6,65.79,134.24,39.98,0.0,174.22,240.01,0.725886,0,0.0,90000.0,381200.0,232918.0,1,1,1,2,6,1,0,38.83,162.57,38.6,0.0
2025-11-16|Rip City Remix|South Bay Lakers,South Bay Lakers,3,VS Rip City Remix - 2025-11-16 - W 113-111,2025-11-16,Rip City Remix,HOME,W,113,111,90000.0,411200.0,85300.0,1,1,1,2,6,1,1,8,40.97,140.11,30.77,28.17,199.05,240.02,0.829306,0,0.0,180000.0,341200.0,232917.0,1,1,1,4,4,1,1,81.77,102.4,26.12,29.72
2025-11-18|Salt Lake City Stars|South Bay Lakers,South Bay Lakers,4,@ Salt Lake City Stars - 2025-11-18 - L 126-132,2025-11-18,Salt Lake City Stars,AWAY,L,126,132,90000.0,411200.0,85300.0,1,1,1,2,6,1,1,8,43.65,135.28,31.75,29.32,196.35,240.0,0.818125,0,0.0,90000.0,426500.0,465836.0,1,1,1,2,5,2,0,55.8,132.31,51.88,0.0
2025-11-21|Santa Cruz Warriors|South Bay Lakers,South Bay Lakers,5,VS Santa Cruz Warriors - 2025-11-21 - W 115-95,2025-11-21,Santa Cruz Warriors,HOME,W,115,95,45000.0,200600.0,784054.0,1,1,1,1,3,4,1,8,35.42,68.11,117.15,19.32,204.58,240.0,0.852417,0,0.0,225000.0,110300.0,395718.0,1,1,1,5,2,3,0,113.14,48.0,78.87,0.0
2025-11-23|Santa Cruz Warriors|South Bay Lakers,South Bay Lakers,6,VS Santa Cruz Warriors - 2025-11-23 - W 108-105,2025-11-23,Santa Cruz Warriors,HOME,W,108,105,45000.0,285900.0,784054.0,1,1,1,1,4,4,1,9,30.48,66.82,123.0,19.7,209.52,240.0,0.873,0,0.0,225000.0,110300.0,162800.0,1,1,1,5,2,2,0,126.91,44.2,68.9,0.0
2025-11-29|San Diego Clippers|South Bay Lakers,South Bay Lakers,7,@ San Diego Clippers - 2025-11-29 - L 113-124,2025-11-29,San Diego Clippers,AWAY,L,113,124,45000.0,411200.0,318218.0,1,1,1,1,6,2,0,8,6.6,163.26,70.15,0.0,233.41,240.01,0.972501,0,0.0,180000.0,439150.0,0.0,1,1,1,4,6,0,0,67.19,172.83,0.0,0.0
2025-11-30|San Diego Clippers|South Bay Lakers,South Bay Lakers,8,@ San Diego Clippers - 2025-11-30 - L 107-108,2025-11-30,San Diego Clippers,AWAY,L,107,108,90000.0,411200.0,318218.0,1,1,1,2,6,2,0,8,14.5,165.97,59.53,0.0,225.5,240.0,0.939583,0,0.0,135000.0,439150.0,0.0,1,1,1,3,6,0,1,50.01,161.01,0.0,28.98
2025-12-02|Salt Lake City Stars|South Bay Lakers,South Bay Lakers,9,@ Salt Lake City Stars - 2025-12-02 - L 105-136,2025-12-02,Salt Lake City Stars,AWAY,L,105,136,90000.0,496500.0,85300.0,1,1,1,2,7,1,0,8,55.36,151.61,33.02,0.0,184.63,239.99,0.769324,0,0.0,90000.0,511800.0,551136.0,1,1,1,2,6,3,2,4.44,117.36,71.41,46.78
2025-12-07|Rip City Remix|South Bay Lakers,South Bay Lakers,10,@ Rip City Remix - 2025-12-07 - W 141-130,2025-12-07,Rip City Remix,AWAY,W,141,130,45000.0,496500.0,85300.0,1,1,1,1,7,1,1,9,24.22,152.75,30.43,32.62,215.8,240.02,0.899092,0,0.0,225000.0,341200.0,0.0,1,1,1,5,4,0,0,126.53,113.49,0.0,0.0
2025-12-09|South Bay Lakers|Stockton Kings,South Bay Lakers,11,@ Stockton Kings - 2025-12-09 - L 99-112,2025-12-09,Stockton Kings,AWAY,L,99,112,45000.0,411200.0,85300.0,1,1,1,1,6,1,1,8,23.33,154.55,26.37,35.75,216.67,240.0,0.902792,0,0.0,0.0,341200.0,540836.0,1,1,1,0,4,3,2,0.0,73.48,101.93,64.58
2025-12-10|South Bay Lakers|Stockton Kings,South Bay Lakers,12,@ Stockton Kings - 2025-12-10 - L 98-110,2025-12-10,Stockton Kings,AWAY,L,98,110,90000.0,411200.0,0.0,1,1,1,2,6,0,1,7,49.23,153.26,0.0,37.5,190.76,239.99,0.794866,0,0.0,0.0,391200.0,540836.0,1,1,1,0,5,3,1,0.0,112.37,97.55,30.08
2025-12-13|Rip City Remix|South Bay Lakers,South Bay Lakers,13,VS Rip City Remix - 2025-12-13 - L 116-122,2025-12-13,Rip City Remix,HOME,L,116,122,0.0,411200.0,551136.0,1,1,1,0,6,3,1,10,0.0,112.78,96.8,30.42,240.0,240.0,1.0,0,0.0,225000.0,341200.0,0.0,1,1,1,5,4,0,0,140.32,99.68,0.0,0.0
2025-12-16|San Diego Clippers|South Bay Lakers,South Bay Lakers,14,VS San Diego Clippers - 2025-12-16 - W 127-118,2025-12-16,San Diego Clippers,HOME,W,127,118,0.0,255900.0,784054.0,1,1,1,0,3,4,3,10,0.0,41.0,112.6,86.4,240.0,240.0,1.0,0,0.0,45000.0,524450.0,232918.0,1,1,1,1,7,1,2,14.03,138.36,35.6,52.0
2025-12-20|Sioux Falls Skyforce|South Bay Lakers,South Bay Lakers,15,@ Sioux Falls Skyforce - 2025-12-20 - W 130-106,2025-12-20,Sioux Falls Skyforce,AWAY,W,130,106,0.0,411200.0,551136.0,1,1,1,0,6,3,1,10,0.0,122.54,82.23,35.23,240.0,240.0,1.0,0,0.0,135000.0,426500.0,85300.0,1,1,1,3,5,1,1,21.52,143.45,41.42,33.62
2025-12-21|South Bay Lakers|Wisconsin Herd,South Bay Lakers,16,VS Wisconsin Herd - 2025-12-21 - W 131-119,2025-12-21,Wisconsin Herd,HOME,W,131,119,0.0,456500.0,551136.0,1,1,1,0,6,3,1,10,0.0,128.74,81.84,29.43,240.01,240.01,1.0,0,0.0,180000.0,250600.0,85300.0,1,1,1,4,4,1,1,100.2,93.45,10.58,35.77
2025-12-27|Oklahoma City Blue|South Bay Lakers,South Bay Lakers,17,@ Oklahoma City Blue - 2025-12-27 - L 123-124,2025-12-27,Oklahoma City Blue,AWAY,L,123,124,90000.0,456500.0,85300.0,1,1,1,2,6,1,1,8,22.03,167.12,25.33,39.25,231.7,253.73,0.913175,0,0.0,180000.0,255900.0,318218.0,1,1,1,4,3,2,0,114.91,92.77,46.08,0.0
2026-01-03|Memphis Hustle|South Bay Lakers,South Bay Lakers,18,VS Memphis Hustle - 2026-01-03 - W 125-121,2026-01-03,Memphis Hustle,HOME,W,125,121,0.0,456500.0,551136.0,1,1,1,0,6,3,1,10,0.0,121.83,90.59,38.75,251.17,251.17,1.0,0,0.0,180000.0,341200.0,503586.0,1,1,1,4,4,2,0,66.06,131.94,53.15,0.0
2026-01-06|Memphis Hustle|South Bay Lakers,South Bay Lakers,19,VS Memphis Hustle - 2026-01-06 - W 113-101,2026-01-06,Memphis Hustle,HOME,W,113,101,90000.0,456500.0,0.0,1,1,1,2,6,0,1,7,24.65,176.5,0.0,38.85,215.35,240.0,0.897292,0,0.0,180000.0,341200.0,270668.0,1,1,1,4,4,1,0,81.2,124.81,34.0,0.0
2026-01-09|Austin Spurs|South Bay Lakers,South Bay Lakers,20,@ Austin Spurs - 2026-01-09 - L 99-111,2026-01-09,Austin Spurs,AWAY,L,99,111,90000.0,456500.0,85300.0,1,1,1,2,6,1,1,8,7.43,166.37,24.83,41.37,232.57,240.0,0.969042,0,0.0,180000.0,170300.0,403518.0,1,1,1,4,3,3,1,51.17,56.18,104.09,28.57
2026-01-10|Austin Spurs|South Bay Lakers,South Bay Lakers,21,@ Austin Spurs - 2026-01-10 - L 106-107,2026-01-10,Austin Spurs,AWAY,L,106,107,45000.0,456500.0,85300.0,1,1,1,1,6,1,1,8,9.15,158.75,33.62,38.48,230.85,240.0,0.961875,0,0.0,180000.0,170300.0,403518.0,1,1,1,4,3,3,0,75.22,64.12,100.67,0.0
2026-01-14|San Diego Clippers|South Bay Lakers,South Bay Lakers,22,VS San Diego Clippers - 2026-01-14 - W 120-115,2026-01-14,San Diego Clippers,HOME,W,120,115,45000.0,456500.0,318218.0,1,1,1,1,6,2,1,9,16.88,141.14,56.87,25.12,223.13,240.01,0.92967,0,0.0,180000.0,301200.0,0.0,1,1,1,4,4,0,0,89.0,150.99,0.0,0.0
2026-01-17|Rio Grande Valley Vipers|South Bay Lakers,South Bay Lakers,23,@ Rio Grande Valley Vipers - 2026-01-17 - L 121-126,2026-01-17,Rio Grande Valley Vipers,AWAY,L,121,126,135000.0,456500.0,0.0,1,1,1,3,6,0,0,6,41.67,198.35,0.0,0.0,198.35,240.02,0.826389,0,0.0,180000.0,100300.0,318218.0,1,1,1,4,2,2,0,127.66,54.18,58.15,0.0
2026-01-20|Rio Grande Valley Vipers|South Bay Lakers,South Bay Lakers,24,@ Rio Grande Valley Vipers - 2026-01-20 - L 119-126,2026-01-20,Rio Grande Valley Vipers,AWAY,L,119,126,135000.0,456500.0,85300.0,1,1,1,3,6,1,0,7,62.86,159.16,17.98,0.0,177.14,240.0,0.738083,0,0.0,180000.0,130300.0,318218.0,1,1,1,4,3,2,0,117.28,67.42,55.3,0.0
2026-01-22|Mexico City Capitanes|South Bay Lakers,South Bay Lakers,25,VS Mexico City Capitanes - 2026-01-22 - L 113-123,2026-01-22,Mexico City Capitanes,HOME,L,113,123,90000.0,456500.0,318218.0,1,1,1,2,6,2,0,8,25.36,143.14,71.49,0.0,214.63,239.99,0.894329,0,0.0,450000.0,0.0,0.0,1,1,1,10,0,0,0,240.0,0.0,0.0,0.0
2026-01-24|Mexico City Capitanes|South Bay Lakers,South Bay Lakers,26,VS Mexico City Capitanes - 2026-01-24 - W 125-95,2026-01-24,Mexico City Capitanes,HOME,W,125,95,90000.0,456500.0,85300.0,1,1,1,2,6,1,0,7,46.67,158.49,34.85,0.0,193.34,240.01,0.80555,0,0.0,495000.0,0.0,0.0,1,1,1,11,0,0,0,240.0,0.0,0.0,0.0
2026-01-27|College Park Skyhawks|South Bay Lakers,South Bay Lakers,27,VS College Park Skyhawks - 2026-01-27 - W 121-107,2026-01-27,College Park Skyhawks,HOME,W,121,107,45000.0,456500.0,85300.0,1,1,1,1,6,1,1,8,13.58,167.57,25.28,33.57,226.42,240.0,0.943417,0,0.0,225000.0,285900.0,85300.0,1,1,1,5,4,1,0,119.2,89.05,31.75,0.0
2026-01-29|Salt Lake City Stars|South Bay Lakers,South Bay Lakers,28,VS Salt Lake City Stars - 2026-01-29 - W 125-118,2026-01-29,Salt Lake City Stars,HOME,W,125,118,90000.0,456500.0,85300.0,1,1,1,2,6,1,1,8,20.12,157.09,29.17,33.63,219.89,240.01,0.91617,0,0.0,90000.0,511800.0,465836.0,1,1,1,2,6,2,0,38.24,142.8,58.97,0.0
2026-01-31|Salt Lake City Stars|South Bay Lakers,South Bay Lakers,29,VS Salt Lake City Stars - 2026-01-31 - W 146-104,2026-01-31,Salt Lake City Stars,HOME,W,146,104,90000.0,456500.0,85300.0,1,1,1,2,6,1,1,8,36.69,156.62,20.65,26.05,203.32,240.01,0.847131,0,0.0,135000.0,511800.0,465836.0,1,1,1,3,6,2,0,61.53,131.1,47.37,0.0
2026-02-02|Osceola Magic|South Bay Lakers,South Bay Lakers,30,@ Osceola Magic - 2026-02-02 - L 133-137,2026-02-02,Osceola Magic,AWAY,L,133,137,90000.0,456500.0,85300.0,1,1,1,2,6,1,1,8,36.55,148.5,17.75,37.2,203.45,240.0,0.847708,0,0.0,135000.0,486500.0,0.0,1,1,1,3,6,0,0,62.35,177.65,0.0,0.0
2026-02-04|Capital City Go-Go|South Bay Lakers,South Bay Lakers,31,@ Capital City Go-Go - 2026-02-04 - W 124-111,2026-02-04,Capital City Go-Go,AWAY,W,124,111,90000.0,456500.0,85300.0,1,1,1,2,6,1,1,8,28.53,139.79,31.4,40.27,211.46,239.99,0.88112,0,0.0,135000.0,413850.0,232918.0,1,1,1,3,6,1,0,50.12,168.06,21.82,0.0
2026-02-06|Capital City Go-Go|South Bay Lakers,South Bay Lakers,32,@ Capital City Go-Go - 2026-02-06 - L 114-115,2026-02-06,Capital City Go-Go,AWAY,L,114,115,90000.0,456500.0,85300.0,1,1,1,2,6,1,1,8,17.59,162.87,22.4,37.17,222.44,240.03,0.926717,0,0.0,135000.0,413850.0,0.0,1,1,1,3,6,0,0,63.03,176.98,0.0,0.0
2026-02-11|San Diego Clippers|South Bay Lakers,South Bay Lakers,33,VS San Diego Clippers - 2026-02-11 - W 128-116,2026-02-11,San Diego Clippers,HOME,W,128,116,45000.0,371200.0,784054.0,1,1,1,1,5,4,0,9,20.42,117.64,101.95,0.0,219.59,240.01,0.91492,0,0.0,180000.0,215900.0,0.0,1,1,1,4,3,0,1,106.24,106.24,0.0,27.52
2026-02-20|South Bay Lakers|Texas Legends,South Bay Lakers,34,@ Texas Legends - 2026-02-20 - W 127-105,2026-02-20,Texas Legends,AWAY,W,127,105,225000.0,341200.0,551136.0,1,1,1,5,4,3,1,8,47.64,95.85,75.68,20.82,192.35,239.99,0.801492,0,0.0,270000.0,210600.0,170600.0,1,1,1,6,3,2,0,92.15,87.13,60.71,0.0
2026-02-21|South Bay Lakers|Texas Legends,South Bay Lakers,35,@ Texas Legends - 2026-02-21 - W 104-99,2026-02-21,Texas Legends,AWAY,W,104,99,90000.0,341200.0,551136.0,1,1,1,2,4,3,0,7,41.76,100.21,98.02,0.0,198.23,239.99,0.825993,0,0.0,180000.0,210600.0,170600.0,1,1,1,4,3,2,0,86.81,87.38,65.8,0.0
2026-02-25|South Bay Lakers|Valley Suns,South Bay Lakers,36,@ Valley Suns - 2026-02-25 - W 113-99,2026-02-25,Valley Suns,AWAY,W,113,99,90000.0,255900.0,551136.0,1,1,1,2,3,3,1,7,36.32,96.49,83.01,24.18,203.68,240.0,0.848667,0,0.0,135000.0,361200.0,232918.0,1,1,1,3,5,1,0,73.5,128.52,37.98,0.0
2026-02-26|South Bay Lakers|Valley Suns,South Bay Lakers,37,@ Valley Suns - 2026-02-26 - W 129-98,2026-02-26,Valley Suns,AWAY,W,129,98,225000.0,255900.0,784054.0,1,1,1,5,3,4,0,7,82.78,66.42,90.79,0.0,157.21,239.99,0.655069,0,0.0,135000.0,361200.0,232918.0,1,1,1,3,5,1,0,74.13,132.38,33.48,0.0
2026-02-28|South Bay Lakers|Stockton Kings,South Bay Lakers,38,VS Stockton Kings - 2026-02-28 - W 115-100,2026-02-28,Stockton Kings,HOME,W,115,100,135000.0,255900.0,784054.0,1,1,1,3,3,4,1,8,52.52,58.39,113.27,15.83,187.49,240.01,0.781176,0,0.0,180000.0,283100.0,232918.0,1,1,1,4,5,1,0,87.78,129.15,23.07,0.0
2026-03-04|Oklahoma City Blue|South Bay Lakers,South Bay Lakers,39,@ Oklahoma City Blue - 2026-03-04 - W 129-120,2026-03-04,Oklahoma City Blue,AWAY,W,129,120,90000.0,285900.0,551136.0,1,1,1,2,4,3,0,7,43.56,98.15,98.29,0.0,196.44,240.0,0.8185,0,0.0,225000.0,170600.0,0.0,1,1,1,5,2,0,1,146.16,59.44,0.0,34.4
2026-03-06|Santa Cruz Warriors|South Bay Lakers,South Bay Lakers,40,@ Santa Cruz Warriors - 2026-03-06 - W 131-110,2026-03-06,Santa Cruz Warriors,AWAY,W,131,110,225000.0,285900.0,232918.0,1,1,1,5,4,1,0,5,94.11,111.65,34.23,0.0,145.88,239.99,0.607859,0,0.0,180000.0,391200.0,0.0,1,1,1,4,6,0,0,92.8,147.19,0.0,0.0
2026-03-08|Santa Cruz Warriors|South Bay Lakers,South Bay Lakers,41,@ Santa Cruz Warriors - 2026-03-08 - W 113-104,2026-03-08,Santa Cruz Warriors,AWAY,W,113,104,225000.0,255900.0,551136.0,1,1,1,5,3,3,1,7,57.14,80.61,74.06,28.2,182.87,240.01,0.761927,0,0.0,135000.0,366200.0,0.0,1,1,1,3,5,0,0,83.25,156.75,0.0,0.0
2026-03-11|Iowa Wolves|South Bay Lakers,South Bay Lakers,42,VS Iowa Wolves - 2026-03-11 - W 123-116,2026-03-11,Iowa Wolves,HOME,W,123,116,45000.0,255900.0,784054.0,1,1,1,1,3,4,2,9,28.62,48.31,114.39,48.68,211.38,240.0,0.88075,0,0.0,315000.0,170600.0,232918.0,1,1,1,7,2,1,0,140.74,69.48,29.78,0.0
2026-03-13|Iowa Wolves|South Bay Lakers,South Bay Lakers,43,VS Iowa Wolves - 2026-03-13 - W 125-106,2026-03-13,Iowa Wolves,HOME,W,125,106,90000.0,255900.0,551136.0,1,1,1,2,3,3,2,8,36.06,73.67,73.6,56.68,203.95,240.01,0.849756,0,0.0,270000.0,170600.0,232918.0,1,1,1,6,2,1,0,149.28,61.15,29.58,0.0
2026-03-15|Rip City Remix|South Bay Lakers,South Bay Lakers,44,@ Rip City Remix - 2026-03-15 - W 129-122,2026-03-15,Rip City Remix,AWAY,W,129,122,180000.0,255900.0,318218.0,1,1,1,4,3,2,0,5,74.25,107.21,58.55,0.0,165.76,240.01,0.690638,0,0.0,180000.0,255900.0,465834.0,1,1,1,4,3,2,1,78.72,58.7,67.27,35.32
2026-03-17|Rip City Remix|South Bay Lakers,South Bay Lakers,45,@ Rip City Remix - 2026-03-17 - L 126-133,2026-03-17,Rip City Remix,AWAY,L,126,133,225000.0,255900.0,318218.0,1,1,1,5,3,2,0,5,75.22,101.41,71.55,0.0,172.96,248.18,0.696914,0,0.0,180000.0,255900.0,551134.0,1,1,1,4,3,3,1,59.39,59.93,97.72,31.12
2026-03-20|Grand Rapids Gold|South Bay Lakers,South Bay Lakers,46,VS Grand Rapids Gold - 2026-03-20 - W 111-98,2026-03-20,Grand Rapids Gold,HOME,W,111,98,225000.0,285900.0,318218.0,1,1,1,5,4,2,0,6,81.12,123.77,35.11,0.0,158.88,240.0,0.662,0,0.0,225000.0,247370.0,232918.0,1,1,1,5,4,1,0,107.8,100.79,31.4,0.0
2026-03-21|Grand Rapids Gold|South Bay Lakers,South Bay Lakers,47,VS Grand Rapids Gold - 2026-03-21 - W 119-111,2026-03-21,Grand Rapids Gold,HOME,W,119,111,135000.0,285900.0,85300.0,1,1,1,3,4,1,2,7,52.38,106.0,24.17,57.45,187.62,240.0,0.78175,0,0.0,225000.0,247370.0,232918.0,1,1,1,5,4,1,0,105.12,100.95,33.93,0.0
2026-03-24|South Bay Lakers|Stockton Kings,South Bay Lakers,48,VS Stockton Kings - 2026-03-24 - L 114-115,2026-03-24,Stockton Kings,HOME,L,114,115,225000.0,285900.0,85300.0,1,1,1,5,4,1,0,5,95.21,110.03,34.75,0.0,144.78,239.99,0.603275,0,0.0,90000.0,426200.0,0.0,1,1,1,2,6,0,0,63.06,176.92,0.0,0.0
2026-03-26|Sioux Falls Skyforce|South Bay Lakers,South Bay Lakers,49,VS Sioux Falls Skyforce - 2026-03-26 - W 137-114,2026-03-26,Sioux Falls Skyforce,HOME,W,137,114,180000.0,255900.0,784054.0,1,1,1,4,3,4,2,9,29.11,62.91,110.98,37.0,210.89,240.0,0.878708,0,0.0,225000.0,341200.0,170600.0,1,1,1,5,4,2,1,40.86,105.07,58.88,35.2
2026-03-28|Sioux Falls Skyforce|South Bay Lakers,South Bay Lakers,50,VS Sioux Falls Skyforce - 2026-03-28 - W 140-132,2026-03-28,Sioux Falls Skyforce,HOME,W,140,132,45000.0,255900.0,784054.0,1,1,1,1,3,4,1,8,18.25,72.66,116.46,32.63,221.75,240.0,0.923958,0,0.0,135000.0,341200.0,170600.0,1,1,1,3,4,2,1,37.7,91.5,72.35,38.45
2025-11-08|San Diego Clippers|Stockton Kings,Stockton Kings,1,VS San Diego Clippers - 2025-11-08 - L 97-102,2025-11-08,San Diego Clippers,HOME,L,97,102,0.0,340900.0,540836.0,1,1,1,0,5,3,1,9,0.0,100.69,102.15,37.17,240.01,240.01,1.0,0,0.0,90000.0,524450.0,0.0,1,1,1,2,7,0,1,13.9,197.61,0.0,28.5
2025-11-09|San Diego Clippers|Stockton Kings,Stockton Kings,2,VS San Diego Clippers - 2025-11-09 - W 117-108,2025-11-09,San Diego Clippers,HOME,W,117,108,90000.0,368400.0,540836.0,1,1,1,2,6,3,0,9,19.39,122.31,98.32,0.0,220.63,240.02,0.919215,0,0.0,90000.0,524450.0,0.0,1,1,1,2,7,0,1,23.57,183.76,0.0,32.67
2025-11-14|Santa Cruz Warriors|Stockton Kings,Stockton Kings,3,@ Santa Cruz Warriors - 2025-11-14 - W 125-103,2025-11-14,Santa Cruz Warriors,AWAY,W,125,103,135000.0,453700.0,540836.0,1,1,1,3,7,3,0,10,24.05,130.98,84.97,0.0,215.95,240.0,0.899792,0,0.0,225000.0,110300.0,0.0,1,1,1,5,2,0,0,172.92,67.07,0.0,0.0
2025-11-15|Santa Cruz Warriors|Stockton Kings,Stockton Kings,4,@ Santa Cruz Warriors - 2025-11-15 - W 126-97,2025-11-15,Santa Cruz Warriors,AWAY,W,126,97,135000.0,453700.0,540836.0,1,1,1,3,7,3,0,10,10.7,141.25,88.05,0.0,229.3,240.0,0.955417,0,0.0,225000.0,110300.0,232918.0,1,1,1,5,2,1,0,165.13,55.15,19.72,0.0
2025-11-19|Stockton Kings|Valley Suns,Stockton Kings,5,VS Valley Suns - 2025-11-19 - W 125-117,2025-11-19,Valley Suns,HOME,W,125,117,0.0,368400.0,540836.0,1,1,1,0,6,3,0,9,0.0,139.39,100.59,0.0,239.98,239.98,1.0,0,0.0,135000.0,295900.0,232918.0,1,1,1,3,5,1,0,60.94,139.33,39.73,0.0
2025-11-20|Stockton Kings|Valley Suns,Stockton Kings,6,VS Valley Suns - 2025-11-20 - W 131-112,2025-11-20,Valley Suns,HOME,W,131,112,90000.0,368400.0,540836.0,1,1,1,2,6,3,0,9,14.0,131.57,94.44,0.0,226.01,240.01,0.941669,0,0.0,135000.0,381200.0,232918.0,1,1,1,3,6,1,0,70.02,134.62,35.37,0.0
2025-11-22|Salt Lake City Stars|Stockton Kings,Stockton Kings,7,@ Salt Lake City Stars - 2025-11-22 - L 132-139,2025-11-22,Salt Lake City Stars,AWAY,L,132,139,0.0,368400.0,540836.0,1,1,1,0,6,3,0,9,0.0,148.1,91.9,0.0,240.0,240.0,1.0,0,0.0,45000.0,255900.0,551136.0,1,1,1,1,3,3,2,34.03,77.42,78.39,50.17
2025-11-24|Salt Lake City Stars|Stockton Kings,Stockton Kings,8,@ Salt Lake City Stars - 2025-11-24 - L 122-149,2025-11-24,Salt Lake City Stars,AWAY,L,122,149,90000.0,283100.0,540836.0,1,1,1,2,5,3,0,8,31.35,118.93,89.71,0.0,208.64,239.99,0.86937,0,0.0,135000.0,426500.0,551136.0,1,1,1,3,5,3,1,28.07,96.28,88.66,26.98
2025-11-30|Stockton Kings|Valley Suns,Stockton Kings,9,@ Valley Suns - 2025-11-30 - W 123-105,2025-11-30,Valley Suns,AWAY,W,123,105,45000.0,340900.0,540836.0,1,1,1,1,5,3,0,8,0.07,131.43,108.5,0.0,239.93,240.0,0.999708,0,0.0,135000.0,255900.0,232918.0,1,1,1,3,3,1,2,67.19,78.28,39.05,55.49
2025-12-04|Salt Lake City Stars|Stockton Kings,Stockton Kings,10,VS Salt Lake City Stars - 2025-12-04 - L 118-132,2025-12-04,Salt Lake City Stars,HOME,L,118,132,45000.0,426200.0,540836.0,1,1,1,1,6,3,0,9,6.82,137.17,96.02,0.0,233.19,240.01,0.971585,0,0.0,45000.0,511800.0,318218.0,1,1,1,1,6,2,0,7.47,163.67,68.86,0.0
2025-12-09|South Bay Lakers|Stockton Kings,Stockton Kings,11,VS South Bay Lakers - 2025-12-09 - W 112-99,2025-12-09,South Bay Lakers,HOME,W,112,99,0.0,341200.0,540836.0,1,1,1,0,4,3,2,9,0.0,73.48,101.93,64.58,239.99,239.99,1.0,0,0.0,45000.0,411200.0,85300.0,1,1,1,1,6,1,1,23.33,154.55,26.37,35.75
2025-12-10|South Bay Lakers|Stockton Kings,Stockton Kings,12,VS South Bay Lakers - 2025-12-10 - W 110-98,2025-12-10,South Bay Lakers,HOME,W,110,98,0.0,391200.0,540836.0,1,1,1,0,5,3,1,9,0.0,112.37,97.55,30.08,240.0,240.0,1.0,0,0.0,90000.0,411200.0,0.0,1,1,1,2,6,0,1,49.23,153.26,0.0,37.5
2025-12-15|Rip City Remix|Stockton Kings,Stockton Kings,13,@ Rip City Remix - 2025-12-15 - L 110-116,2025-12-15,Rip City Remix,AWAY,L,110,116,0.0,453700.0,307918.0,1,1,1,0,7,2,0,9,0.0,171.8,68.2,0.0,240.0,240.0,1.0,0,0.0,135000.0,341200.0,232917.0,1,1,1,3,4,1,2,79.63,58.88,38.12,63.4
2025-12-16|Rip City Remix|Stockton Kings,Stockton Kings,14,@ Rip City Remix - 2025-12-16 - W 129-100,2025-12-16,Rip City Remix,AWAY,W,129,100,135000.0,426200.0,307918.0,1,1,1,3,6,2,1,9,8.08,130.95,68.07,32.9,231.92,240.0,0.966333,0,0.0,225000.0,341200.0,232917.0,1,1,1,5,4,1,2,85.26,74.0,25.43,55.3
2025-12-19|Austin Spurs|Stockton Kings,Stockton Kings,15,@ Austin Spurs - 2025-12-19 - W 119-117,2025-12-19,Austin Spurs,AWAY,W,119,117,45000.0,340900.0,307918.0,1,1,1,1,5,2,1,8,18.93,123.92,71.05,38.87,233.84,252.77,0.92511,0,0.0,180000.0,255600.0,403518.0,1,1,1,4,4,3,0,86.33,60.79,105.65,0.0
2025-12-21|Salt Lake City Stars|Stockton Kings,Stockton Kings,16,@ Salt Lake City Stars - 2025-12-21 - L 123-127,2025-12-21,Salt Lake City Stars,AWAY,L,123,127,45000.0,340900.0,307918.0,1,1,1,1,5,2,1,8,22.27,109.5,77.1,31.13,217.73,240.0,0.907208,0,0.0,90000.0,426500.0,551136.0,1,1,1,2,5,3,0,17.15,137.98,84.87,0.0
2025-12-27|Rip City Remix|Stockton Kings,Stockton Kings,17,VS Rip City Remix - 2025-12-27 - L 112-118,2025-12-27,Rip City Remix,HOME,L,112,118,90000.0,283100.0,307918.0,1,1,1,2,5,2,0,7,41.73,115.36,82.9,0.0,198.26,239.99,0.826118,0,0.0,225000.0,341200.0,0.0,1,1,1,5,4,0,0,131.79,108.22,0.0,0.0
2025-12-28|Rip City Remix|Stockton Kings,Stockton Kings,18,VS Rip City Remix - 2025-12-28 - W 120-101,2025-12-28,Rip City Remix,HOME,W,120,101,90000.0,255600.0,307918.0,1,1,1,2,4,2,0,6,48.72,120.25,71.03,0.0,191.28,240.0,0.797,0,0.0,225000.0,255900.0,232917.0,1,1,1,5,3,1,0,111.36,92.75,35.9,0.0
2026-01-03|Stockton Kings|Wisconsin Herd,Stockton Kings,19,VS Wisconsin Herd - 2026-01-03 - L 87-89,2026-01-03,Wisconsin Herd,HOME,L,87,89,90000.0,340900.0,540836.0,1,1,1,2,5,3,0,8,22.99,114.98,102.04,0.0,217.02,240.01,0.904212,0,0.0,135000.0,250600.0,318218.0,1,1,1,3,4,2,0,90.07,98.33,51.6,0.0
2026-01-05|Rio Grande Valley Vipers|Stockton Kings,Stockton Kings,20,VS Rio Grande Valley Vipers - 2026-01-05 - W 110-104,2026-01-05,Rio Grande Valley Vipers,HOME,W,110,104,90000.0,255600.0,540836.0,1,1,1,2,4,3,0,7,43.11,100.85,96.03,0.0,196.88,239.99,0.820368,0,0.0,180000.0,197950.0,232918.0,1,1,1,4,4,1,0,88.72,111.26,40.02,0.0
2026-01-07|Rio Grande Valley Vipers|Stockton Kings,Stockton Kings,21,VS Rio Grande Valley Vipers - 2026-01-07 - W 128-115,2026-01-07,Rio Grande Valley Vipers,HOME,W,128,115,135000.0,255600.0,307918.0,1,1,1,3,4,2,0,6,54.62,129.23,56.15,0.0,185.38,240.0,0.772417,0,0.0,225000.0,197950.0,85300.0,1,1,1,5,4,1,0,124.41,93.61,21.97,0.0
2026-01-09|Stockton Kings|Westchester Knicks,Stockton Kings,22,@ Westchester Knicks - 2026-01-09 - W 123-110,2026-01-09,Westchester Knicks,AWAY,W,123,110,135000.0,283100.0,75000.0,1,1,1,3,5,1,0,6,68.89,133.99,37.12,0.0,171.11,240.0,0.712958,0,0.0,135000.0,381200.0,85300.0,1,1,1,3,6,1,0,57.83,154.27,27.88,0.0
2026-01-10|Stockton Kings|Westchester Knicks,Stockton Kings,23,@ Westchester Knicks - 2026-01-10 - W 120-106,2026-01-10,Westchester Knicks,AWAY,W,120,106,135000.0,283100.0,75000.0,1,1,1,3,5,1,0,6,54.11,151.54,34.35,0.0,185.89,240.0,0.774542,0,0.0,135000.0,381200.0,85300.0,1,1,1,3,6,1,0,58.06,154.44,27.52,0.0
2026-01-12|Long Island Nets|Stockton Kings,Stockton Kings,24,@ Long Island Nets - 2026-01-12 - W 118-112,2026-01-12,Long Island Nets,AWAY,W,118,112,180000.0,283100.0,75000.0,1,1,1,4,5,1,0,6,77.28,120.14,42.57,0.0,162.71,239.99,0.677987,0,0.0,45000.0,418550.0,0.0,1,1,1,1,7,0,1,37.5,178.7,0.0,23.8
2026-01-18|Oklahoma City Blue|Stockton Kings,Stockton Kings,25,VS Oklahoma City Blue - 2026-01-18 - W 117-110,2026-01-18,Oklahoma City Blue,HOME,W,117,110,90000.0,340900.0,307918.0,1,1,1,2,5,2,0,7,30.02,145.61,64.37,0.0,209.98,240.0,0.874917,0,0.0,225000.0,170600.0,232918.0,1,1,1,5,2,1,0,137.42,66.36,36.22,0.0
2026-01-21|Stockton Kings|Valley Suns,Stockton Kings,26,@ Valley Suns - 2026-01-21 - L 111-117,2026-01-21,Valley Suns,AWAY,L,111,117,45000.0,340900.0,307918.0,1,1,1,1,5,2,0,7,32.43,143.6,63.97,0.0,207.57,240.0,0.864875,0,0.0,45000.0,426500.0,318218.0,1,1,1,1,5,2,2,17.93,107.07,55.7,59.3
2026-01-24|Salt Lake City Stars|Stockton Kings,Stockton Kings,27,VS Salt Lake City Stars - 2026-01-24 - W 138-134,2026-01-24,Salt Lake City Stars,HOME,W,138,134,90000.0,368400.0,307918.0,1,1,1,2,6,2,0,8,36.02,137.8,81.37,0.0,219.17,255.19,0.85885,0,0.0,90000.0,511800.0,465836.0,1,1,1,2,6,2,0,47.83,148.71,58.63,0.0
2026-01-29|Austin Spurs|Stockton Kings,Stockton Kings,28,@ Austin Spurs - 2026-01-29 - W 119-115,2026-01-29,Austin Spurs,AWAY,W,119,115,45000.0,368400.0,307918.0,1,1,1,1,6,2,0,8,17.18,153.65,69.15,0.0,222.8,239.98,0.928411,0,0.0,225000.0,100300.0,403518.0,1,1,1,5,2,3,0,109.8,47.28,82.93,0.0
2026-02-03|Iowa Wolves|Stockton Kings,Stockton Kings,29,VS Iowa Wolves - 2026-02-03 - L 109-114,2026-02-03,Iowa Wolves,HOME,L,109,114,45000.0,368400.0,307918.0,1,1,1,1,6,2,0,8,8.77,156.31,74.93,0.0,231.24,240.01,0.96346,0,0.0,135000.0,280900.0,465836.0,1,1,1,3,4,2,0,63.68,111.33,64.98,0.0
2026-02-06|Stockton Kings|Texas Legends,Stockton Kings,30,@ Texas Legends - 2026-02-06 - W 115-105,2026-02-06,Texas Legends,AWAY,W,115,105,90000.0,340900.0,232918.0,1,1,1,2,5,1,0,6,41.0,162.46,36.55,0.0,199.01,240.01,0.829174,0,0.0,135000.0,295900.0,255900.0,1,1,1,3,4,3,0,40.72,99.28,100.0,0.0
2026-02-07|Stockton Kings|Texas Legends,Stockton Kings,31,@ Texas Legends - 2026-02-07 - W 111-109,2026-02-07,Texas Legends,AWAY,W,111,109,135000.0,340900.0,232918.0,1,1,1,3,5,1,0,6,40.2,164.96,34.85,0.0,199.81,240.01,0.832507,0,0.0,135000.0,210600.0,255900.0,1,1,1,3,3,3,0,70.72,83.83,85.45,0.0
2026-02-11|Mexico City Capitanes|Stockton Kings,Stockton Kings,32,VS Mexico City Capitanes - 2026-02-11 - L 86-107,2026-02-11,Mexico City Capitanes,HOME,L,86,107,180000.0,368400.0,0.0,1,1,1,4,6,0,0,6,73.62,166.38,0.0,0.0,166.38,240.0,0.69325,0,0.0,450000.0,0.0,0.0,1,1,1,10,0,0,0,240.0,0.0,0.0,0.0
2026-02-12|Mexico City Capitanes|Stockton Kings,Stockton Kings,33,VS Mexico City Capitanes - 2026-02-12 - W 113-98,2026-02-12,Mexico City Capitanes,HOME,W,113,98,135000.0,368400.0,232918.0,1,1,1,3,6,1,0,7,61.23,147.72,31.05,0.0,178.77,240.0,0.744875,0,0.0,450000.0,0.0,0.0,1,1,1,10,0,0,0,240.0,0.0,0.0,0.0
2026-02-20|Memphis Hustle|Stockton Kings,Stockton Kings,34,@ Memphis Hustle - 2026-02-20 - W 117-113,2026-02-20,Memphis Hustle,AWAY,W,117,113,90000.0,368400.0,232918.0,1,1,1,2,6,1,0,7,33.84,166.53,39.63,0.0,206.16,240.0,0.859,0,0.0,225000.0,341200.0,0.0,1,1,1,5,4,0,0,118.1,121.9,0.0,0.0
2026-02-22|Oklahoma City Blue|Stockton Kings,Stockton Kings,35,VS Oklahoma City Blue - 2026-02-22 - L 107-114,2026-02-22,Oklahoma City Blue,HOME,L,107,114,90000.0,368400.0,232918.0,1,1,1,2,6,1,0,7,40.67,165.11,34.23,0.0,199.34,240.01,0.830549,0,0.0,225000.0,255900.0,85300.0,1,1,1,5,3,1,0,132.27,72.35,35.38,0.0
2026-02-25|Iowa Wolves|Stockton Kings,Stockton Kings,36,VS Iowa Wolves - 2026-02-25 - W 131-118,2026-02-25,Iowa Wolves,HOME,W,131,118,180000.0,255600.0,0.0,1,1,1,4,4,0,0,4,96.73,143.26,0.0,0.0,143.26,239.99,0.596942,0,0.0,225000.0,255900.0,465836.0,1,1,1,5,3,2,0,95.56,88.68,55.77,0.0
2026-02-28|South Bay Lakers|Stockton Kings,Stockton Kings,37,@ South Bay Lakers - 2026-02-28 - L 100-115,2026-02-28,South Bay Lakers,AWAY,L,100,115,180000.0,283100.0,232918.0,1,1,1,4,5,1,0,6,87.78,129.15,23.07,0.0,152.22,240.0,0.63425,0,0.0,135000.0,255900.0,784054.0,1,1,1,3,3,4,1,52.52,58.39,113.27,15.83
2026-03-02|Santa Cruz Warriors|Stockton Kings,Stockton Kings,38,VS Santa Cruz Warriors - 2026-03-02 - W 113-104,2026-03-02,Santa Cruz Warriors,HOME,W,113,104,180000.0,255600.0,0.0,1,1,1,4,4,0,0,4,102.13,137.86,0.0,0.0,137.86,239.99,0.574441,0,0.0,180000.0,305900.0,0.0,1,1,1,4,5,0,0,107.44,132.58,0.0,0.0
2026-03-05|Birmingham Squadron|Stockton Kings,Stockton Kings,39,VS Birmingham Squadron - 2026-03-05 - W 124-99,2026-03-05,Birmingham Squadron,HOME,W,124,99,180000.0,283100.0,0.0,1,1,1,4,5,0,0,5,92.06,147.94,0.0,0.0,147.94,240.0,0.616417,0,0.0,90000.0,441200.0,465836.0,1,1,1,2,6,2,0,29.27,145.02,65.72,0.0
2026-03-08|Birmingham Squadron|Stockton Kings,Stockton Kings,40,VS Birmingham Squadron - 2026-03-08 - L 119-127,2026-03-08,Birmingham Squadron,HOME,L,119,127,180000.0,340900.0,0.0,1,1,1,4,5,0,0,5,95.36,153.15,0.0,0.0,153.15,248.51,0.616273,0,0.0,0.0,441200.0,465836.0,1,1,1,0,6,2,0,0.0,171.47,77.03,0.0
2026-03-11|Sioux Falls Skyforce|Stockton Kings,Stockton Kings,41,@ Sioux Falls Skyforce - 2026-03-11 - L 118-120,2026-03-11,Sioux Falls Skyforce,AWAY,L,118,120,180000.0,340900.0,0.0,1,1,1,4,5,0,0,5,64.97,175.03,0.0,0.0,175.03,240.0,0.729292,0,0.0,225000.0,255900.0,85300.0,1,1,1,5,3,1,1,89.67,77.77,35.43,37.13
2026-03-13|Sioux Falls Skyforce|Stockton Kings,Stockton Kings,42,@ Sioux Falls Skyforce - 2026-03-13 - W 123-121,2026-03-13,Sioux Falls Skyforce,AWAY,W,123,121,45000.0,426200.0,232918.0,1,1,1,1,6,1,0,7,30.82,186.81,35.45,0.0,222.26,253.08,0.87822,0,0.0,180000.0,255900.0,85300.0,1,1,1,4,3,1,1,86.17,85.2,40.82,40.93
2026-03-15|Austin Spurs|Stockton Kings,Stockton Kings,43,@ Austin Spurs - 2026-03-15 - W 106-104,2026-03-15,Austin Spurs,AWAY,W,106,104,45000.0,426200.0,465836.0,1,1,1,1,6,2,0,8,25.4,149.73,64.87,0.0,214.6,240.0,0.894167,0,0.0,180000.0,255600.0,403518.0,1,1,1,4,4,3,0,63.6,93.87,82.57,0.0
2026-03-17|Stockton Kings|Valley Suns,Stockton Kings,44,@ Valley Suns - 2026-03-17 - L 108-117,2026-03-17,Valley Suns,AWAY,L,108,117,135000.0,340900.0,465836.0,1,1,1,3,5,2,0,7,51.36,120.09,68.54,0.0,188.63,239.99,0.785991,0,0.0,225000.0,255900.0,232918.0,1,1,1,5,3,1,0,100.63,103.47,35.9,0.0
2026-03-19|Memphis Hustle|Stockton Kings,Stockton Kings,45,@ Memphis Hustle - 2026-03-19 - L 121-126,2026-03-19,Memphis Hustle,AWAY,L,121,126,90000.0,340900.0,465836.0,1,1,1,2,5,2,0,7,26.72,137.74,75.55,0.0,213.29,240.01,0.888671,0,0.0,270000.0,85300.0,318218.0,1,1,1,6,1,2,0,138.67,38.78,62.55,0.0
2026-03-21|Salt Lake City Stars|Stockton Kings,Stockton Kings,46,VS Salt Lake City Stars - 2026-03-21 - W 121-116,2026-03-21,Salt Lake City Stars,HOME,W,121,116,90000.0,426200.0,465836.0,1,1,1,2,6,2,0,8,37.28,137.82,64.9,0.0,202.72,240.0,0.844667,0,0.0,225000.0,426500.0,0.0,1,1,1,5,5,0,0,96.19,143.8,0.0,0.0
2026-03-22|Santa Cruz Warriors|Stockton Kings,Stockton Kings,47,VS Santa Cruz Warriors - 2026-03-22 - W 121-103,2026-03-22,Santa Cruz Warriors,HOME,W,121,103,180000.0,426200.0,0.0,1,1,1,4,6,0,0,6,72.71,167.29,0.0,0.0,167.29,240.0,0.697042,0,0.0,225000.0,280900.0,0.0,1,1,1,5,4,0,0,137.5,102.5,0.0,0.0
2026-03-24|South Bay Lakers|Stockton Kings,Stockton Kings,48,@ South Bay Lakers - 2026-03-24 - W 115-114,2026-03-24,South Bay Lakers,AWAY,W,115,114,90000.0,426200.0,0.0,1,1,1,2,6,0,0,6,63.06,176.92,0.0,0.0,176.92,239.98,0.737228,0,0.0,225000.0,285900.0,85300.0,1,1,1,5,4,1,0,95.21,110.03,34.75,0.0
2026-03-27|San Diego Clippers|Stockton Kings,Stockton Kings,49,@ San Diego Clippers - 2026-03-27 - L 112-120,2026-03-27,San Diego Clippers,AWAY,L,112,120,180000.0,340900.0,0.0,1,1,1,4,5,0,0,5,86.54,153.47,0.0,0.0,153.47,240.01,0.639432,0,0.0,135000.0,268550.0,232917.0,1,1,1,3,4,1,1,72.9,116.46,29.78,20.85
2026-03-28|San Diego Clippers|Stockton Kings,Stockton Kings,50,@ San Diego Clippers - 2026-03-28 - W 118-102,2026-03-28,San Diego Clippers,AWAY,W,118,102,135000.0,340900.0,0.0,1,1,1,3,5,0,0,5,62.97,177.03,0.0,0.0,177.03,240.0,0.737625,0,0.0,270000.0,268550.0,0.0,1,1,1,6,4,0,1,118.17,118.73,0.0,3.1
2025-11-07|Osceola Magic|Texas Legends,Texas Legends,1,@ Osceola Magic - 2025-11-07 - L 113-134,2025-11-07,Osceola Magic,AWAY,L,113,134,225000.0,381200.0,85300.0,1,1,1,5,5,1,0,6,69.6,135.6,34.8,0.0,170.4,240.0,0.71,0,0.0,90000.0,657100.0,318218.0,1,1,1,2,8,2,0,4.94,177.11,57.95,0.0
2025-11-08|Osceola Magic|Texas Legends,Texas Legends,2,@ Osceola Magic - 2025-11-08 - L 112-144,2025-11-08,Osceola Magic,AWAY,L,112,144,225000.0,381200.0,85300.0,1,1,1,5,5,1,0,6,76.22,131.16,32.62,0.0,163.78,240.0,0.682417,0,0.0,90000.0,657100.0,551136.0,1,1,1,2,8,3,0,8.36,152.12,79.51,0.0
2025-11-11|Memphis Hustle|Texas Legends,Texas Legends,3,VS Memphis Hustle - 2025-11-11 - W 118-105,2025-11-11,Memphis Hustle,HOME,W,118,105,180000.0,381200.0,170600.0,1,1,1,4,5,2,0,7,40.92,134.37,64.72,0.0,199.09,240.01,0.829507,0,0.0,225000.0,426500.0,0.0,1,1,1,5,5,0,0,102.12,137.87,0.0,0.0
2025-11-13|Rio Grande Valley Vipers|Texas Legends,Texas Legends,4,@ Rio Grande Valley Vipers - 2025-11-13 - W 119-110,2025-11-13,Rio Grande Valley Vipers,AWAY,W,119,110,135000.0,381200.0,85300.0,1,1,1,3,5,1,0,6,66.16,141.85,31.98,0.0,173.83,239.99,0.724322,0,0.0,225000.0,100300.0,257918.0,1,1,1,5,2,2,0,104.5,74.15,61.35,0.0
2025-11-15|Rio Grande Valley Vipers|Texas Legends,Texas Legends,5,@ Rio Grande Valley Vipers - 2025-11-15 - L 126-133,2025-11-15,Rio Grande Valley Vipers,AWAY,L,126,133,180000.0,381200.0,85300.0,1,1,1,4,5,1,0,6,75.6,135.99,28.42,0.0,164.41,240.01,0.685013,0,0.0,180000.0,100300.0,490836.0,1,1,1,4,2,3,0,81.41,56.15,102.43,0.0
2025-11-21|Oklahoma City Blue|Texas Legends,Texas Legends,6,VS Oklahoma City Blue - 2025-11-21 - L 127-129,2025-11-21,Oklahoma City Blue,HOME,L,127,129,180000.0,381200.0,0.0,1,1,1,4,5,0,0,5,82.18,167.4,0.0,0.0,167.4,249.58,0.670727,0,0.0,135000.0,396200.0,232918.0,1,1,1,3,5,1,0,51.9,157.43,40.28,0.0
2025-11-22|Oklahoma City Blue|Texas Legends,Texas Legends,7,VS Oklahoma City Blue - 2025-11-22 - L 110-112,2025-11-22,Oklahoma City Blue,HOME,L,110,112,225000.0,381200.0,0.0,1,1,1,5,5,0,0,5,79.73,160.28,0.0,0.0,160.28,240.01,0.667806,0,0.0,135000.0,396200.0,232918.0,1,1,1,3,5,1,0,63.67,137.61,38.72,0.0
2025-11-28|Mexico City Capitanes|Texas Legends,Texas Legends,8,VS Mexico City Capitanes - 2025-11-28 - W 110-101,2025-11-28,Mexico City Capitanes,HOME,W,110,101,225000.0,381200.0,85300.0,1,1,1,5,5,1,0,6,74.26,134.15,31.58,0.0,165.73,239.99,0.69057,0,0.0,450000.0,0.0,0.0,1,1,1,10,0,0,0,240.0,0.0,0.0,0.0
2025-11-29|Mexico City Capitanes|Texas Legends,Texas Legends,9,VS Mexico City Capitanes - 2025-11-29 - W 119-97,2025-11-29,Mexico City Capitanes,HOME,W,119,97,225000.0,381200.0,85300.0,1,1,1,5,5,1,0,6,73.89,140.23,25.88,0.0,166.11,240.0,0.692125,0,0.0,450000.0,0.0,0.0,1,1,1,10,0,0,0,240.01,0.0,0.0,0.0
2025-12-01|Mexico City Capitanes|Texas Legends,Texas Legends,10,@ Mexico City Capitanes - 2025-12-01 - L 105-119,2025-12-01,Mexico City Capitanes,AWAY,L,105,119,180000.0,381200.0,85300.0,1,1,1,4,5,1,0,6,61.22,141.84,36.93,0.0,178.77,239.99,0.744906,0,0.0,405000.0,0.0,0.0,1,1,1,9,0,0,0,240.01,0.0,0.0,0.0
2025-12-07|Birmingham Squadron|Texas Legends,Texas Legends,11,@ Birmingham Squadron - 2025-12-07 - W 121-91,2025-12-07,Birmingham Squadron,AWAY,W,121,91,225000.0,381200.0,85300.0,1,1,1,5,5,1,0,6,95.37,119.85,24.78,0.0,144.63,240.0,0.602625,0,0.0,90000.0,355900.0,232918.0,1,1,1,2,5,1,0,51.27,163.67,25.07,0.0
2025-12-09|Birmingham Squadron|Texas Legends,Texas Legends,12,@ Birmingham Squadron - 2025-12-09 - W 130-94,2025-12-09,Birmingham Squadron,AWAY,W,130,94,180000.0,381200.0,85300.0,1,1,1,4,5,1,0,6,86.96,124.46,28.58,0.0,153.04,240.0,0.637667,0,0.0,45000.0,441200.0,232918.0,1,1,1,1,6,1,0,29.33,180.23,30.43,0.0
2025-12-12|Austin Spurs|Texas Legends,Texas Legends,13,VS Austin Spurs - 2025-12-12 - L 132-138,2025-12-12,Austin Spurs,HOME,L,132,138,135000.0,466500.0,85300.0,1,1,1,3,6,1,0,7,54.89,162.21,22.9,0.0,185.11,240.0,0.771292,0,0.0,180000.0,85300.0,403518.0,1,1,1,4,1,3,0,92.03,37.35,110.62,0.0
2025-12-13|Austin Spurs|Texas Legends,Texas Legends,14,VS Austin Spurs - 2025-12-13 - W 126-122,2025-12-13,Austin Spurs,HOME,W,126,122,90000.0,381200.0,170600.0,1,1,1,2,5,2,0,7,30.2,143.9,65.9,0.0,209.8,240.0,0.874167,0,0.0,270000.0,85300.0,85300.0,1,1,1,6,1,1,0,161.86,42.52,35.62,0.0
2025-12-19|College Park Skyhawks|Texas Legends,Texas Legends,15,@ College Park Skyhawks - 2025-12-19 - L 116-129,2025-12-19,College Park Skyhawks,AWAY,L,116,129,90000.0,421200.0,85300.0,1,1,1,2,6,1,0,7,39.55,166.95,33.48,0.0,200.43,239.98,0.835195,0,0.0,135000.0,355900.0,85300.0,1,1,1,3,6,1,1,48.1,150.74,35.9,5.27
2025-12-21|Delaware Blue Coats|Texas Legends,Texas Legends,16,VS Delaware Blue Coats - 2025-12-21 - L 112-120,2025-12-21,Delaware Blue Coats,HOME,L,112,120,90000.0,506500.0,85300.0,1,1,1,2,7,1,0,8,47.78,154.86,37.35,0.0,192.21,239.99,0.800908,0,0.0,135000.0,346200.0,232918.0,1,1,1,3,6,1,0,60.14,158.54,21.32,0.0
2025-12-27|Noblesville Boom|Texas Legends,Texas Legends,17,@ Noblesville Boom - 2025-12-27 - W 122-112,2025-12-27,Noblesville Boom,AWAY,W,122,112,180000.0,381200.0,85300.0,1,1,1,4,5,1,0,6,69.98,132.53,37.48,0.0,170.01,239.99,0.708405,0,0.0,135000.0,426500.0,0.0,1,1,1,3,5,0,0,85.75,154.26,0.0,0.0
2025-12-29|Greensboro Swarm|Texas Legends,Texas Legends,18,@ Greensboro Swarm - 2025-12-29 - L 130-136,2025-12-29,Greensboro Swarm,AWAY,L,130,136,180000.0,381200.0,85300.0,1,1,1,4,5,1,0,6,64.63,142.11,33.27,0.0,175.38,240.01,0.73072,0,0.0,45000.0,456200.0,318218.0,1,1,1,1,8,2,0,30.57,151.22,58.2,0.0
2025-12-31|Greensboro Swarm|Texas Legends,Texas Legends,19,@ Greensboro Swarm - 2025-12-31 - L 108-140,2025-12-31,Greensboro Swarm,AWAY,L,108,140,180000.0,295900.0,85300.0,1,1,1,4,4,1,0,5,87.15,123.12,29.73,0.0,152.85,240.0,0.636875,0,0.0,45000.0,461200.0,0.0,1,1,1,1,9,0,0,18.38,221.61,0.0,0.0
2026-01-02|Oklahoma City Blue|Texas Legends,Texas Legends,20,@ Oklahoma City Blue - 2026-01-02 - W 110-84,2026-01-02,Oklahoma City Blue,AWAY,W,110,84,180000.0,295900.0,170600.0,1,1,1,4,4,2,0,6,69.19,111.55,59.27,0.0,170.82,240.01,0.71172,0,0.0,315000.0,0.0,0.0,1,1,1,7,0,0,0,240.01,0.0,0.0,0.0
2026-01-04|Mexico City Capitanes|Texas Legends,Texas Legends,21,@ Mexico City Capitanes - 2026-01-04 - L 113-118,2026-01-04,Mexico City Capitanes,AWAY,L,113,118,180000.0,295900.0,170600.0,1,1,1,4,4,2,0,6,69.59,108.48,61.92,0.0,170.4,239.99,0.71003,0,0.0,450000.0,0.0,0.0,1,1,1,10,0,0,0,240.02,0.0,0.0,0.0
2026-01-06|Mexico City Capitanes|Texas Legends,Texas Legends,22,@ Mexico City Capitanes - 2026-01-06 - L 109-122,2026-01-06,Mexico City Capitanes,AWAY,L,109,122,135000.0,295900.0,170600.0,1,1,1,3,4,2,0,6,81.06,101.78,57.15,0.0,158.93,239.99,0.662236,0,0.0,495000.0,0.0,0.0,1,1,1,11,0,0,0,240.0,0.0,0.0,0.0
2026-01-09|Cleveland Charge|Texas Legends,Texas Legends,23,VS Cleveland Charge - 2026-01-09 - W 123-120,2026-01-09,Cleveland Charge,HOME,W,123,120,225000.0,210600.0,0.0,1,1,1,5,3,0,0,3,144.49,114.52,0.0,0.0,114.52,259.01,0.442145,0,0.0,90000.0,401200.0,232917.0,1,1,1,2,6,1,0,47.78,172.3,38.92,0.0
2026-01-11|Cleveland Charge|Texas Legends,Texas Legends,24,VS Cleveland Charge - 2026-01-11 - W 114-112,2026-01-11,Cleveland Charge,HOME,W,114,112,225000.0,210600.0,0.0,1,1,1,5,3,0,0,3,147.28,92.73,0.0,0.0,92.73,240.01,0.386359,0,0.0,45000.0,486500.0,232917.0,1,1,1,1,7,1,0,22.75,183.41,33.83,0.0
2026-01-14|Memphis Hustle|Texas Legends,Texas Legends,25,@ Memphis Hustle - 2026-01-14 - W 132-123,2026-01-14,Memphis Hustle,AWAY,W,132,123,225000.0,210600.0,0.0,1,1,1,5,3,0,0,3,144.39,95.61,0.0,0.0,95.61,240.0,0.398375,0,0.0,180000.0,426500.0,0.0,1,1,1,4,5,0,0,99.24,140.77,0.0,0.0
2026-01-19|Capital City Go-Go|Texas Legends,Texas Legends,26,VS Capital City Go-Go - 2026-01-19 - L 102-113,2026-01-19,Capital City Go-Go,HOME,L,102,113,225000.0,295900.0,0.0,1,1,1,5,4,0,0,4,127.14,112.85,0.0,0.0,112.85,239.99,0.470228,0,0.0,135000.0,413850.0,0.0,1,1,1,3,6,0,0,64.67,175.33,0.0,0.0
2026-01-23|Texas Legends|Valley Suns,Texas Legends,27,VS Valley Suns - 2026-01-23 - L 100-107,2026-01-23,Valley Suns,HOME,L,100,107,225000.0,295900.0,85300.0,1,1,1,5,4,1,0,5,96.7,108.71,34.58,0.0,143.29,239.99,0.597067,0,0.0,90000.0,511800.0,232918.0,1,1,1,2,6,1,0,30.25,176.08,33.68,0.0
2026-01-27|Rip City Remix|Texas Legends,Texas Legends,28,@ Rip City Remix - 2026-01-27 - L 115-117,2026-01-27,Rip City Remix,AWAY,L,115,117,180000.0,381200.0,0.0,1,1,1,4,5,0,0,5,80.46,159.54,0.0,0.0,159.54,240.0,0.66475,0,0.0,225000.0,426500.0,0.0,1,1,1,5,5,0,0,95.58,144.42,0.0,0.0
2026-01-28|Rip City Remix|Texas Legends,Texas Legends,29,@ Rip City Remix - 2026-01-28 - L 119-126,2026-01-28,Rip City Remix,AWAY,L,119,126,180000.0,381200.0,0.0,1,1,1,4,5,0,0,5,101.57,138.42,0.0,0.0,138.42,239.99,0.576774,0,0.0,225000.0,426500.0,0.0,1,1,1,5,5,0,0,110.02,130.01,0.0,0.0
2026-01-31|Sioux Falls Skyforce|Texas Legends,Texas Legends,30,VS Sioux Falls Skyforce - 2026-01-31 - W 105-95,2026-01-31,Sioux Falls Skyforce,HOME,W,105,95,180000.0,381200.0,85300.0,1,1,1,4,5,1,0,6,60.06,144.38,35.57,0.0,179.95,240.01,0.74976,0,0.0,135000.0,426500.0,0.0,1,1,1,3,5,0,0,61.71,178.29,0.0,0.0
2026-02-01|Sioux Falls Skyforce|Texas Legends,Texas Legends,31,VS Sioux Falls Skyforce - 2026-02-01 - L 109-125,2026-02-01,Sioux Falls Skyforce,HOME,L,109,125,180000.0,381200.0,85300.0,1,1,1,4,5,1,0,6,75.34,128.86,35.8,0.0,164.66,240.0,0.686083,0,0.0,90000.0,426500.0,0.0,1,1,1,2,5,0,1,41.52,173.83,0.0,24.65
2026-02-04|Austin Spurs|Texas Legends,Texas Legends,32,@ Austin Spurs - 2026-02-04 - L 95-104,2026-02-04,Austin Spurs,AWAY,L,95,104,180000.0,381200.0,0.0,1,1,1,4,5,0,0,5,74.66,165.33,0.0,0.0,165.33,239.99,0.688904,0,0.0,225000.0,100300.0,170600.0,1,1,1,5,2,2,0,112.44,56.4,71.15,0.0
2026-02-06|Stockton Kings|Texas Legends,Texas Legends,33,VS Stockton Kings - 2026-02-06 - L 105-115,2026-02-06,Stockton Kings,HOME,L,105,115,135000.0,295900.0,255900.0,1,1,1,3,4,3,0,7,40.72,99.28,100.0,0.0,199.28,240.0,0.830333,0,0.0,90000.0,340900.0,232918.0,1,1,1,2,5,1,0,41.0,162.46,36.55,0.0
2026-02-07|Stockton Kings|Texas Legends,Texas Legends,34,VS Stockton Kings - 2026-02-07 - L 109-111,2026-02-07,Stockton Kings,HOME,L,109,111,135000.0,210600.0,255900.0,1,1,1,3,3,3,0,6,70.72,83.83,85.45,0.0,169.28,240.0,0.705333,0,0.0,135000.0,340900.0,232918.0,1,1,1,3,5,1,0,40.2,164.96,34.85,0.0
2026-02-12|Rio Grande Valley Vipers|Texas Legends,Texas Legends,35,VS Rio Grande Valley Vipers - 2026-02-12 - L 120-121,2026-02-12,Rio Grande Valley Vipers,HOME,L,120,121,135000.0,295900.0,255900.0,1,1,1,3,4,3,0,7,54.16,95.05,102.87,0.0,197.92,252.08,0.785148,0,0.0,135000.0,130300.0,318218.0,1,1,1,3,3,2,0,57.98,115.25,78.83,0.0
2026-02-20|South Bay Lakers|Texas Legends,Texas Legends,36,VS South Bay Lakers - 2026-02-20 - L 105-127,2026-02-20,South Bay Lakers,HOME,L,105,127,270000.0,210600.0,170600.0,1,1,1,6,3,2,0,5,92.15,87.13,60.71,0.0,147.84,239.99,0.616026,0,0.0,225000.0,341200.0,551136.0,1,1,1,5,4,3,1,47.64,95.85,75.68,20.82
2026-02-21|South Bay Lakers|Texas Legends,Texas Legends,37,VS South Bay Lakers - 2026-02-21 - L 99-104,2026-02-21,South Bay Lakers,HOME,L,99,104,180000.0,210600.0,170600.0,1,1,1,4,3,2,0,5,86.81,87.38,65.8,0.0,153.18,239.99,0.638277,0,0.0,90000.0,341200.0,551136.0,1,1,1,2,4,3,0,41.76,100.21,98.02,0.0
2026-02-28|Texas Legends|Valley Suns,Texas Legends,38,VS Valley Suns - 2026-02-28 - L 105-112,2026-02-28,Valley Suns,HOME,L,105,112,225000.0,210600.0,0.0,1,1,1,5,3,0,1,4,119.69,84.34,0.0,35.97,120.31,240.0,0.501292,0,0.0,135000.0,255900.0,232918.0,1,1,1,3,3,1,1,60.32,107.85,38.08,33.75
2026-03-03|Memphis Hustle|Texas Legends,Texas Legends,39,@ Memphis Hustle - 2026-03-03 - L 113-135,2026-03-03,Memphis Hustle,AWAY,L,113,135,225000.0,381200.0,0.0,1,1,1,5,5,0,0,5,86.55,153.45,0.0,0.0,153.45,240.0,0.639375,0,0.0,180000.0,341200.0,318218.0,1,1,1,4,4,2,0,83.32,106.94,49.75,0.0
2026-03-07|Oklahoma City Blue|Texas Legends,Texas Legends,40,@ Oklahoma City Blue - 2026-03-07 - W 123-117,2026-03-07,Oklahoma City Blue,AWAY,W,123,117,180000.0,381200.0,0.0,1,1,1,4,5,0,0,5,91.02,148.99,0.0,0.0,148.99,240.01,0.620766,0,0.0,225000.0,341200.0,0.0,1,1,1,5,4,0,1,125.43,86.62,0.0,27.98
2026-03-09|Salt Lake City Stars|Texas Legends,Texas Legends,41,@ Salt Lake City Stars - 2026-03-09 - W 121-114,2026-03-09,Salt Lake City Stars,AWAY,W,121,114,90000.0,295900.0,551136.0,1,1,1,2,4,3,0,7,60.65,97.59,81.79,0.0,179.38,240.03,0.747323,0,0.0,225000.0,341200.0,0.0,1,1,1,5,4,0,0,102.92,137.08,0.0,0.0
2026-03-10|Salt Lake City Stars|Texas Legends,Texas Legends,42,@ Salt Lake City Stars - 2026-03-10 - L 125-134,2026-03-10,Salt Lake City Stars,AWAY,L,125,134,90000.0,295900.0,551136.0,1,1,1,2,4,3,0,7,56.75,98.59,84.65,0.0,183.24,239.99,0.763532,0,0.0,225000.0,341200.0,0.0,1,1,1,5,4,0,0,108.23,131.76,0.0,0.0
2026-03-12|Austin Spurs|Texas Legends,Texas Legends,43,@ Austin Spurs - 2026-03-12 - L 119-122,2026-03-12,Austin Spurs,AWAY,L,119,122,135000.0,295900.0,465836.0,1,1,1,3,4,2,0,6,66.65,114.48,58.86,0.0,173.34,239.99,0.72228,0,0.0,180000.0,255600.0,170600.0,1,1,1,4,4,2,0,82.59,96.94,60.49,0.0
2026-03-14|San Diego Clippers|Texas Legends,Texas Legends,44,VS San Diego Clippers - 2026-03-14 - W 128-106,2026-03-14,San Diego Clippers,HOME,W,128,106,225000.0,295900.0,85300.0,1,1,1,5,4,1,0,5,96.06,113.54,30.4,0.0,143.94,240.0,0.59975,0,0.0,225000.0,183250.0,232917.0,1,1,1,5,3,1,0,109.52,97.98,32.52,0.0
2026-03-16|San Diego Clippers|Texas Legends,Texas Legends,45,VS San Diego Clippers - 2026-03-16 - W 116-108,2026-03-16,San Diego Clippers,HOME,W,116,108,180000.0,381200.0,0.0,1,1,1,4,5,0,0,5,76.64,163.36,0.0,0.0,163.36,240.0,0.680667,0,0.0,225000.0,183250.0,465834.0,1,1,1,5,3,2,0,82.1,84.53,73.38,0.0
2026-03-17|Rio Grande Valley Vipers|Texas Legends,Texas Legends,46,VS Rio Grande Valley Vipers - 2026-03-17 - W 108-104,2026-03-17,Rio Grande Valley Vipers,HOME,W,108,104,90000.0,381200.0,318218.0,1,1,1,2,5,2,1,8,24.5,124.7,57.79,33.02,215.51,240.01,0.897921,0,0.0,180000.0,215600.0,232918.0,1,1,1,4,4,1,0,102.25,101.66,36.12,0.0
2026-03-20|Iowa Wolves|Texas Legends,Texas Legends,47,VS Iowa Wolves - 2026-03-20 - L 103-110,2026-03-20,Iowa Wolves,HOME,L,103,110,45000.0,381200.0,465836.0,1,1,1,1,5,2,1,8,14.65,137.2,63.34,24.82,225.36,240.01,0.938961,0,0.0,225000.0,135300.0,465836.0,1,1,1,5,2,2,0,111.78,52.01,76.2,0.0
2026-03-22|Iowa Wolves|Texas Legends,Texas Legends,48,VS Iowa Wolves - 2026-03-22 - W 109-106,2026-03-22,Iowa Wolves,HOME,W,109,106,0.0,381200.0,551136.0,1,1,1,0,5,3,1,9,0.0,120.86,82.99,36.15,240.0,240.0,1.0,0,0.0,225000.0,135300.0,465836.0,1,1,1,5,2,2,0,110.77,57.75,71.48,0.0
2026-03-27|Santa Cruz Warriors|Texas Legends,Texas Legends,49,@ Santa Cruz Warriors - 2026-03-27 - W 112-106,2026-03-27,Santa Cruz Warriors,AWAY,W,112,106,90000.0,381200.0,318218.0,1,1,1,2,5,2,0,7,36.4,135.69,67.9,0.0,203.59,239.99,0.848327,0,0.0,225000.0,195600.0,0.0,1,1,1,5,3,0,0,145.66,94.33,0.0,0.0
2026-03-28|Santa Cruz Warriors|Texas Legends,Texas Legends,50,@ Santa Cruz Warriors - 2026-03-28 - W 134-116,2026-03-28,Santa Cruz Warriors,AWAY,W,134,116,180000.0,381200.0,318218.0,1,1,1,4,5,2,0,7,51.03,120.31,68.66,0.0,188.97,240.0,0.787375,0,0.0,270000.0,195600.0,0.0,1,1,1,6,3,0,0,164.64,75.37,0.0,0.0
2025-11-08|South Bay Lakers|Valley Suns,Valley Suns,1,@ South Bay Lakers - 2025-11-08 - L 105-144,2025-11-08,South Bay Lakers,AWAY,L,105,144,180000.0,466500.0,232918.0,1,1,1,4,7,1,0,8,36.88,169.61,33.53,0.0,203.14,240.02,0.846346,0,0.0,135000.0,411200.0,85300.0,1,1,1,3,6,1,0,61.98,146.75,31.27,0.0
2025-11-09|South Bay Lakers|Valley Suns,Valley Suns,2,@ South Bay Lakers - 2025-11-09 - L 113-123,2025-11-09,South Bay Lakers,AWAY,L,113,123,90000.0,381200.0,232918.0,1,1,1,2,6,1,0,7,38.83,162.57,38.6,0.0,201.17,240.0,0.838208,0,0.0,135000.0,325900.0,85300.0,1,1,1,3,5,1,0,65.79,134.24,39.98,0.0
2025-11-14|Rip City Remix|Valley Suns,Valley Suns,3,VS Rip City Remix - 2025-11-14 - L 104-107,2025-11-14,Rip City Remix,HOME,L,104,107,45000.0,361200.0,232918.0,1,1,1,1,5,1,2,8,14.47,134.91,34.45,56.17,225.53,240.0,0.939708,0,0.0,180000.0,341200.0,232917.0,1,1,1,4,4,1,1,84.58,91.3,34.28,29.83
2025-11-19|Stockton Kings|Valley Suns,Valley Suns,4,@ Stockton Kings - 2025-11-19 - L 117-125,2025-11-19,Stockton Kings,AWAY,L,117,125,135000.0,295900.0,232918.0,1,1,1,3,5,1,0,6,60.94,139.33,39.73,0.0,179.06,240.0,0.746083,0,0.0,0.0,368400.0,540836.0,1,1,1,0,6,3,0,0.0,139.39,100.59,0.0
2025-11-20|Stockton Kings|Valley Suns,Valley Suns,5,@ Stockton Kings - 2025-11-20 - L 112-131,2025-11-20,Stockton Kings,AWAY,L,112,131,135000.0,381200.0,232918.0,1,1,1,3,6,1,0,7,70.02,134.62,35.37,0.0,169.99,240.01,0.708262,0,0.0,90000.0,368400.0,540836.0,1,1,1,2,6,3,0,14.0,131.57,94.44,0.0
2025-11-25|Rip City Remix|Valley Suns,Valley Suns,6,VS Rip City Remix - 2025-11-25 - L 101-112,2025-11-25,Rip City Remix,HOME,L,101,112,180000.0,255900.0,318218.0,1,1,1,4,3,2,1,6,65.67,74.17,71.53,28.63,174.33,240.0,0.726375,0,0.0,180000.0,426500.0,0.0,1,1,1,4,5,0,0,95.58,144.41,0.0,0.0
2025-11-30|Stockton Kings|Valley Suns,Valley Suns,7,VS Stockton Kings - 2025-11-30 - L 105-123,2025-11-30,Stockton Kings,HOME,L,105,123,135000.0,255900.0,232918.0,1,1,1,3,3,1,2,6,67.19,78.28,39.05,55.49,172.82,240.01,0.720053,0,0.0,45000.0,340900.0,540836.0,1,1,1,1,5,3,0,0.07,131.43,108.5,0.0
2025-12-02|Santa Cruz Warriors|Valley Suns,Valley Suns,8,VS Santa Cruz Warriors - 2025-12-02 - L 110-111,2025-12-02,Santa Cruz Warriors,HOME,L,110,111,135000.0,361200.0,232918.0,1,1,1,3,5,1,0,6,72.48,136.39,31.12,0.0,167.51,239.99,0.697987,0,0.0,180000.0,195600.0,85300.0,1,1,1,4,3,1,0,138.02,63.21,38.77,0.0
2025-12-03|Santa Cruz Warriors|Valley Suns,Valley Suns,9,VS Santa Cruz Warriors - 2025-12-03 - W 124-119,2025-12-03,Santa Cruz Warriors,HOME,W,124,119,90000.0,275900.0,232918.0,1,1,1,2,4,1,2,7,44.59,101.98,38.98,77.63,218.59,263.18,0.830572,0,0.0,225000.0,195600.0,85300.0,1,1,1,5,3,1,0,158.3,63.91,40.97,0.0
2025-12-07|Santa Cruz Warriors|Valley Suns,Valley Suns,10,@ Santa Cruz Warriors - 2025-12-07 - W 114-106,2025-12-07,Santa Cruz Warriors,AWAY,W,114,106,180000.0,361200.0,0.0,1,1,1,4,5,0,0,5,85.71,154.29,0.0,0.0,154.29,240.0,0.642875,0,0.0,225000.0,110300.0,0.0,1,1,1,5,2,0,0,184.9,55.1,0.0,0.0
2025-12-09|San Diego Clippers|Valley Suns,Valley Suns,11,VS San Diego Clippers - 2025-12-09 - L 116-124,2025-12-09,San Diego Clippers,HOME,L,116,124,180000.0,446500.0,0.0,1,1,1,4,6,0,0,6,68.23,171.76,0.0,0.0,171.76,239.99,0.715696,0,0.0,90000.0,439150.0,232918.0,1,1,1,2,6,1,1,21.38,152.66,29.85,36.12
2025-12-11|San Diego Clippers|Valley Suns,Valley Suns,12,VS San Diego Clippers - 2025-12-11 - W 121-118,2025-12-11,San Diego Clippers,HOME,W,121,118,90000.0,361200.0,0.0,1,1,1,2,5,0,2,7,32.6,138.75,0.0,68.65,207.4,240.0,0.864167,0,0.0,135000.0,439150.0,232918.0,1,1,1,3,6,1,0,48.19,162.61,29.2,0.0
2025-12-15|Salt Lake City Stars|Valley Suns,Valley Suns,13,@ Salt Lake City Stars - 2025-12-15 - L 127-140,2025-12-15,Salt Lake City Stars,AWAY,L,127,140,90000.0,361200.0,0.0,1,1,1,2,5,0,2,7,43.82,126.9,0.0,69.29,196.19,240.01,0.817424,0,0.0,90000.0,511800.0,318218.0,1,1,1,2,6,2,0,42.46,140.64,56.89,0.0
2025-12-16|Salt Lake City Stars|Valley Suns,Valley Suns,14,@ Salt Lake City Stars - 2025-12-16 - L 125-141,2025-12-16,Salt Lake City Stars,AWAY,L,125,141,135000.0,466500.0,0.0,1,1,1,3,7,0,0,7,73.25,166.73,0.0,0.0,166.73,239.98,0.694766,0,0.0,90000.0,341200.0,551136.0,1,1,1,2,4,3,0,37.17,110.39,92.46,0.0
2025-12-20|Motor City Cruise|Valley Suns,Valley Suns,15,VS Motor City Cruise - 2025-12-20 - W 130-121,2025-12-20,Motor City Cruise,HOME,W,130,121,135000.0,446500.0,0.0,1,1,1,3,6,0,0,6,67.49,172.5,0.0,0.0,172.5,239.99,0.71878,0,0.0,90000.0,305900.0,318218.0,1,1,1,2,5,2,1,43.53,114.66,49.56,32.23
2025-12-21|Birmingham Squadron|Valley Suns,Valley Suns,16,@ Birmingham Squadron - 2025-12-21 - L 121-125,2025-12-21,Birmingham Squadron,AWAY,L,121,125,135000.0,446500.0,0.0,1,1,1,3,6,0,0,6,66.58,173.42,0.0,0.0,173.42,240.0,0.722583,0,0.0,90000.0,441200.0,465836.0,1,1,1,2,6,2,0,50.72,127.56,61.72,0.0
2025-12-27|Memphis Hustle|Valley Suns,Valley Suns,17,@ Memphis Hustle - 2025-12-27 - L 116-117,2025-12-27,Memphis Hustle,AWAY,L,116,117,90000.0,446500.0,232918.0,1,1,1,2,6,1,0,7,50.26,169.85,19.88,0.0,189.73,239.99,0.790575,0,0.0,225000.0,170600.0,270668.0,1,1,1,5,2,1,0,134.62,68.36,37.02,0.0
2025-12-29|Memphis Hustle|Valley Suns,Valley Suns,18,@ Memphis Hustle - 2025-12-29 - W 109-107,2025-12-29,Memphis Hustle,AWAY,W,109,107,90000.0,446500.0,232918.0,1,1,1,2,6,1,0,7,53.09,168.16,24.92,0.0,193.08,246.17,0.784336,0,0.0,180000.0,255900.0,736504.0,1,1,1,4,3,3,0,83.39,87.8,74.98,0.0
2026-01-03|Rio Grande Valley Vipers|Valley Suns,Valley Suns,19,@ Rio Grande Valley Vipers - 2026-01-03 - L 115-130,2026-01-03,Rio Grande Valley Vipers,AWAY,L,115,130,90000.0,446500.0,232918.0,1,1,1,2,6,1,0,7,44.53,166.35,29.12,0.0,195.47,240.0,0.814458,0,0.0,270000.0,155300.0,232918.0,1,1,1,6,3,1,0,121.35,87.11,31.53,0.0
2026-01-06|Oklahoma City Blue|Valley Suns,Valley Suns,20,VS Oklahoma City Blue - 2026-01-06 - L 109-114,2026-01-06,Oklahoma City Blue,HOME,L,109,114,135000.0,446500.0,232918.0,1,1,1,3,6,1,0,7,63.83,152.91,33.18,0.0,186.09,249.92,0.744598,0,0.0,360000.0,0.0,0.0,1,1,1,8,0,0,0,249.92,0.0,0.0,0.0
2026-01-07|Oklahoma City Blue|Valley Suns,Valley Suns,21,VS Oklahoma City Blue - 2026-01-07 - W 124-102,2026-01-07,Oklahoma City Blue,HOME,W,124,102,90000.0,446500.0,232918.0,1,1,1,2,6,1,0,7,49.52,163.12,27.37,0.0,190.49,240.01,0.793675,0,0.0,360000.0,0.0,0.0,1,1,1,8,0,0,0,239.99,0.0,0.0,0.0
2026-01-13|Iowa Wolves|Valley Suns,Valley Suns,22,VS Iowa Wolves - 2026-01-13 - L 123-130,2026-01-13,Iowa Wolves,HOME,L,123,130,135000.0,446500.0,0.0,1,1,1,3,6,0,0,6,68.01,172.0,0.0,0.0,172.0,240.01,0.716637,0,0.0,135000.0,280900.0,465836.0,1,1,1,3,4,2,0,53.1,123.88,63.0,0.0
2026-01-15|Iowa Wolves|Valley Suns,Valley Suns,23,VS Iowa Wolves - 2026-01-15 - L 127-137,2026-01-15,Iowa Wolves,HOME,L,127,137,135000.0,446500.0,0.0,1,1,1,3,6,0,0,6,75.43,164.57,0.0,0.0,164.57,240.0,0.685708,0,0.0,135000.0,280900.0,465836.0,1,1,1,3,4,2,0,51.61,122.4,66.0,0.0
2026-01-17|Santa Cruz Warriors|Valley Suns,Valley Suns,24,@ Santa Cruz Warriors - 2026-01-17 - L 115-123,2026-01-17,Santa Cruz Warriors,AWAY,L,115,123,135000.0,446500.0,0.0,1,1,1,3,6,0,0,6,75.7,164.3,0.0,0.0,164.3,240.0,0.684583,0,0.0,180000.0,366200.0,170600.0,1,1,1,4,5,2,0,77.18,108.62,54.2,0.0
2026-01-19|Santa Cruz Warriors|Valley Suns,Valley Suns,25,@ Santa Cruz Warriors - 2026-01-19 - L 108-113,2026-01-19,Santa Cruz Warriors,AWAY,L,108,113,135000.0,446500.0,0.0,1,1,1,3,6,0,0,6,82.36,157.63,0.0,0.0,157.63,239.99,0.656819,0,0.0,180000.0,341200.0,170600.0,1,1,1,4,4,2,0,75.94,103.08,60.98,0.0
2026-01-21|Stockton Kings|Valley Suns,Valley Suns,26,VS Stockton Kings - 2026-01-21 - W 117-111,2026-01-21,Stockton Kings,HOME,W,117,111,45000.0,426500.0,318218.0,1,1,1,1,5,2,2,9,17.93,107.07,55.7,59.3,222.07,240.0,0.925292,0,0.0,45000.0,340900.0,307918.0,1,1,1,1,5,2,0,32.43,143.6,63.97,0.0
2026-01-23|Texas Legends|Valley Suns,Valley Suns,27,@ Texas Legends - 2026-01-23 - W 107-100,2026-01-23,Texas Legends,AWAY,W,107,100,90000.0,511800.0,232918.0,1,1,1,2,6,1,0,7,30.25,176.08,33.68,0.0,209.76,240.01,0.873964,0,0.0,225000.0,295900.0,85300.0,1,1,1,5,4,1,0,96.7,108.71,34.58,0.0
2026-01-25|Austin Spurs|Valley Suns,Valley Suns,28,VS Austin Spurs - 2026-01-25 - L 91-102,2026-01-25,Austin Spurs,HOME,L,91,102,45000.0,426500.0,232918.0,1,1,1,1,5,1,2,8,5.5,139.35,34.52,60.64,234.51,240.01,0.977084,0,0.0,225000.0,15000.0,170600.0,1,1,1,5,1,2,0,134.4,25.13,80.47,0.0
2026-01-27|Austin Spurs|Valley Suns,Valley Suns,29,VS Austin Spurs - 2026-01-27 - L 107-116,2026-01-27,Austin Spurs,HOME,L,107,116,90000.0,511800.0,232918.0,1,1,1,2,6,1,0,7,37.4,171.14,31.45,0.0,202.59,239.99,0.84416,0,0.0,225000.0,100300.0,403518.0,1,1,1,5,2,3,0,92.57,53.91,93.52,0.0
2026-01-30|Delaware Blue Coats|Valley Suns,Valley Suns,30,VS Delaware Blue Coats - 2026-01-30 - L 115-124,2026-01-30,Delaware Blue Coats,HOME,L,115,124,135000.0,426500.0,232918.0,1,1,1,3,5,1,0,6,79.13,134.03,26.83,0.0,160.86,239.99,0.670278,0,0.0,135000.0,346200.0,0.0,1,1,1,3,6,0,0,58.58,181.42,0.0,0.0
2026-02-01|Delaware Blue Coats|Valley Suns,Valley Suns,31,VS Delaware Blue Coats - 2026-02-01 - L 107-111,2026-02-01,Delaware Blue Coats,HOME,L,107,111,90000.0,426500.0,232918.0,1,1,1,2,5,1,2,8,33.94,106.71,32.45,66.91,206.07,240.01,0.858589,0,0.0,180000.0,346200.0,0.0,1,1,1,4,6,0,0,64.18,175.82,0.0,0.0
2026-02-04|Rio Grande Valley Vipers|Valley Suns,Valley Suns,32,@ Rio Grande Valley Vipers - 2026-02-04 - L 116-130,2026-02-04,Rio Grande Valley Vipers,AWAY,L,116,130,135000.0,531800.0,232918.0,1,1,1,3,7,1,0,8,59.65,145.56,34.78,0.0,180.34,239.99,0.751448,0,0.0,225000.0,130300.0,85300.0,1,1,1,5,3,1,0,119.55,88.66,31.78,0.0
2026-02-10|Valley Suns|Westchester Knicks,Valley Suns,33,VS Westchester Knicks - 2026-02-10 - W 106-104,2026-02-10,Westchester Knicks,HOME,W,106,104,90000.0,511800.0,232918.0,1,1,1,2,6,1,0,7,36.6,176.59,26.8,0.0,203.39,239.99,0.847494,0,0.0,180000.0,295900.0,0.0,1,1,1,4,5,0,1,78.1,127.77,0.0,34.15
2026-02-12|Salt Lake City Stars|Valley Suns,Valley Suns,34,VS Salt Lake City Stars - 2026-02-12 - W 123-120,2026-02-12,Salt Lake City Stars,HOME,W,123,120,90000.0,511800.0,232918.0,1,1,1,2,6,1,0,7,29.3,172.23,38.48,0.0,210.71,240.01,0.877922,0,0.0,135000.0,426500.0,0.0,1,1,1,3,5,0,0,82.27,157.73,0.0,0.0
2026-02-20|Sioux Falls Skyforce|Valley Suns,Valley Suns,35,@ Sioux Falls Skyforce - 2026-02-20 - W 116-110,2026-02-20,Sioux Falls Skyforce,AWAY,W,116,110,135000.0,341200.0,232918.0,1,1,1,3,4,1,2,7,25.85,112.7,38.67,62.79,214.16,240.01,0.892296,0,0.0,135000.0,341200.0,170600.0,1,1,1,3,4,2,1,42.7,108.15,53.15,36.0
2026-02-22|Sioux Falls Skyforce|Valley Suns,Valley Suns,36,@ Sioux Falls Skyforce - 2026-02-22 - L 115-141,2026-02-22,Sioux Falls Skyforce,AWAY,L,115,141,135000.0,446500.0,0.0,1,1,1,3,6,0,0,6,75.9,164.09,0.0,0.0,164.09,239.99,0.683737,0,0.0,180000.0,341200.0,170600.0,1,1,1,4,4,2,1,65.24,95.91,47.63,31.22
2026-02-25|South Bay Lakers|Valley Suns,Valley Suns,37,VS South Bay Lakers - 2026-02-25 - L 99-113,2026-02-25,South Bay Lakers,HOME,L,99,113,135000.0,361200.0,232918.0,1,1,1,3,5,1,0,6,73.5,128.52,37.98,0.0,166.5,240.0,0.69375,0,0.0,90000.0,255900.0,551136.0,1,1,1,2,3,3,1,36.32,96.49,83.01,24.18
2026-02-26|South Bay Lakers|Valley Suns,Valley Suns,38,VS South Bay Lakers - 2026-02-26 - L 98-129,2026-02-26,South Bay Lakers,HOME,L,98,129,135000.0,361200.0,232918.0,1,1,1,3,5,1,0,6,74.13,132.38,33.48,0.0,165.86,239.99,0.691112,0,0.0,225000.0,255900.0,784054.0,1,1,1,5,3,4,0,82.78,66.42,90.79,0.0
2026-02-28|Texas Legends|Valley Suns,Valley Suns,39,@ Texas Legends - 2026-02-28 - W 112-105,2026-02-28,Texas Legends,AWAY,W,112,105,135000.0,255900.0,232918.0,1,1,1,3,3,1,1,5,60.32,107.85,38.08,33.75,179.68,240.0,0.748667,0,0.0,225000.0,210600.0,0.0,1,1,1,5,3,0,1,119.69,84.34,0.0,35.97
2026-03-02|Salt Lake City Stars|Valley Suns,Valley Suns,40,VS Salt Lake City Stars - 2026-03-02 - L 112-121,2026-03-02,Salt Lake City Stars,HOME,L,112,121,135000.0,275900.0,232918.0,1,1,1,3,4,1,0,5,82.5,118.63,38.87,0.0,157.5,240.0,0.65625,0,0.0,180000.0,341200.0,0.0,1,1,1,4,4,0,0,91.61,148.4,0.0,0.0
2026-03-06|Rip City Remix|Valley Suns,Valley Suns,41,@ Rip City Remix - 2026-03-06 - L 122-132,2026-03-06,Rip City Remix,AWAY,L,122,132,180000.0,275900.0,232918.0,1,1,1,4,4,1,0,5,80.99,119.18,39.83,0.0,159.01,240.0,0.662542,0,0.0,180000.0,255900.0,465834.0,1,1,1,4,3,2,1,88.85,61.2,60.45,29.5
2026-03-07|Rip City Remix|Valley Suns,Valley Suns,42,@ Rip City Remix - 2026-03-07 - L 125-126,2026-03-07,Rip City Remix,AWAY,L,125,126,180000.0,341200.0,232918.0,1,1,1,4,4,1,0,5,58.87,146.03,35.1,0.0,181.13,240.0,0.754708,0,0.0,135000.0,255900.0,551134.0,1,1,1,3,3,3,1,66.53,48.34,101.72,23.4
2026-03-09|Valley Suns|Wisconsin Herd,Valley Suns,43,@ Wisconsin Herd - 2026-03-09 - L 103-109,2026-03-09,Wisconsin Herd,AWAY,L,103,109,225000.0,170600.0,232918.0,1,1,1,5,2,1,0,3,121.37,81.65,36.97,0.0,118.62,239.99,0.494271,0,0.0,180000.0,250600.0,170600.0,1,1,1,4,4,2,0,68.29,114.44,57.28,0.0
2026-03-12|Valley Suns|Windy City Bulls,Valley Suns,44,@ Windy City Bulls - 2026-03-12 - L 116-124,2026-03-12,Windy City Bulls,AWAY,L,116,124,225000.0,255900.0,232918.0,1,1,1,5,3,1,0,4,108.98,93.54,37.48,0.0,131.02,240.0,0.545917,0,0.0,270000.0,255900.0,0.0,1,1,1,6,3,0,0,131.53,108.46,0.0,0.0
2026-03-14|Valley Suns|Windy City Bulls,Valley Suns,45,@ Windy City Bulls - 2026-03-14 - L 116-125,2026-03-14,Windy City Bulls,AWAY,L,116,125,225000.0,190600.0,232918.0,1,1,1,5,3,1,0,4,115.33,86.93,37.73,0.0,124.66,239.99,0.519438,0,0.0,270000.0,255900.0,0.0,1,1,1,6,3,0,0,127.22,112.78,0.0,0.0
2026-03-17|Stockton Kings|Valley Suns,Valley Suns,46,VS Stockton Kings - 2026-03-17 - W 117-108,2026-03-17,Stockton Kings,HOME,W,117,108,225000.0,255900.0,232918.0,1,1,1,5,3,1,0,4,100.63,103.47,35.9,0.0,139.37,240.0,0.580708,0,0.0,135000.0,340900.0,465836.0,1,1,1,3,5,2,0,51.36,120.09,68.54,0.0
2026-03-19|San Diego Clippers|Valley Suns,Valley Suns,47,@ San Diego Clippers - 2026-03-19 - L 87-113,2026-03-19,San Diego Clippers,AWAY,L,87,113,225000.0,190600.0,0.0,1,1,1,5,3,0,0,3,155.63,84.37,0.0,0.0,84.37,240.0,0.351542,0,0.0,270000.0,183250.0,0.0,1,1,1,6,3,0,0,133.51,106.5,0.0,0.0
2026-03-21|San Diego Clippers|Valley Suns,Valley Suns,48,@ San Diego Clippers - 2026-03-21 - L 115-131,2026-03-21,San Diego Clippers,AWAY,L,115,131,225000.0,190600.0,0.0,1,1,1,5,3,0,0,3,146.4,93.61,0.0,0.0,93.61,240.01,0.390025,0,0.0,225000.0,183250.0,465834.0,1,1,1,5,3,2,0,84.77,94.17,61.08,0.0
2026-03-24|Mexico City Capitanes|Valley Suns,Valley Suns,49,VS Mexico City Capitanes - 2026-03-24 - L 99-112,2026-03-24,Mexico City Capitanes,HOME,L,99,112,225000.0,275900.0,0.0,1,1,1,5,4,0,0,4,112.02,127.98,0.0,0.0,127.98,240.0,0.53325,0,0.0,540000.0,0.0,0.0,1,1,1,12,0,0,0,239.99,0.0,0.0,0.0
2026-03-25|Mexico City Capitanes|Valley Suns,Valley Suns,50,VS Mexico City Capitanes - 2026-03-25 - W 114-94,2026-03-25,Mexico City Capitanes,HOME,W,114,94,225000.0,190600.0,0.0,1,1,1,5,3,0,0,3,158.67,81.34,0.0,0.0,81.34,240.01,0.338903,0,0.0,540000.0,0.0,0.0,1,1,1,12,0,0,0,239.99,0.0,0.0,0.0
2025-11-08|Delaware Blue Coats|Westchester Knicks,Westchester Knicks,1,@ Delaware Blue Coats - 2025-11-08 - L 113-134,2025-11-08,Delaware Blue Coats,AWAY,L,113,134,135000.0,356200.0,170600.0,1,1,1,3,5,2,1,8,48.46,112.79,52.9,25.85,191.54,240.0,0.798083,0,0.0,45000.0,316050.0,232918.0,1,1,1,1,7,1,0,21.22,185.03,33.75,0.0
2025-11-12|Capital City Go-Go|Westchester Knicks,Westchester Knicks,2,@ Capital City Go-Go - 2025-11-12 - L 94-104,2025-11-12,Capital City Go-Go,AWAY,L,94,104,90000.0,295900.0,170600.0,1,1,1,2,5,2,0,7,56.58,119.57,63.85,0.0,183.42,240.0,0.76425,0,0.0,0.0,584450.0,465836.0,1,1,1,0,8,2,0,0.0,183.05,56.95,0.0
2025-11-14|Raptors 905|Westchester Knicks,Westchester Knicks,3,VS Raptors 905 - 2025-11-14 - L 110-113,2025-11-14,Raptors 905,HOME,L,110,113,135000.0,295900.0,170600.0,1,1,1,3,5,2,0,7,52.03,119.25,68.71,0.0,187.96,239.99,0.783199,0,0.0,45000.0,375900.0,403518.0,1,1,1,1,6,3,0,32.85,115.49,91.67,0.0
2025-11-22|Capital City Go-Go|Westchester Knicks,Westchester Knicks,4,@ Capital City Go-Go - 2025-11-22 - W 112-107,2025-11-22,Capital City Go-Go,AWAY,W,112,107,135000.0,295900.0,170600.0,1,1,1,3,5,2,0,7,49.98,122.98,67.05,0.0,190.03,240.01,0.791759,0,0.0,90000.0,584450.0,0.0,1,1,1,2,8,0,0,17.39,222.64,0.0,0.0
2025-11-26|Delaware Blue Coats|Westchester Knicks,Westchester Knicks,5,VS Delaware Blue Coats - 2025-11-26 - L 111-113,2025-11-26,Delaware Blue Coats,HOME,L,111,113,90000.0,295900.0,170600.0,1,1,1,2,5,2,0,7,30.83,146.17,63.01,0.0,209.18,240.01,0.871547,0,0.0,90000.0,358700.0,0.0,1,1,1,2,8,0,0,16.95,223.06,0.0,0.0
2025-11-28|Maine Celtics|Westchester Knicks,Westchester Knicks,6,VS Maine Celtics - 2025-11-28 - L 84-98,2025-11-28,Maine Celtics,HOME,L,84,98,90000.0,295900.0,85300.0,1,1,1,2,5,1,0,6,69.59,143.83,26.58,0.0,170.41,240.0,0.710042,0,0.0,135000.0,330600.0,85300.0,1,1,1,3,5,1,0,61.53,147.1,31.38,0.0
2025-11-30|Maine Celtics|Westchester Knicks,Westchester Knicks,7,VS Maine Celtics - 2025-11-30 - L 95-122,2025-11-30,Maine Celtics,HOME,L,95,122,180000.0,100300.0,0.0,1,1,1,4,2,0,1,3,124.4,70.2,0.0,45.4,115.6,240.0,0.481667,0,0.0,180000.0,330600.0,0.0,1,1,1,4,5,0,0,87.18,152.82,0.0,0.0
2025-12-02|College Park Skyhawks|Westchester Knicks,Westchester Knicks,8,@ College Park Skyhawks - 2025-12-02 - L 103-135,2025-12-02,College Park Skyhawks,AWAY,L,103,135,180000.0,125300.0,85300.0,1,1,1,4,3,1,1,5,97.98,80.5,24.3,37.22,142.02,240.0,0.59175,0,0.0,180000.0,270600.0,318217.0,1,1,1,4,5,2,1,49.2,125.45,51.04,14.33
2025-12-03|College Park Skyhawks|Westchester Knicks,Westchester Knicks,9,@ College Park Skyhawks - 2025-12-03 - L 111-116,2025-12-03,College Park Skyhawks,AWAY,L,111,116,180000.0,125300.0,0.0,1,1,1,4,3,0,0,3,124.15,115.85,0.0,0.0,115.85,240.0,0.482708,0,0.0,135000.0,270600.0,318217.0,1,1,1,3,5,2,0,41.71,139.52,58.77,0.0
2025-12-05|Greensboro Swarm|Westchester Knicks,Westchester Knicks,10,@ Greensboro Swarm - 2025-12-05 - L 106-112,2025-12-05,Greensboro Swarm,AWAY,L,106,112,135000.0,125300.0,255900.0,1,1,1,3,3,3,1,7,56.27,74.0,87.93,21.8,183.73,240.0,0.765542,0,0.0,90000.0,456200.0,85300.0,1,1,1,2,8,1,0,43.83,161.92,34.25,0.0
2025-12-07|Greensboro Swarm|Westchester Knicks,Westchester Knicks,11,@ Greensboro Swarm - 2025-12-07 - L 91-118,2025-12-07,Greensboro Swarm,AWAY,L,91,118,180000.0,125300.0,170600.0,1,1,1,4,3,2,0,5,101.7,86.19,52.1,0.0,138.29,239.99,0.576232,0,0.0,90000.0,456200.0,0.0,1,1,1,2,8,0,0,40.74,199.25,0.0,0.0
2025-12-10|Long Island Nets|Westchester Knicks,Westchester Knicks,12,VS Long Island Nets - 2025-12-10 - L 95-115,2025-12-10,Long Island Nets,HOME,L,95,115,90000.0,195600.0,255900.0,1,1,1,2,3,3,1,7,33.17,89.05,87.69,30.1,206.84,240.01,0.861797,0,0.0,45000.0,350900.0,85300.0,1,1,1,1,5,1,3,30.43,112.85,16.73,79.98
2025-12-12|Long Island Nets|Westchester Knicks,Westchester Knicks,13,VS Long Island Nets - 2025-12-12 - L 103-110,2025-12-12,Long Island Nets,HOME,L,103,110,180000.0,210600.0,0.0,1,1,1,4,4,0,0,4,117.79,122.22,0.0,0.0,122.22,240.01,0.509229,0,0.0,45000.0,333250.0,85300.0,1,1,1,1,6,1,0,38.68,165.67,35.65,0.0
2025-12-16|Raptors 905|Westchester Knicks,Westchester Knicks,14,VS Raptors 905 - 2025-12-16 - L 99-126,2025-12-16,Raptors 905,HOME,L,99,126,180000.0,270900.0,0.0,1,1,1,4,4,0,0,4,124.56,115.46,0.0,0.0,115.46,240.02,0.481043,0,0.0,135000.0,425900.0,403518.0,1,1,1,3,7,3,0,24.84,137.91,77.24,0.0
2025-12-20|Rio Grande Valley Vipers|Westchester Knicks,Westchester Knicks,15,@ Rio Grande Valley Vipers - 2025-12-20 - L 101-127,2025-12-20,Rio Grande Valley Vipers,AWAY,L,101,127,135000.0,356200.0,85300.0,1,1,1,3,5,1,1,7,48.8,123.15,31.25,36.8,191.2,240.0,0.796667,0,0.0,225000.0,197950.0,0.0,1,1,1,5,4,0,0,118.24,121.77,0.0,0.0
2025-12-22|Iowa Wolves|Westchester Knicks,Westchester Knicks,16,VS Iowa Wolves - 2025-12-22 - L 104-132,2025-12-22,Iowa Wolves,HOME,L,104,132,180000.0,356200.0,85300.0,1,1,1,4,5,1,1,7,73.55,101.63,34.73,30.08,166.44,239.99,0.693529,0,0.0,180000.0,330900.0,551136.0,1,1,1,4,5,3,0,63.58,95.2,81.22,0.0
2025-12-27|Birmingham Squadron|Westchester Knicks,Westchester Knicks,17,VS Birmingham Squadron - 2025-12-27 - L 98-105,2025-12-27,Birmingham Squadron,HOME,L,98,105,180000.0,341200.0,170600.0,1,1,1,4,4,2,0,6,37.65,126.03,76.32,0.0,202.35,240.0,0.843125,0,0.0,45000.0,441200.0,465836.0,1,1,1,1,6,2,0,38.78,128.84,72.4,0.0
2025-12-28|Birmingham Squadron|Westchester Knicks,Westchester Knicks,18,VS Birmingham Squadron - 2025-12-28 - W 128-118,2025-12-28,Birmingham Squadron,HOME,W,128,118,180000.0,341200.0,85300.0,1,1,1,4,4,1,0,5,86.48,128.52,25.0,0.0,153.52,240.0,0.639667,0,0.0,45000.0,441200.0,465836.0,1,1,1,1,6,2,0,26.1,156.1,57.81,0.0
2025-12-30|Raptors 905|Westchester Knicks,Westchester Knicks,19,@ Raptors 905 - 2025-12-30 - L 109-120,2025-12-30,Raptors 905,AWAY,L,109,120,90000.0,366200.0,85300.0,1,1,1,2,5,1,0,6,39.56,156.27,44.17,0.0,200.44,240.0,0.835167,0,0.0,135000.0,375900.0,318218.0,1,1,1,3,6,2,0,57.48,115.04,67.48,0.0
2026-01-01|Capital City Go-Go|Westchester Knicks,Westchester Knicks,20,VS Capital City Go-Go - 2026-01-01 - L 90-139,2026-01-01,Capital City Go-Go,HOME,L,90,139,90000.0,366200.0,85300.0,1,1,1,2,5,1,0,6,52.73,147.24,40.02,0.0,187.26,239.99,0.780283,0,0.0,135000.0,423850.0,0.0,1,1,1,3,6,0,0,90.18,149.82,0.0,0.0
2026-01-03|Motor City Cruise|Westchester Knicks,Westchester Knicks,21,@ Motor City Cruise - 2026-01-03 - W 140-132,2026-01-03,Motor City Cruise,AWAY,W,140,132,90000.0,366200.0,85300.0,1,1,1,2,5,1,0,6,52.05,169.21,45.32,0.0,214.53,266.58,0.804749,0,0.0,180000.0,305900.0,0.0,1,1,1,4,5,0,1,71.1,151.1,0.0,44.38
2026-01-04|Motor City Cruise|Westchester Knicks,Westchester Knicks,22,@ Motor City Cruise - 2026-01-04 - W 99-94,2026-01-04,Motor City Cruise,AWAY,W,99,94,90000.0,280900.0,170600.0,1,1,1,2,4,2,0,6,49.57,124.8,65.63,0.0,190.43,240.0,0.793458,0,0.0,180000.0,305900.0,0.0,1,1,1,4,5,0,0,82.71,157.28,0.0,0.0
2026-01-09|Stockton Kings|Westchester Knicks,Westchester Knicks,23,VS Stockton Kings - 2026-01-09 - L 110-123,2026-01-09,Stockton Kings,HOME,L,110,123,135000.0,381200.0,85300.0,1,1,1,3,6,1,0,7,57.83,154.27,27.88,0.0,182.15,239.98,0.759022,0,0.0,135000.0,283100.0,75000.0,1,1,1,3,5,1,0,68.89,133.99,37.12,0.0
2026-01-10|Stockton Kings|Westchester Knicks,Westchester Knicks,24,VS Stockton Kings - 2026-01-10 - L 106-120,2026-01-10,Stockton Kings,HOME,L,106,120,135000.0,381200.0,85300.0,1,1,1,3,6,1,0,7,58.06,154.44,27.52,0.0,181.96,240.02,0.758103,0,0.0,135000.0,283100.0,75000.0,1,1,1,3,5,1,0,54.11,151.54,34.35,0.0
2026-01-15|Greensboro Swarm|Westchester Knicks,Westchester Knicks,25,VS Greensboro Swarm - 2026-01-15 - L 111-123,2026-01-15,Greensboro Swarm,HOME,L,111,123,180000.0,295900.0,85300.0,1,1,1,4,5,1,0,6,83.12,130.6,26.28,0.0,156.88,240.0,0.653667,0,0.0,45000.0,451200.0,318218.0,1,1,1,1,8,2,0,15.13,163.72,61.15,0.0
2026-01-17|Westchester Knicks|Wisconsin Herd,Westchester Knicks,26,@ Wisconsin Herd - 2026-01-17 - W 104-94,2026-01-17,Wisconsin Herd,AWAY,W,104,94,180000.0,270900.0,85300.0,1,1,1,4,4,1,0,5,109.05,103.54,27.42,0.0,130.96,240.01,0.545644,0,0.0,90000.0,250600.0,170600.0,1,1,1,2,4,2,1,39.45,118.57,53.55,28.43
2026-01-19|Westchester Knicks|Wisconsin Herd,Westchester Knicks,27,@ Wisconsin Herd - 2026-01-19 - L 103-114,2026-01-19,Wisconsin Herd,AWAY,L,103,114,180000.0,270900.0,85300.0,1,1,1,4,4,1,0,5,92.93,115.34,31.72,0.0,147.06,239.99,0.612776,0,0.0,135000.0,250600.0,170600.0,1,1,1,3,4,2,0,69.33,125.08,45.59,0.0
2026-01-23|Westchester Knicks|Windy City Bulls,Westchester Knicks,28,VS Windy City Bulls - 2026-01-23 - W 114-104,2026-01-23,Windy City Bulls,HOME,W,114,104,45000.0,255900.0,170600.0,1,1,1,1,3,2,3,8,5.77,77.0,63.05,94.18,234.23,240.0,0.975958,0,0.0,135000.0,426500.0,318217.0,1,1,1,3,5,2,0,62.65,120.19,57.17,0.0
2026-01-24|Osceola Magic|Westchester Knicks,Westchester Knicks,29,VS Osceola Magic - 2026-01-24 - L 103-124,2026-01-24,Osceola Magic,HOME,L,103,124,180000.0,125300.0,170600.0,1,1,1,4,3,2,2,7,108.22,36.87,32.28,62.64,131.79,240.01,0.549102,0,0.0,135000.0,571800.0,0.0,1,1,1,3,7,0,0,52.76,187.24,0.0,0.0
2026-01-29|Osceola Magic|Westchester Knicks,Westchester Knicks,30,@ Osceola Magic - 2026-01-29 - L 102-110,2026-01-29,Osceola Magic,AWAY,L,102,110,135000.0,125300.0,85300.0,1,1,1,3,3,1,2,6,68.08,59.96,34.52,77.43,171.91,239.99,0.716322,0,0.0,90000.0,571800.0,0.0,1,1,1,2,7,0,0,54.55,185.44,0.0,0.0
2026-01-31|Maine Celtics|Westchester Knicks,Westchester Knicks,31,@ Maine Celtics - 2026-01-31 - L 98-108,2026-01-31,Maine Celtics,AWAY,L,98,108,135000.0,125300.0,85300.0,1,1,1,3,3,1,0,4,124.62,80.24,35.15,0.0,115.39,240.01,0.480772,0,0.0,90000.0,365900.0,318218.0,1,1,1,2,5,2,0,51.6,127.57,60.83,0.0
2026-02-01|Maine Celtics|Westchester Knicks,Westchester Knicks,32,@ Maine Celtics - 2026-02-01 - W 117-110,2026-02-01,Maine Celtics,AWAY,W,117,110,135000.0,280900.0,85300.0,1,1,1,3,4,1,0,5,84.46,124.85,30.68,0.0,155.53,239.99,0.648069,0,0.0,90000.0,365900.0,170600.0,1,1,1,2,5,2,0,43.97,128.09,67.95,0.0
2026-02-06|Salt Lake City Stars|Westchester Knicks,Westchester Knicks,33,@ Salt Lake City Stars - 2026-02-06 - L 107-131,2026-02-06,Salt Lake City Stars,AWAY,L,107,131,180000.0,295900.0,0.0,1,1,1,4,5,0,1,6,80.85,130.23,0.0,28.92,159.15,240.0,0.663125,0,0.0,135000.0,511800.0,0.0,1,1,1,3,6,0,0,78.26,161.75,0.0,0.0
2026-02-07|Salt Lake City Stars|Westchester Knicks,Westchester Knicks,34,@ Salt Lake City Stars - 2026-02-07 - L 124-132,2026-02-07,Salt Lake City Stars,AWAY,L,124,132,180000.0,295900.0,0.0,1,1,1,4,5,0,1,6,62.94,140.57,0.0,36.47,177.04,239.98,0.737728,0,0.0,135000.0,511800.0,0.0,1,1,1,3,6,0,0,87.66,152.33,0.0,0.0
2026-02-10|Valley Suns|Westchester Knicks,Westchester Knicks,35,@ Valley Suns - 2026-02-10 - L 104-106,2026-02-10,Valley Suns,AWAY,L,104,106,180000.0,295900.0,0.0,1,1,1,4,5,0,1,6,78.1,127.77,0.0,34.15,161.92,240.02,0.67461,0,0.0,90000.0,511800.0,232918.0,1,1,1,2,6,1,0,36.6,176.59,26.8,0.0
2026-02-19|Grand Rapids Gold|Westchester Knicks,Westchester Knicks,36,VS Grand Rapids Gold - 2026-02-19 - W 124-119,2026-02-19,Grand Rapids Gold,HOME,W,124,119,90000.0,255900.0,170600.0,1,1,1,2,3,2,2,7,34.37,80.42,62.1,63.13,205.65,240.02,0.856804,0,0.0,135000.0,332670.0,232918.0,1,1,1,3,5,1,0,62.7,138.49,38.82,0.0
2026-02-21|Cleveland Charge|Westchester Knicks,Westchester Knicks,37,VS Cleveland Charge - 2026-02-21 - W 122-114,2026-02-21,Cleveland Charge,HOME,W,122,114,90000.0,255900.0,170600.0,1,1,1,2,3,2,3,8,17.46,63.27,60.05,99.22,222.54,240.0,0.92725,0,0.0,180000.0,230600.0,0.0,1,1,1,4,4,0,0,96.02,143.98,0.0,0.0
2026-02-26|Capital City Go-Go|Westchester Knicks,Westchester Knicks,38,VS Capital City Go-Go - 2026-02-26 - W 124-112,2026-02-26,Capital City Go-Go,HOME,W,124,112,180000.0,270900.0,85300.0,1,1,1,4,4,1,2,7,49.46,95.48,31.92,63.15,190.55,240.01,0.793925,0,0.0,180000.0,328550.0,0.0,1,1,1,4,5,0,0,103.47,136.52,0.0,0.0
2026-03-01|Long Island Nets|Westchester Knicks,Westchester Knicks,39,@ Long Island Nets - 2026-03-01 - L 111-117,2026-03-01,Long Island Nets,AWAY,L,111,117,225000.0,185600.0,85300.0,1,1,1,5,3,1,2,6,88.67,66.09,19.18,66.05,151.32,239.99,0.630526,0,0.0,0.0,333250.0,320600.0,1,1,1,0,6,3,1,0.0,120.68,91.11,28.2
2026-03-04|Delaware Blue Coats|Westchester Knicks,Westchester Knicks,40,@ Delaware Blue Coats - 2026-03-04 - L 122-125,2026-03-04,Delaware Blue Coats,AWAY,L,122,125,225000.0,185600.0,85300.0,1,1,1,5,3,1,2,6,88.8,49.49,32.77,68.96,151.22,240.02,0.630031,0,0.0,180000.0,260900.0,0.0,1,1,1,4,5,0,0,79.11,160.87,0.0,0.0
2026-03-06|Delaware Blue Coats|Westchester Knicks,Westchester Knicks,41,@ Delaware Blue Coats - 2026-03-06 - W 132-120,2026-03-06,Delaware Blue Coats,AWAY,W,132,120,225000.0,210600.0,0.0,1,1,1,5,4,0,1,5,110.75,91.9,0.0,37.35,129.25,240.0,0.538542,0,0.0,180000.0,260900.0,0.0,1,1,1,4,5,0,0,83.31,156.7,0.0,0.0
2026-03-12|Raptors 905|Westchester Knicks,Westchester Knicks,42,VS Raptors 905 - 2026-03-12 - L 120-124,2026-03-12,Raptors 905,HOME,L,120,124,180000.0,210600.0,0.0,1,1,1,4,4,0,1,5,109.44,93.76,0.0,36.8,130.56,240.0,0.544,0,0.0,135000.0,290600.0,85300.0,1,1,1,3,5,1,1,30.94,153.06,33.28,22.73
2026-03-14|Noblesville Boom|Westchester Knicks,Westchester Knicks,43,@ Noblesville Boom - 2026-03-14 - L 115-141,2026-03-14,Noblesville Boom,AWAY,L,115,141,180000.0,170600.0,170600.0,1,1,1,4,2,2,4,8,33.5,43.28,43.95,119.27,206.5,240.0,0.860417,0,0.0,360000.0,170600.0,0.0,1,1,1,8,2,0,0,208.47,31.52,0.0,0.0
2026-03-15|Noblesville Boom|Westchester Knicks,Westchester Knicks,44,@ Noblesville Boom - 2026-03-15 - W 120-110,2026-03-15,Noblesville Boom,AWAY,W,120,110,180000.0,170600.0,170600.0,1,1,1,4,2,2,1,5,92.93,43.13,70.03,33.9,147.06,239.99,0.612776,0,0.0,315000.0,170600.0,0.0,1,1,1,7,2,0,0,194.05,45.97,0.0,0.0
2026-03-17|Cleveland Charge|Westchester Knicks,Westchester Knicks,45,VS Cleveland Charge - 2026-03-17 - L 107-122,2026-03-17,Cleveland Charge,HOME,L,107,122,180000.0,210600.0,0.0,1,1,1,4,4,0,0,4,127.95,112.05,0.0,0.0,112.05,240.0,0.466875,0,0.0,180000.0,315900.0,0.0,1,1,1,4,5,0,1,82.7,136.51,0.0,20.78
2026-03-19|College Park Skyhawks|Westchester Knicks,Westchester Knicks,46,VS College Park Skyhawks - 2026-03-19 - L 121-128,2026-03-19,College Park Skyhawks,HOME,L,121,128,135000.0,170600.0,170600.0,1,1,1,3,2,2,2,6,57.35,50.95,59.56,72.14,182.65,240.0,0.761042,0,0.0,315000.0,115300.0,150000.0,1,1,1,7,2,1,0,154.26,52.42,33.32,0.0
2026-03-21|College Park Skyhawks|Westchester Knicks,Westchester Knicks,47,VS College Park Skyhawks - 2026-03-21 - L 98-129,2026-03-21,College Park Skyhawks,HOME,L,98,129,225000.0,210600.0,85300.0,1,1,1,5,4,1,3,8,80.29,54.7,22.43,82.58,159.71,240.0,0.665458,0,0.0,360000.0,160300.0,150000.0,1,1,1,8,3,1,0,150.77,56.91,32.33,0.0
2026-03-22|Greensboro Swarm|Westchester Knicks,Westchester Knicks,48,VS Greensboro Swarm - 2026-03-22 - W 141-131,2026-03-22,Greensboro Swarm,HOME,W,141,131,90000.0,170600.0,85300.0,1,1,1,2,2,1,4,7,37.12,41.9,31.32,129.66,202.88,240.0,0.845333,0,0.0,45000.0,280600.0,551136.0,1,1,1,1,6,3,1,11.87,105.02,85.15,37.97
2026-03-24|Long Island Nets|Westchester Knicks,Westchester Knicks,49,@ Long Island Nets - 2026-03-24 - W 114-104,2026-03-24,Long Island Nets,AWAY,W,114,104,225000.0,170600.0,0.0,1,1,1,5,2,0,2,4,111.18,55.95,0.0,72.88,128.83,240.01,0.536769,0,0.0,180000.0,330900.0,0.0,1,1,1,4,5,0,0,90.99,149.0,0.0,0.0
2026-03-28|Westchester Knicks|Windy City Bulls,Westchester Knicks,50,VS Windy City Bulls - 2026-03-28 - W 123-121,2026-03-28,Windy City Bulls,HOME,W,123,121,225000.0,170600.0,0.0,1,1,1,5,2,0,2,4,116.89,60.43,0.0,62.67,123.1,239.99,0.512938,0,0.0,315000.0,85300.0,0.0,1,1,1,7,1,0,0,195.64,44.37,0.0,0.0
2025-11-08|Windy City Bulls|Wisconsin Herd,Windy City Bulls,1,VS Wisconsin Herd - 2025-11-08 - W 110-107,2025-11-08,Wisconsin Herd,HOME,W,110,107,90000.0,426500.0,403517.0,1,1,1,2,5,3,0,8,39.45,115.56,84.99,0.0,200.55,240.0,0.835625,0,0.0,180000.0,335900.0,403518.0,1,1,1,4,5,3,0,37.13,123.67,79.2,0.0
2025-11-11|Windy City Bulls|Wisconsin Herd,Windy City Bulls,2,@ Wisconsin Herd - 2025-11-11 - W 127-114,2025-11-11,Wisconsin Herd,AWAY,W,127,114,180000.0,341200.0,403517.0,1,1,1,4,4,3,1,8,41.84,87.66,81.05,29.43,198.14,239.98,0.825652,0,0.0,180000.0,335900.0,85300.0,1,1,1,4,5,1,1,70.23,123.51,22.27,24.0
2025-11-16|Sioux Falls Skyforce|Windy City Bulls,Windy City Bulls,3,VS Sioux Falls Skyforce - 2025-11-16 - W 152-112,2025-11-16,Sioux Falls Skyforce,HOME,W,152,112,180000.0,511800.0,403517.0,1,1,1,4,6,3,0,9,47.72,113.77,78.52,0.0,192.29,240.01,0.801175,0,0.0,180000.0,511800.0,85300.0,1,1,1,4,6,1,1,48.45,144.71,25.02,21.82
2025-11-20|Iowa Wolves|Windy City Bulls,Windy City Bulls,4,@ Iowa Wolves - 2025-11-20 - W 144-140,2025-11-20,Iowa Wolves,AWAY,W,144,140,135000.0,426500.0,318217.0,1,1,1,3,5,2,0,7,39.6,131.08,69.32,0.0,200.4,240.0,0.835,0,0.0,90000.0,366200.0,551136.0,1,1,1,2,5,3,0,19.2,126.78,94.03,0.0
2025-11-21|Iowa Wolves|Windy City Bulls,Windy City Bulls,5,@ Iowa Wolves - 2025-11-21 - L 128-156,2025-11-21,Iowa Wolves,AWAY,L,128,156,180000.0,341200.0,318217.0,1,1,1,4,4,2,1,7,40.61,98.06,69.94,31.4,199.4,240.01,0.830799,0,0.0,135000.0,366200.0,551136.0,1,1,1,3,5,3,0,36.09,124.4,79.52,0.0
2025-11-26|Sioux Falls Skyforce|Windy City Bulls,Windy City Bulls,6,VS Sioux Falls Skyforce - 2025-11-26 - L 122-129,2025-11-26,Sioux Falls Skyforce,HOME,L,122,129,45000.0,426500.0,403517.0,1,1,1,1,5,3,1,9,12.05,113.29,83.68,30.97,227.94,239.99,0.94979,0,0.0,135000.0,341200.0,85300.0,1,1,1,3,4,1,1,61.01,116.67,33.33,29.0
2025-11-28|Cleveland Charge|Windy City Bulls,Windy City Bulls,7,VS Cleveland Charge - 2025-11-28 - W 142-135,2025-11-28,Cleveland Charge,HOME,W,142,135,45000.0,426500.0,403517.0,1,1,1,1,5,3,1,9,15.92,105.37,87.23,31.48,224.08,240.0,0.933667,0,0.0,45000.0,561800.0,382917.0,1,1,1,1,7,2,0,21.8,158.49,59.7,0.0
2025-11-30|Cleveland Charge|Windy City Bulls,Windy City Bulls,8,VS Cleveland Charge - 2025-11-30 - L 117-135,2025-11-30,Cleveland Charge,HOME,L,117,135,180000.0,426500.0,0.0,1,1,1,4,5,0,0,5,59.79,180.22,0.0,0.0,180.22,240.01,0.750885,0,0.0,90000.0,571800.0,150000.0,1,1,1,2,8,1,0,24.01,190.87,25.15,0.0
2025-12-05|Motor City Cruise|Windy City Bulls,Windy City Bulls,9,VS Motor City Cruise - 2025-12-05 - L 118-129,2025-12-05,Motor City Cruise,HOME,L,118,129,135000.0,426500.0,85300.0,1,1,1,3,5,1,0,6,51.5,152.64,35.87,0.0,188.51,240.01,0.785426,0,0.0,180000.0,391200.0,318218.0,1,1,1,4,6,2,0,57.64,120.73,61.62,0.0
2025-12-06|Motor City Cruise|Windy City Bulls,Windy City Bulls,10,VS Motor City Cruise - 2025-12-06 - L 126-128,2025-12-06,Motor City Cruise,HOME,L,126,128,90000.0,426500.0,403517.0,1,1,1,2,5,3,0,8,33.03,132.73,93.64,0.0,226.37,259.4,0.872668,0,0.0,90000.0,391200.0,318218.0,1,1,1,2,6,2,0,47.26,147.2,64.95,0.0
2025-12-09|Grand Rapids Gold|Windy City Bulls,Windy City Bulls,11,@ Grand Rapids Gold - 2025-12-09 - L 129-142,2025-12-09,Grand Rapids Gold,AWAY,L,129,142,90000.0,426500.0,403517.0,1,1,1,2,5,3,0,8,27.91,112.44,99.65,0.0,212.09,240.0,0.883708,0,0.0,45000.0,460620.0,465836.0,1,1,1,1,6,2,0,37.18,139.85,62.96,0.0
2025-12-11|Grand Rapids Gold|Windy City Bulls,Windy City Bulls,12,@ Grand Rapids Gold - 2025-12-11 - W 139-134,2025-12-11,Grand Rapids Gold,AWAY,W,139,134,90000.0,426500.0,403517.0,1,1,1,2,5,3,0,8,29.9,111.61,98.5,0.0,210.11,240.01,0.875422,0,0.0,45000.0,426500.0,232918.0,1,1,1,1,7,1,0,39.63,160.06,40.3,0.0
2025-12-13|Noblesville Boom|Windy City Bulls,Windy City Bulls,13,@ Noblesville Boom - 2025-12-13 - L 114-130,2025-12-13,Noblesville Boom,AWAY,L,114,130,90000.0,426500.0,403517.0,1,1,1,2,5,3,0,8,31.63,115.89,92.49,0.0,208.38,240.01,0.868214,0,0.0,90000.0,511800.0,232918.0,1,1,1,2,6,1,0,38.8,169.7,31.5,0.0
2025-12-14|Noblesville Boom|Windy City Bulls,Windy City Bulls,14,@ Noblesville Boom - 2025-12-14 - W 137-134,2025-12-14,Noblesville Boom,AWAY,W,137,134,180000.0,255900.0,318217.0,1,1,1,4,3,2,0,5,75.97,98.3,65.74,0.0,164.04,240.01,0.683472,0,0.0,135000.0,511800.0,232918.0,1,1,1,3,6,1,0,61.3,141.15,37.55,0.0
2025-12-20|Memphis Hustle|Windy City Bulls,Windy City Bulls,15,VS Memphis Hustle - 2025-12-20 - W 110-102,2025-12-20,Memphis Hustle,HOME,W,110,102,90000.0,426500.0,403517.0,1,1,1,2,5,3,0,8,41.7,104.85,93.44,0.0,198.29,239.99,0.826243,0,0.0,180000.0,341200.0,270668.0,1,1,1,4,4,1,1,74.63,99.21,31.88,34.28
2025-12-22|Rip City Remix|Windy City Bulls,Windy City Bulls,16,@ Rip City Remix - 2025-12-22 - L 119-121,2025-12-22,Rip City Remix,AWAY,L,119,121,135000.0,426500.0,403517.0,1,1,1,3,5,3,0,8,41.25,105.49,93.27,0.0,198.76,240.01,0.828132,0,0.0,225000.0,255900.0,232917.0,1,1,1,5,3,1,0,132.78,71.68,35.55,0.0
2025-12-27|Motor City Cruise|Windy City Bulls,Windy City Bulls,17,@ Motor City Cruise - 2025-12-27 - W 116-101,2025-12-27,Motor City Cruise,AWAY,W,116,101,135000.0,341200.0,318217.0,1,1,1,3,4,2,0,6,66.2,112.21,61.58,0.0,173.79,239.99,0.724155,0,0.0,225000.0,220600.0,232918.0,1,1,1,5,4,1,0,86.29,124.95,28.77,0.0
2025-12-29|Motor City Cruise|Windy City Bulls,Windy City Bulls,18,@ Motor City Cruise - 2025-12-29 - L 117-138,2025-12-29,Motor City Cruise,AWAY,L,117,138,180000.0,341200.0,0.0,1,1,1,4,4,0,0,4,86.94,153.06,0.0,0.0,153.06,240.0,0.63775,0,0.0,225000.0,305900.0,232918.0,1,1,1,5,5,1,0,58.15,157.37,24.48,0.0
2026-01-02|Osceola Magic|Windy City Bulls,Windy City Bulls,19,VS Osceola Magic - 2026-01-02 - W 128-121,2026-01-02,Osceola Magic,HOME,W,128,121,135000.0,341200.0,232917.0,1,1,1,3,4,1,0,5,60.77,140.9,38.33,0.0,179.23,240.0,0.746792,0,0.0,90000.0,571800.0,0.0,1,1,1,2,7,0,0,32.03,207.99,0.0,0.0
2026-01-03|Osceola Magic|Windy City Bulls,Windy City Bulls,20,VS Osceola Magic - 2026-01-03 - L 114-130,2026-01-03,Osceola Magic,HOME,L,114,130,135000.0,341200.0,232917.0,1,1,1,3,4,1,0,5,62.6,139.54,37.87,0.0,177.41,240.01,0.739178,0,0.0,90000.0,571800.0,0.0,1,1,1,2,7,0,0,41.24,198.76,0.0,0.0
2026-01-08|Delaware Blue Coats|Windy City Bulls,Windy City Bulls,21,VS Delaware Blue Coats - 2026-01-08 - L 131-141,2026-01-08,Delaware Blue Coats,HOME,L,131,141,180000.0,341200.0,0.0,1,1,1,4,4,0,0,4,92.6,147.41,0.0,0.0,147.41,240.01,0.614183,0,0.0,90000.0,346200.0,0.0,1,1,1,2,6,0,1,55.05,148.64,0.0,36.32
2026-01-10|Delaware Blue Coats|Windy City Bulls,Windy City Bulls,22,VS Delaware Blue Coats - 2026-01-10 - W 129-126,2026-01-10,Delaware Blue Coats,HOME,W,129,126,135000.0,341200.0,232917.0,1,1,1,3,4,1,0,5,66.56,136.13,37.32,0.0,173.45,240.01,0.722678,0,0.0,90000.0,346200.0,0.0,1,1,1,2,6,0,1,52.5,155.51,0.0,31.98
2026-01-11|Noblesville Boom|Windy City Bulls,Windy City Bulls,23,VS Noblesville Boom - 2026-01-11 - L 120-128,2026-01-11,Noblesville Boom,HOME,L,120,128,135000.0,341200.0,318217.0,1,1,1,3,4,2,0,6,48.52,122.03,69.45,0.0,191.48,240.0,0.797833,0,0.0,135000.0,341200.0,465836.0,1,1,1,3,4,2,0,71.97,106.62,61.42,0.0
2026-01-15|San Diego Clippers|Windy City Bulls,Windy City Bulls,24,@ San Diego Clippers - 2026-01-15 - W 131-104,2026-01-15,San Diego Clippers,AWAY,W,131,104,180000.0,341200.0,318217.0,1,1,1,4,4,2,0,6,76.1,116.02,47.89,0.0,163.91,240.01,0.68293,0,0.0,180000.0,301200.0,0.0,1,1,1,4,4,0,0,111.03,128.97,0.0,0.0
2026-01-23|Westchester Knicks|Windy City Bulls,Windy City Bulls,25,@ Westchester Knicks - 2026-01-23 - L 104-114,2026-01-23,Westchester Knicks,AWAY,L,104,114,135000.0,426500.0,318217.0,1,1,1,3,5,2,0,7,62.65,120.19,57.17,0.0,177.36,240.01,0.738969,0,0.0,45000.0,255900.0,170600.0,1,1,1,1,3,2,3,5.77,77.0,63.05,94.18
2026-01-26|Oklahoma City Blue|Windy City Bulls,Windy City Bulls,26,@ Oklahoma City Blue - 2026-01-26 - W 116-103,2026-01-26,Oklahoma City Blue,AWAY,W,116,103,225000.0,426500.0,0.0,1,1,1,5,5,0,0,5,107.07,132.93,0.0,0.0,132.93,240.0,0.553875,0,0.0,270000.0,255900.0,0.0,1,1,1,6,3,0,0,162.38,77.62,0.0,0.0
2026-01-28|Oklahoma City Blue|Windy City Bulls,Windy City Bulls,27,@ Oklahoma City Blue - 2026-01-28 - W 123-102,2026-01-28,Oklahoma City Blue,AWAY,W,123,102,180000.0,426500.0,0.0,1,1,1,4,5,0,0,5,94.61,145.41,0.0,0.0,145.41,240.02,0.605825,0,0.0,270000.0,170600.0,0.0,1,1,1,6,2,0,0,187.93,52.09,0.0,0.0
2026-01-30|Greensboro Swarm|Windy City Bulls,Windy City Bulls,28,@ Greensboro Swarm - 2026-01-30 - W 115-110,2026-01-30,Greensboro Swarm,AWAY,W,115,110,225000.0,341200.0,0.0,1,1,1,5,4,0,0,4,129.74,110.25,0.0,0.0,110.25,239.99,0.459394,0,0.0,0.0,446200.0,318218.0,1,1,1,0,7,2,1,0.0,146.51,59.29,34.2
2026-02-02|Greensboro Swarm|Windy City Bulls,Windy City Bulls,29,@ Greensboro Swarm - 2026-02-02 - L 103-126,2026-02-02,Greensboro Swarm,AWAY,L,103,126,225000.0,341200.0,0.0,1,1,1,5,4,0,0,4,129.38,110.61,0.0,0.0,110.61,239.99,0.460894,0,0.0,0.0,451200.0,318218.0,1,1,1,0,8,2,1,0.0,147.78,58.34,33.88
2026-02-05|Long Island Nets|Windy City Bulls,Windy City Bulls,30,VS Long Island Nets - 2026-02-05 - L 123-143,2026-02-05,Long Island Nets,HOME,L,123,143,180000.0,341200.0,0.0,1,1,1,4,4,0,0,4,114.53,125.47,0.0,0.0,125.47,240.0,0.522792,0,0.0,90000.0,503850.0,320600.0,1,1,1,2,8,3,0,30.58,131.84,77.57,0.0
2026-02-06|Long Island Nets|Windy City Bulls,Windy City Bulls,31,VS Long Island Nets - 2026-02-06 - W 133-127,2026-02-06,Long Island Nets,HOME,W,133,127,180000.0,341200.0,85300.0,1,1,1,4,4,1,0,5,84.02,118.29,37.68,0.0,155.97,239.99,0.649902,0,0.0,45000.0,247950.0,320600.0,1,1,1,1,5,3,0,33.2,124.2,82.6,0.0
2026-02-11|Grand Rapids Gold|Windy City Bulls,Windy City Bulls,32,VS Grand Rapids Gold - 2026-02-11 - L 131-135,2026-02-11,Grand Rapids Gold,HOME,L,131,135,135000.0,426500.0,85300.0,1,1,1,3,5,1,0,6,66.6,132.85,40.55,0.0,173.4,240.0,0.7225,0,0.0,135000.0,469150.0,232918.0,1,1,1,3,6,1,0,32.9,178.19,28.92,0.0
2026-02-12|Grand Rapids Gold|Windy City Bulls,Windy City Bulls,33,VS Grand Rapids Gold - 2026-02-12 - W 116-111,2026-02-12,Grand Rapids Gold,HOME,W,116,111,135000.0,255900.0,170600.0,1,1,1,3,3,2,0,5,49.64,117.86,72.5,0.0,190.36,240.0,0.793167,0,0.0,90000.0,503270.0,232918.0,1,1,1,2,7,1,0,26.65,179.05,34.3,0.0
2026-02-20|Raptors 905|Windy City Bulls,Windy City Bulls,34,VS Raptors 905 - 2026-02-20 - L 135-141,2026-02-20,Raptors 905,HOME,L,135,141,90000.0,341200.0,170600.0,1,1,1,2,4,2,1,7,42.35,99.23,68.87,29.55,197.65,240.0,0.823542,0,0.0,90000.0,290600.0,318218.0,1,1,1,2,5,2,1,46.54,95.47,61.43,36.57
2026-02-21|Raptors 905|Windy City Bulls,Windy City Bulls,35,VS Raptors 905 - 2026-02-21 - L 138-141,2026-02-21,Raptors 905,HOME,L,138,141,135000.0,341200.0,170600.0,1,1,1,3,4,2,0,6,54.91,120.17,64.94,0.0,185.11,240.02,0.771227,0,0.0,90000.0,290600.0,318218.0,1,1,1,2,5,2,0,38.39,131.5,70.11,0.0
2026-02-24|Windy City Bulls|Wisconsin Herd,Windy City Bulls,36,VS Wisconsin Herd - 2026-02-24 - W 112-104,2026-02-24,Wisconsin Herd,HOME,W,112,104,90000.0,341200.0,85300.0,1,1,1,2,4,1,0,5,56.91,146.0,37.08,0.0,183.08,239.99,0.762865,0,0.0,225000.0,170600.0,170600.0,1,1,1,5,2,2,0,112.93,77.25,49.85,0.0
2026-02-27|Maine Celtics|Windy City Bulls,Windy City Bulls,37,@ Maine Celtics - 2026-02-27 - W 121-106,2026-02-27,Maine Celtics,AWAY,W,121,106,180000.0,341200.0,85300.0,1,1,1,4,4,1,0,5,74.07,132.04,33.9,0.0,165.94,240.01,0.691388,0,0.0,135000.0,280600.0,318218.0,1,1,1,3,4,2,0,52.3,114.39,73.35,0.0
2026-03-01|Maine Celtics|Windy City Bulls,Windy City Bulls,38,@ Maine Celtics - 2026-03-01 - L 97-122,2026-03-01,Maine Celtics,AWAY,L,97,122,270000.0,255900.0,0.0,1,1,1,6,3,0,0,3,151.45,88.55,0.0,0.0,88.55,240.0,0.368958,0,0.0,180000.0,280600.0,551136.0,1,1,1,4,4,3,0,70.38,109.69,59.93,0.0
2026-03-03|Cleveland Charge|Windy City Bulls,Windy City Bulls,39,@ Cleveland Charge - 2026-03-03 - L 105-148,2026-03-03,Cleveland Charge,AWAY,L,105,148,270000.0,170600.0,0.0,1,1,1,6,2,0,0,2,171.66,68.33,0.0,0.0,68.33,239.99,0.28472,0,0.0,270000.0,401200.0,0.0,1,1,1,6,6,0,1,73.01,140.36,0.0,26.63
2026-03-06|Cleveland Charge|Windy City Bulls,Windy City Bulls,40,@ Cleveland Charge - 2026-03-06 - L 99-125,2026-03-06,Cleveland Charge,AWAY,L,99,125,225000.0,85300.0,0.0,1,1,1,5,1,0,0,1,194.47,45.53,0.0,0.0,45.53,240.0,0.189708,0,0.0,270000.0,401200.0,0.0,1,1,1,6,6,0,0,91.39,148.63,0.0,0.0
2026-03-08|Rio Grande Valley Vipers|Windy City Bulls,Windy City Bulls,41,VS Rio Grande Valley Vipers - 2026-03-08 - L 100-137,2026-03-08,Rio Grande Valley Vipers,HOME,L,100,137,315000.0,255900.0,0.0,1,1,1,7,3,0,0,3,144.24,95.77,0.0,0.0,95.77,240.01,0.399025,0,0.0,180000.0,215600.0,0.0,1,1,1,4,4,0,1,103.46,109.44,0.0,27.12
2026-03-10|College Park Skyhawks|Windy City Bulls,Windy City Bulls,42,VS College Park Skyhawks - 2026-03-10 - L 126-127,2026-03-10,College Park Skyhawks,HOME,L,126,127,270000.0,255900.0,85300.0,1,1,1,6,3,1,0,4,118.14,106.2,31.5,0.0,137.7,255.84,0.538227,0,0.0,315000.0,115300.0,150000.0,1,1,1,7,2,1,0,162.42,56.52,36.88,0.0
2026-03-12|Valley Suns|Windy City Bulls,Windy City Bulls,43,VS Valley Suns - 2026-03-12 - W 124-116,2026-03-12,Valley Suns,HOME,W,124,116,270000.0,255900.0,0.0,1,1,1,6,3,0,0,3,131.53,108.46,0.0,0.0,108.46,239.99,0.451935,0,0.0,225000.0,255900.0,232918.0,1,1,1,5,3,1,0,108.98,93.54,37.48,0.0
2026-03-14|Valley Suns|Windy City Bulls,Windy City Bulls,44,VS Valley Suns - 2026-03-14 - W 125-116,2026-03-14,Valley Suns,HOME,W,125,116,270000.0,255900.0,0.0,1,1,1,6,3,0,0,3,127.22,112.78,0.0,0.0,112.78,240.0,0.469917,0,0.0,225000.0,190600.0,232918.0,1,1,1,5,3,1,0,115.33,86.93,37.73,0.0
2026-03-16|Windy City Bulls|Wisconsin Herd,Windy City Bulls,45,VS Wisconsin Herd - 2026-03-16 - W 116-115,2026-03-16,Wisconsin Herd,HOME,W,116,115,225000.0,255900.0,0.0,1,1,1,5,3,0,0,3,115.36,124.65,0.0,0.0,124.65,240.01,0.519353,0,0.0,180000.0,335900.0,170600.0,1,1,1,4,5,2,0,61.67,127.87,50.47,0.0
2026-03-18|Capital City Go-Go|Windy City Bulls,Windy City Bulls,46,@ Capital City Go-Go - 2026-03-18 - L 122-133,2026-03-18,Capital City Go-Go,AWAY,L,122,133,225000.0,255900.0,0.0,1,1,1,5,3,0,0,3,122.42,117.58,0.0,0.0,117.58,240.0,0.489917,0,0.0,270000.0,200600.0,0.0,1,1,1,6,3,0,0,142.22,97.79,0.0,0.0
2026-03-20|Capital City Go-Go|Windy City Bulls,Windy City Bulls,47,@ Capital City Go-Go - 2026-03-20 - L 143-154,2026-03-20,Capital City Go-Go,AWAY,L,143,154,225000.0,170600.0,85300.0,1,1,1,5,2,1,0,3,114.11,87.87,38.03,0.0,125.9,240.01,0.524561,0,0.0,270000.0,243250.0,0.0,1,1,1,6,4,0,0,145.51,94.49,0.0,0.0
2026-03-22|Birmingham Squadron|Windy City Bulls,Windy City Bulls,48,@ Birmingham Squadron - 2026-03-22 - L 119-134,2026-03-22,Birmingham Squadron,AWAY,L,119,134,315000.0,170600.0,85300.0,1,1,1,7,2,1,0,3,121.12,83.17,35.72,0.0,118.89,240.01,0.495354,0,0.0,135000.0,441200.0,465836.0,1,1,1,3,6,2,0,5.86,162.43,71.72,0.0
2026-03-24|Birmingham Squadron|Windy City Bulls,Windy City Bulls,49,@ Birmingham Squadron - 2026-03-24 - L 133-134,2026-03-24,Birmingham Squadron,AWAY,L,133,134,315000.0,170600.0,0.0,1,1,1,7,2,0,0,2,165.63,74.4,0.0,0.0,74.4,240.03,0.309961,0,0.0,0.0,441200.0,465836.0,1,1,1,0,6,2,0,0.0,164.26,75.74,0.0
2026-03-28|Westchester Knicks|Windy City Bulls,Windy City Bulls,50,@ Westchester Knicks - 2026-03-28 - L 121-123,2026-03-28,Westchester Knicks,AWAY,L,121,123,315000.0,85300.0,0.0,1,1,1,7,1,0,0,1,195.64,44.37,0.0,0.0,44.37,240.01,0.184867,0,0.0,225000.0,170600.0,0.0,1,1,1,5,2,0,2,116.89,60.43,0.0,62.67
2025-11-08|Windy City Bulls|Wisconsin Herd,Wisconsin Herd,1,@ Windy City Bulls - 2025-11-08 - L 107-110,2025-11-08,Windy City Bulls,AWAY,L,107,110,180000.0,335900.0,403518.0,1,1,1,4,5,3,0,8,37.13,123.67,79.2,0.0,202.87,240.0,0.845292,0,0.0,90000.0,426500.0,403517.0,1,1,1,2,5,3,0,39.45,115.56,84.99,0.0
2025-11-11|Windy City Bulls|Wisconsin Herd,Wisconsin Herd,2,VS Windy City Bulls - 2025-11-11 - L 114-127,2025-11-11,Windy City Bulls,HOME,L,114,127,180000.0,335900.0,85300.0,1,1,1,4,5,1,1,7,70.23,123.51,22.27,24.0,169.78,240.01,0.707387,0,0.0,180000.0,341200.0,403517.0,1,1,1,4,4,3,1,41.84,87.66,81.05,29.43
2025-11-14|Cleveland Charge|Wisconsin Herd,Wisconsin Herd,3,@ Cleveland Charge - 2025-11-14 - L 113-115,2025-11-14,Cleveland Charge,AWAY,L,113,115,135000.0,250600.0,318218.0,1,1,1,3,4,2,1,7,64.38,91.32,57.15,27.15,175.62,240.0,0.73175,0,0.0,45000.0,571800.0,382917.0,1,1,1,1,8,2,0,10.38,176.71,52.92,0.0
2025-11-15|Cleveland Charge|Wisconsin Herd,Wisconsin Herd,4,@ Cleveland Charge - 2025-11-15 - W 110-109,2025-11-15,Cleveland Charge,AWAY,W,110,109,180000.0,250600.0,318218.0,1,1,1,4,4,2,0,6,98.26,86.88,54.85,0.0,141.73,239.99,0.590566,0,0.0,45000.0,486500.0,382917.0,1,1,1,1,7,2,0,15.72,172.94,51.37,0.0
2025-11-19|Grand Rapids Gold|Wisconsin Herd,Wisconsin Herd,5,VS Grand Rapids Gold - 2025-11-19 - L 95-114,2025-11-19,Grand Rapids Gold,HOME,L,95,114,135000.0,165300.0,403518.0,1,1,1,3,3,3,1,7,67.93,70.49,81.75,19.83,172.07,240.0,0.716958,0,0.0,135000.0,511800.0,465836.0,1,1,1,3,8,2,0,38.77,137.87,63.4,0.0
2025-11-21|Sioux Falls Skyforce|Wisconsin Herd,Wisconsin Herd,6,VS Sioux Falls Skyforce - 2025-11-21 - L 121-135,2025-11-21,Sioux Falls Skyforce,HOME,L,121,135,180000.0,210600.0,403518.0,1,1,1,4,3,3,0,6,78.32,70.27,91.44,0.0,161.71,240.03,0.673707,0,0.0,45000.0,511800.0,85300.0,1,1,1,1,6,1,1,23.58,166.83,26.0,23.58
2025-11-22|Sioux Falls Skyforce|Wisconsin Herd,Wisconsin Herd,7,VS Sioux Falls Skyforce - 2025-11-22 - L 98-101,2025-11-22,Sioux Falls Skyforce,HOME,L,98,101,225000.0,210600.0,85300.0,1,1,1,5,3,1,1,5,93.93,101.8,16.3,27.97,146.07,240.0,0.608625,0,0.0,90000.0,511800.0,85300.0,1,1,1,2,6,1,1,26.24,166.25,19.72,27.83
2025-11-25|Motor City Cruise|Wisconsin Herd,Wisconsin Herd,8,@ Motor City Cruise - 2025-11-25 - W 118-111,2025-11-25,Motor City Cruise,AWAY,W,118,111,225000.0,210600.0,85300.0,1,1,1,5,3,1,1,5,105.93,81.55,24.95,27.6,134.1,240.03,0.55868,0,0.0,135000.0,220600.0,318218.0,1,1,1,3,4,2,0,58.54,122.9,58.53,0.0
2025-11-30|Noblesville Boom|Wisconsin Herd,Wisconsin Herd,9,@ Noblesville Boom - 2025-11-30 - L 109-111,2025-11-30,Noblesville Boom,AWAY,L,109,111,225000.0,170600.0,403518.0,1,1,1,5,2,3,1,6,77.51,65.02,70.2,27.27,162.49,240.0,0.677042,0,0.0,180000.0,255900.0,232918.0,1,1,1,4,3,1,0,104.26,98.41,37.33,0.0
2025-12-03|Motor City Cruise|Wisconsin Herd,Wisconsin Herd,10,@ Motor City Cruise - 2025-12-03 - W 114-112,2025-12-03,Motor City Cruise,AWAY,W,114,112,180000.0,85300.0,403518.0,1,1,1,4,1,3,1,5,94.64,23.15,90.43,31.8,145.38,240.02,0.6057,0,0.0,90000.0,305900.0,318218.0,1,1,1,2,5,2,1,38.56,120.87,57.43,23.15
2025-12-11|Noblesville Boom|Wisconsin Herd,Wisconsin Herd,11,@ Noblesville Boom - 2025-12-11 - L 98-118,2025-12-11,Noblesville Boom,AWAY,L,98,118,180000.0,335900.0,170600.0,1,1,1,4,5,2,1,8,61.37,103.69,44.92,30.03,178.64,240.01,0.744302,0,0.0,90000.0,511800.0,465836.0,1,1,1,2,6,2,0,36.78,155.35,47.87,0.0
2025-12-13|Grand Rapids Gold|Wisconsin Herd,Wisconsin Herd,12,VS Grand Rapids Gold - 2025-12-13 - L 103-107,2025-12-13,Grand Rapids Gold,HOME,L,103,107,180000.0,335900.0,170600.0,1,1,1,4,5,2,1,8,61.25,104.13,47.6,27.02,178.75,240.0,0.744792,0,0.0,45000.0,511800.0,232918.0,1,1,1,1,8,1,0,36.07,164.54,39.4,0.0
2025-12-14|Iowa Wolves|Wisconsin Herd,Wisconsin Herd,13,VS Iowa Wolves - 2025-12-14 - W 107-102,2025-12-14,Iowa Wolves,HOME,W,107,102,45000.0,210600.0,170600.0,1,1,1,1,3,2,1,6,39.03,108.4,66.62,25.97,200.99,240.02,0.837389,0,0.0,90000.0,330900.0,551136.0,1,1,1,2,5,3,0,50.85,101.02,88.14,0.0
2025-12-16|Iowa Wolves|Wisconsin Herd,Wisconsin Herd,14,VS Iowa Wolves - 2025-12-16 - L 108-110,2025-12-16,Iowa Wolves,HOME,L,108,110,135000.0,210600.0,170600.0,1,1,1,3,3,2,1,6,72.04,87.61,48.32,32.03,167.96,240.0,0.699833,0,0.0,90000.0,305900.0,551136.0,1,1,1,2,4,3,0,53.98,97.56,88.45,0.0
2025-12-21|South Bay Lakers|Wisconsin Herd,Wisconsin Herd,15,@ South Bay Lakers - 2025-12-21 - L 119-131,2025-12-21,South Bay Lakers,AWAY,L,119,131,180000.0,250600.0,85300.0,1,1,1,4,4,1,1,6,100.2,93.45,10.58,35.77,139.8,240.0,0.5825,0,0.0,0.0,456500.0,551136.0,1,1,1,0,6,3,1,0.0,128.74,81.84,29.43
2025-12-22|Rio Grande Valley Vipers|Wisconsin Herd,Wisconsin Herd,16,VS Rio Grande Valley Vipers - 2025-12-22 - L 103-118,2025-12-22,Rio Grande Valley Vipers,HOME,L,103,118,180000.0,210600.0,85300.0,1,1,1,4,3,1,0,4,129.93,87.03,23.03,0.0,110.06,239.99,0.458602,0,0.0,180000.0,197950.0,0.0,1,1,1,4,4,0,0,133.13,106.87,0.0,0.0
2025-12-27|Grand Rapids Gold|Wisconsin Herd,Wisconsin Herd,17,@ Grand Rapids Gold - 2025-12-27 - L 111-125,2025-12-27,Grand Rapids Gold,AWAY,L,111,125,135000.0,250600.0,170600.0,1,1,1,3,4,2,0,6,54.72,137.63,47.65,0.0,185.28,240.0,0.772,0,0.0,90000.0,511800.0,0.0,1,1,1,2,8,0,0,19.05,220.95,0.0,0.0
2025-12-30|Cleveland Charge|Wisconsin Herd,Wisconsin Herd,18,@ Cleveland Charge - 2025-12-30 - L 107-115,2025-12-30,Cleveland Charge,AWAY,L,107,115,135000.0,250600.0,403518.0,1,1,1,3,4,3,0,7,49.47,105.69,84.84,0.0,190.53,240.0,0.793875,0,0.0,90000.0,486500.0,232917.0,1,1,1,2,7,1,0,34.66,190.72,14.62,0.0
2026-01-03|Stockton Kings|Wisconsin Herd,Wisconsin Herd,19,@ Stockton Kings - 2026-01-03 - W 89-87,2026-01-03,Stockton Kings,AWAY,W,89,87,135000.0,250600.0,318218.0,1,1,1,3,4,2,0,6,90.07,98.33,51.6,0.0,149.93,240.0,0.624708,0,0.0,90000.0,340900.0,540836.0,1,1,1,2,5,3,0,22.99,114.98,102.04,0.0
2026-01-05|College Park Skyhawks|Wisconsin Herd,Wisconsin Herd,20,VS College Park Skyhawks - 2026-01-05 - W 116-98,2026-01-05,College Park Skyhawks,HOME,W,116,98,180000.0,250600.0,403518.0,1,1,1,4,4,3,1,8,61.3,67.23,87.67,23.8,178.7,240.0,0.744583,0,0.0,270000.0,245600.0,0.0,1,1,1,6,4,0,0,140.65,99.35,0.0,0.0
2026-01-08|Long Island Nets|Wisconsin Herd,Wisconsin Herd,21,@ Long Island Nets - 2026-01-08 - W 108-101,2026-01-08,Long Island Nets,AWAY,W,108,101,90000.0,250600.0,318218.0,1,1,1,2,4,2,1,7,33.39,121.77,51.97,32.87,206.61,240.0,0.860875,0,0.0,90000.0,308250.0,235300.0,1,1,1,2,5,2,0,42.1,121.85,76.05,0.0
2026-01-09|Long Island Nets|Wisconsin Herd,Wisconsin Herd,22,@ Long Island Nets - 2026-01-09 - L 112-121,2026-01-09,Long Island Nets,AWAY,L,112,121,180000.0,250600.0,318218.0,1,1,1,4,4,2,0,6,71.14,115.35,53.52,0.0,168.87,240.01,0.703596,0,0.0,45000.0,393550.0,235300.0,1,1,1,1,6,2,0,39.27,137.46,63.27,0.0
2026-01-11|Grand Rapids Gold|Wisconsin Herd,Wisconsin Herd,23,@ Grand Rapids Gold - 2026-01-11 - W 109-95,2026-01-11,Grand Rapids Gold,AWAY,W,109,95,180000.0,250600.0,318218.0,1,1,1,4,4,2,1,7,51.98,106.27,52.15,29.6,188.02,240.0,0.783417,0,0.0,90000.0,307080.0,232918.0,1,1,1,2,5,1,0,36.0,163.96,40.03,0.0
2026-01-14|Maine Celtics|Wisconsin Herd,Wisconsin Herd,24,VS Maine Celtics - 2026-01-14 - L 106-114,2026-01-14,Maine Celtics,HOME,L,106,114,180000.0,250600.0,85300.0,1,1,1,4,4,1,1,6,68.78,120.36,15.37,35.5,171.23,240.01,0.713429,0,0.0,135000.0,330600.0,0.0,1,1,1,3,5,0,0,80.79,159.22,0.0,0.0
2026-01-16|Maine Celtics|Wisconsin Herd,Wisconsin Herd,25,VS Maine Celtics - 2026-01-16 - W 113-98,2026-01-16,Maine Celtics,HOME,W,113,98,135000.0,250600.0,85300.0,1,1,1,3,4,1,1,6,67.7,123.15,18.02,31.13,172.3,240.0,0.717917,0,0.0,135000.0,415900.0,0.0,1,1,1,3,6,0,0,78.71,161.34,0.0,0.0
2026-01-17|Westchester Knicks|Wisconsin Herd,Wisconsin Herd,26,VS Westchester Knicks - 2026-01-17 - L 94-104,2026-01-17,Westchester Knicks,HOME,L,94,104,90000.0,250600.0,170600.0,1,1,1,2,4,2,1,7,39.45,118.57,53.55,28.43,200.55,240.0,0.835625,0,0.0,180000.0,270900.0,85300.0,1,1,1,4,4,1,0,109.05,103.54,27.42,0.0
2026-01-19|Westchester Knicks|Wisconsin Herd,Wisconsin Herd,27,VS Westchester Knicks - 2026-01-19 - W 114-103,2026-01-19,Westchester Knicks,HOME,W,114,103,135000.0,250600.0,170600.0,1,1,1,3,4,2,0,6,69.33,125.08,45.59,0.0,170.67,240.0,0.711125,0,0.0,180000.0,270900.0,85300.0,1,1,1,4,4,1,0,92.93,115.34,31.72,0.0
2026-01-22|Noblesville Boom|Wisconsin Herd,Wisconsin Herd,28,VS Noblesville Boom - 2026-01-22 - L 90-95,2026-01-22,Noblesville Boom,HOME,L,90,95,135000.0,250600.0,85300.0,1,1,1,3,4,1,1,6,60.62,118.24,33.62,27.53,179.39,240.01,0.747427,0,0.0,135000.0,341200.0,465836.0,1,1,1,3,4,2,0,60.03,103.02,76.95,0.0
2026-01-24|Noblesville Boom|Wisconsin Herd,Wisconsin Herd,29,VS Noblesville Boom - 2026-01-24 - L 115-117,2026-01-24,Noblesville Boom,HOME,L,115,117,135000.0,250600.0,85300.0,1,1,1,3,4,1,1,6,60.77,119.64,40.53,37.23,197.4,258.17,0.764612,0,0.0,225000.0,341200.0,232918.0,1,1,1,5,4,1,0,107.16,125.09,25.9,0.0
2026-01-30|Capital City Go-Go|Wisconsin Herd,Wisconsin Herd,30,@ Capital City Go-Go - 2026-01-30 - W 124-99,2026-01-30,Capital City Go-Go,AWAY,W,124,99,90000.0,295900.0,170600.0,1,1,1,2,4,2,1,7,42.18,112.69,59.04,26.08,197.81,239.99,0.824243,0,0.0,90000.0,499150.0,0.0,1,1,1,2,7,0,1,42.98,170.38,0.0,26.63
2026-01-31|Capital City Go-Go|Wisconsin Herd,Wisconsin Herd,31,@ Capital City Go-Go - 2026-01-31 - L 98-110,2026-01-31,Capital City Go-Go,AWAY,L,98,110,90000.0,210600.0,170600.0,1,1,1,2,3,2,1,6,44.17,107.6,59.4,28.83,195.83,240.0,0.815958,0,0.0,90000.0,459150.0,232918.0,1,1,1,2,6,1,0,36.42,167.75,35.83,0.0
2026-02-05|Delaware Blue Coats|Wisconsin Herd,Wisconsin Herd,32,@ Delaware Blue Coats - 2026-02-05 - L 103-105,2026-02-05,Delaware Blue Coats,AWAY,L,103,105,90000.0,335900.0,170600.0,1,1,1,2,5,2,1,8,26.39,148.8,39.36,25.45,213.61,240.0,0.890042,0,0.0,180000.0,218250.0,0.0,1,1,1,4,4,0,0,101.41,138.57,0.0,0.0
2026-02-07|Delaware Blue Coats|Wisconsin Herd,Wisconsin Herd,33,@ Delaware Blue Coats - 2026-02-07 - L 94-99,2026-02-07,Delaware Blue Coats,AWAY,L,94,99,90000.0,250600.0,170600.0,1,1,1,2,4,2,1,7,37.27,114.52,53.83,34.38,202.73,240.0,0.844708,0,0.0,180000.0,260900.0,0.0,1,1,1,4,5,0,0,67.09,172.92,0.0,0.0
2026-02-09|Birmingham Squadron|Wisconsin Herd,Wisconsin Herd,34,VS Birmingham Squadron - 2026-02-09 - L 89-104,2026-02-09,Birmingham Squadron,HOME,L,89,104,135000.0,335900.0,170600.0,1,1,1,3,5,2,1,8,56.4,115.01,46.08,22.52,183.61,240.01,0.76501,0,0.0,90000.0,441200.0,465836.0,1,1,1,2,6,2,0,60.03,117.78,62.18,0.0
2026-02-10|Birmingham Squadron|Wisconsin Herd,Wisconsin Herd,35,VS Birmingham Squadron - 2026-02-10 - L 110-124,2026-02-10,Birmingham Squadron,HOME,L,110,124,90000.0,250600.0,170600.0,1,1,1,2,4,2,1,7,38.78,119.17,55.06,26.98,201.21,239.99,0.83841,0,0.0,90000.0,355900.0,465836.0,1,1,1,2,5,2,0,29.37,135.59,75.03,0.0
2026-02-20|Greensboro Swarm|Wisconsin Herd,Wisconsin Herd,36,VS Greensboro Swarm - 2026-02-20 - L 105-116,2026-02-20,Greensboro Swarm,HOME,L,105,116,135000.0,295900.0,170600.0,1,1,1,3,4,2,0,6,60.29,128.23,51.46,0.0,179.69,239.98,0.748771,0,0.0,90000.0,350900.0,0.0,1,1,1,2,7,0,0,33.16,206.83,0.0,0.0
2026-02-21|Greensboro Swarm|Wisconsin Herd,Wisconsin Herd,37,VS Greensboro Swarm - 2026-02-21 - L 104-129,2026-02-21,Greensboro Swarm,HOME,L,104,129,180000.0,295900.0,170600.0,1,1,1,4,4,2,0,6,75.44,109.21,55.37,0.0,164.58,240.02,0.685693,0,0.0,135000.0,290600.0,0.0,1,1,1,3,7,0,0,50.41,189.59,0.0,0.0
2026-02-24|Windy City Bulls|Wisconsin Herd,Wisconsin Herd,38,@ Windy City Bulls - 2026-02-24 - L 104-112,2026-02-24,Windy City Bulls,AWAY,L,104,112,225000.0,170600.0,170600.0,1,1,1,5,2,2,0,4,112.93,77.25,49.85,0.0,127.1,240.03,0.529517,0,0.0,90000.0,341200.0,85300.0,1,1,1,2,4,1,0,56.91,146.0,37.08,0.0
2026-02-26|Memphis Hustle|Wisconsin Herd,Wisconsin Herd,39,@ Memphis Hustle - 2026-02-26 - L 97-117,2026-02-26,Memphis Hustle,AWAY,L,97,117,225000.0,170600.0,170600.0,1,1,1,5,2,2,0,4,120.47,62.4,57.13,0.0,119.53,240.0,0.498042,0,0.0,225000.0,341200.0,0.0,1,1,1,5,4,0,0,120.83,119.16,0.0,0.0
2026-02-27|Memphis Hustle|Wisconsin Herd,Wisconsin Herd,40,@ Memphis Hustle - 2026-02-27 - W 134-126,2026-02-27,Memphis Hustle,AWAY,W,134,126,180000.0,255900.0,170600.0,1,1,1,4,3,2,0,5,77.79,99.59,62.61,0.0,162.2,239.99,0.675861,0,0.0,180000.0,341200.0,0.0,1,1,1,4,4,0,0,123.79,116.22,0.0,0.0
2026-03-06|Mexico City Capitanes|Wisconsin Herd,Wisconsin Herd,41,VS Mexico City Capitanes - 2026-03-06 - L 104-116,2026-03-06,Mexico City Capitanes,HOME,L,104,116,225000.0,125300.0,170600.0,1,1,1,5,2,2,0,4,113.29,66.53,60.18,0.0,126.71,240.0,0.527958,0,0.0,405000.0,0.0,0.0,1,1,1,9,0,0,0,240.0,0.0,0.0,0.0
2026-03-07|Mexico City Capitanes|Wisconsin Herd,Wisconsin Herd,42,VS Mexico City Capitanes - 2026-03-07 - L 97-116,2026-03-07,Mexico City Capitanes,HOME,L,97,116,225000.0,250600.0,170600.0,1,1,1,5,4,2,0,6,89.97,102.14,47.88,0.0,150.02,239.99,0.625109,0,0.0,495000.0,0.0,0.0,1,1,1,11,0,0,0,240.0,0.0,0.0,0.0
2026-03-09|Valley Suns|Wisconsin Herd,Wisconsin Herd,43,VS Valley Suns - 2026-03-09 - W 109-103,2026-03-09,Valley Suns,HOME,W,109,103,180000.0,250600.0,170600.0,1,1,1,4,4,2,0,6,68.29,114.44,57.28,0.0,171.72,240.01,0.71547,0,0.0,225000.0,170600.0,232918.0,1,1,1,5,2,1,0,121.37,81.65,36.97,0.0
2026-03-11|Osceola Magic|Wisconsin Herd,Wisconsin Herd,44,@ Osceola Magic - 2026-03-11 - L 113-126,2026-03-11,Osceola Magic,AWAY,L,113,126,225000.0,165300.0,85300.0,1,1,1,5,3,1,0,4,104.02,98.14,37.83,0.0,135.97,239.99,0.566565,0,0.0,135000.0,486500.0,85300.0,1,1,1,3,6,1,0,60.25,151.23,28.52,0.0
2026-03-16|Windy City Bulls|Wisconsin Herd,Wisconsin Herd,45,@ Windy City Bulls - 2026-03-16 - L 115-116,2026-03-16,Windy City Bulls,AWAY,L,115,116,180000.0,335900.0,170600.0,1,1,1,4,5,2,0,7,61.67,127.87,50.47,0.0,178.34,240.01,0.743052,0,0.0,225000.0,255900.0,0.0,1,1,1,5,3,0,0,115.36,124.65,0.0,0.0
2026-03-20|Motor City Cruise|Wisconsin Herd,Wisconsin Herd,46,VS Motor City Cruise - 2026-03-20 - L 105-123,2026-03-20,Motor City Cruise,HOME,L,105,123,225000.0,210600.0,170600.0,1,1,1,5,3,2,0,5,107.42,83.53,49.05,0.0,132.58,240.0,0.552417,0,0.0,270000.0,220600.0,0.0,1,1,1,6,4,0,0,118.48,121.51,0.0,0.0
2026-03-21|Motor City Cruise|Wisconsin Herd,Wisconsin Herd,47,VS Motor City Cruise - 2026-03-21 - L 108-113,2026-03-21,Motor City Cruise,HOME,L,108,113,225000.0,210600.0,170600.0,1,1,1,5,3,2,0,5,81.07,110.13,48.81,0.0,158.94,240.01,0.662222,0,0.0,180000.0,220600.0,0.0,1,1,1,4,4,0,0,131.83,108.16,0.0,0.0
2026-03-23|College Park Skyhawks|Wisconsin Herd,Wisconsin Herd,48,VS College Park Skyhawks - 2026-03-23 - L 114-117,2026-03-23,College Park Skyhawks,HOME,L,114,117,180000.0,250600.0,170600.0,1,1,1,4,4,2,0,6,58.49,129.89,51.63,0.0,181.52,240.01,0.756302,0,0.0,270000.0,115300.0,150000.0,1,1,1,6,2,1,0,152.01,59.86,28.13,0.0
2026-03-26|Raptors 905|Wisconsin Herd,Wisconsin Herd,49,@ Raptors 905 - 2026-03-26 - W 106-104,2026-03-26,Raptors 905,AWAY,W,106,104,225000.0,250600.0,170600.0,1,1,1,5,4,2,0,6,70.0,122.76,47.25,0.0,170.01,240.01,0.708345,0,0.0,45000.0,290600.0,318218.0,1,1,1,1,5,2,0,25.53,146.55,67.93,0.0
2026-03-28|Raptors 905|Wisconsin Herd,Wisconsin Herd,50,@ Raptors 905 - 2026-03-28 - L 115-138,2026-03-28,Raptors 905,AWAY,L,115,138,225000.0,250600.0,170600.0,1,1,1,5,4,2,0,6,87.17,100.08,52.75,0.0,152.83,240.0,0.636792,0,0.0,180000.0,290600.0,318218.0,1,1,1,4,5,2,1,38.91,114.65,59.8,26.63
