game_id,season,game_date,game_number,team_id,team_name,short_name,opponent_name,location,result,team_score,opponent_score,points,field_goals_made,field_goals_attempted,fg_pct,two_point_field_goals_made,two_point_field_goals_attempted,two_point_percentage,three_point_field_goals_made,three_point_field_goals_attempted,three_point_percentage,free_throws_made,free_throws_attempted,ft_pct,offensive_rebounds,defensive_rebounds,rebounds,assists,steals,blocks,turnovers,stocks,points_in_the_paint,second_chance_points,points_from_turnovers,bench_points,fast_break_points
2052500008,2025-26,2025-11-07,1,1612709890,Austin Spurs,AUS,Birmingham Squadron,AWAY,W,101.0,89.0,101.0,39.0,94.0,41.49,27.0,51.0,52.94,12.0,43.0,27.91,6.0,7.0,85.71,12.0,34.0,46.0,16.0,11.0,5.0,10.0,16.0,50.0,17.0,25.0,38.0,13.0
2052500024,2025-26,2025-11-09,2,1612709890,Austin Spurs,AUS,Birmingham Squadron,HOME,W,110.0,97.0,110.0,40.0,78.0,51.28,26.0,39.0,66.67,14.0,39.0,35.9,9.0,12.0,75.0,7.0,26.0,33.0,22.0,11.0,3.0,16.0,14.0,50.0,10.0,22.0,29.0,2.0
2052500054,2025-26,2025-11-15,3,1612709890,Austin Spurs,AUS,Memphis Hustle,AWAY,W,120.0,98.0,120.0,37.0,70.0,52.86,28.0,48.0,58.33,9.0,22.0,40.91,22.0,27.0,81.48,11.0,40.0,51.0,23.0,11.0,7.0,26.0,18.0,54.0,13.0,21.0,46.0,22.0
2052500062,2025-26,2025-11-16,4,1612709890,Austin Spurs,AUS,Memphis Hustle,AWAY,W,125.0,111.0,125.0,42.0,84.0,50.0,34.0,52.0,65.38,8.0,32.0,25.0,19.0,21.0,90.48,9.0,30.0,39.0,17.0,16.0,6.0,17.0,22.0,62.0,14.0,26.0,51.0,19.0
2052500073,2025-26,2025-11-19,5,1612709890,Austin Spurs,AUS,Osceola Magic,HOME,W,134.0,120.0,134.0,48.0,90.0,53.33,34.0,64.0,53.12,14.0,26.0,53.85,15.0,18.0,83.33,10.0,28.0,38.0,28.0,10.0,4.0,11.0,14.0,68.0,21.0,18.0,58.0,6.0
2052500078,2025-26,2025-11-20,6,1612709890,Austin Spurs,AUS,Osceola Magic,HOME,L,102.0,110.0,102.0,37.0,91.0,40.66,26.0,57.0,45.61,11.0,34.0,32.35,11.0,17.0,64.71,16.0,32.0,48.0,23.0,10.0,4.0,19.0,14.0,50.0,21.0,17.0,48.0,11.0
2052500096,2025-26,2025-11-23,7,1612709890,Austin Spurs,AUS,Rio Grande Valley Vipers,HOME,W,130.0,123.0,130.0,47.0,84.0,55.95,35.0,58.0,60.34,12.0,26.0,46.15,15.0,21.0,71.43,12.0,31.0,43.0,24.0,12.0,3.0,21.0,15.0,62.0,14.0,21.0,37.0,9.0
2052500101,2025-26,2025-11-24,8,1612709890,Austin Spurs,AUS,Rio Grande Valley Vipers,HOME,W,118.0,100.0,118.0,42.0,78.0,53.85,25.0,43.0,58.14,17.0,35.0,48.57,9.0,13.0,69.23,9.0,37.0,46.0,26.0,7.0,6.0,18.0,13.0,46.0,18.0,14.0,34.0,15.0
2052500113,2025-26,2025-11-28,9,1612709890,Austin Spurs,AUS,Oklahoma City Blue,HOME,W,116.0,110.0,116.0,44.0,88.0,50.0,27.0,59.0,45.76,17.0,29.0,58.62,7.0,10.0,70.0,6.0,34.0,40.0,34.0,9.0,7.0,16.0,16.0,50.0,10.0,19.0,19.0,21.0
2052500129,2025-26,2025-11-30,10,1612709890,Austin Spurs,AUS,Oklahoma City Blue,HOME,W,110.0,96.0,110.0,39.0,73.0,53.42,23.0,39.0,58.97,16.0,34.0,47.06,9.0,11.0,81.82,8.0,37.0,45.0,20.0,10.0,4.0,24.0,14.0,40.0,12.0,13.0,14.0,15.0
2052500168,2025-26,2025-12-08,11,1612709890,Austin Spurs,AUS,Mexico City Capitanes,AWAY,W,110.0,107.0,110.0,36.0,75.0,48.0,25.0,40.0,62.5,11.0,35.0,31.43,16.0,18.0,88.89,6.0,35.0,41.0,18.0,8.0,1.0,23.0,9.0,42.0,8.0,27.0,20.0,15.0
2052500179,2025-26,2025-12-10,12,1612709890,Austin Spurs,AUS,Mexico City Capitanes,AWAY,W,117.0,104.0,117.0,35.0,80.0,43.75,24.0,45.0,53.33,11.0,35.0,31.43,21.0,23.0,91.3,9.0,35.0,44.0,22.0,12.0,12.0,17.0,24.0,44.0,11.0,25.0,15.0,10.0
2052500193,2025-26,2025-12-12,13,1612709890,Austin Spurs,AUS,Texas Legends,AWAY,W,138.0,132.0,138.0,47.0,109.0,43.12,37.0,74.0,50.0,10.0,35.0,28.57,23.0,28.0,82.14,19.0,31.0,50.0,15.0,18.0,6.0,8.0,24.0,66.0,25.0,39.0,24.0,20.0
2052500198,2025-26,2025-12-13,14,1612709890,Austin Spurs,AUS,Texas Legends,AWAY,L,122.0,126.0,122.0,44.0,103.0,42.72,31.0,59.0,52.54,13.0,44.0,29.55,13.0,16.0,81.25,12.0,32.0,44.0,25.0,9.0,8.0,12.0,17.0,60.0,21.0,22.0,21.0,18.0
2022500001,2025-26,2025-12-19,15,1612709890,Austin Spurs,AUS,Stockton Kings,HOME,L,117.0,119.0,117.0,45.0,96.0,46.88,37.0,71.0,52.11,8.0,25.0,32.0,13.0,18.0,72.22,16.0,35.0,51.0,21.0,9.0,4.0,18.0,13.0,72.0,25.0,22.0,54.0,11.0
2022500017,2025-26,2025-12-21,16,1612709890,Austin Spurs,AUS,Maine Celtics,AWAY,L,114.0,123.0,114.0,40.0,82.0,48.78,30.0,54.0,55.56,10.0,28.0,35.71,16.0,22.0,72.73,10.0,35.0,45.0,24.0,14.0,7.0,22.0,21.0,58.0,14.0,22.0,58.0,29.0
2022500040,2025-26,2025-12-27,17,1612709890,Austin Spurs,AUS,Mexico City Capitanes,HOME,W,109.0,105.0,109.0,40.0,87.0,45.98,30.0,56.0,53.57,10.0,31.0,32.26,11.0,18.0,61.11,19.0,32.0,51.0,20.0,16.0,4.0,23.0,20.0,54.0,24.0,27.0,21.0,8.0
2022500067,2025-26,2025-12-31,18,1612709890,Austin Spurs,AUS,Santa Cruz Warriors,HOME,L,102.0,111.0,102.0,38.0,103.0,36.89,26.0,62.0,41.94,12.0,41.0,29.27,9.0,11.0,81.82,18.0,34.0,52.0,22.0,12.0,6.0,12.0,18.0,46.0,15.0,12.0,28.0,24.0
2022500075,2025-26,2026-01-02,19,1612709890,Austin Spurs,AUS,Santa Cruz Warriors,HOME,L,105.0,112.0,105.0,34.0,82.0,41.46,23.0,48.0,47.92,11.0,34.0,32.35,14.0,16.0,87.5,13.0,31.0,44.0,16.0,7.0,5.0,18.0,12.0,38.0,17.0,17.0,25.0,17.0
2022500117,2025-26,2026-01-09,20,1612709890,Austin Spurs,AUS,South Bay Lakers,HOME,W,111.0,99.0,111.0,43.0,99.0,43.43,39.0,71.0,54.93,4.0,28.0,14.29,11.0,13.0,84.62,20.0,39.0,59.0,13.0,6.0,9.0,12.0,15.0,70.0,19.0,16.0,32.0,4.0
2022500126,2025-26,2026-01-10,21,1612709890,Austin Spurs,AUS,South Bay Lakers,HOME,W,107.0,106.0,107.0,36.0,89.0,40.45,27.0,53.0,50.94,9.0,36.0,25.0,15.0,16.0,93.75,15.0,39.0,54.0,20.0,8.0,5.0,12.0,13.0,42.0,20.0,12.0,45.0,22.0
2022500141,2025-26,2026-01-13,22,1612709890,Austin Spurs,AUS,Salt Lake City Stars,AWAY,W,118.0,113.0,118.0,42.0,88.0,47.73,29.0,57.0,50.88,13.0,31.0,41.94,16.0,21.0,76.19,7.0,31.0,38.0,23.0,12.0,9.0,10.0,21.0,50.0,10.0,19.0,39.0,23.0
2022500155,2025-26,2026-01-15,23,1612709890,Austin Spurs,AUS,Salt Lake City Stars,AWAY,W,121.0,118.0,121.0,46.0,84.0,54.76,35.0,56.0,62.5,11.0,28.0,39.29,9.0,12.0,75.0,9.0,27.0,36.0,25.0,11.0,10.0,16.0,21.0,64.0,20.0,24.0,47.0,16.0
2022500184,2025-26,2026-01-20,24,1612709890,Austin Spurs,AUS,Oklahoma City Blue,AWAY,W,127.0,112.0,127.0,48.0,95.0,50.53,34.0,55.0,61.82,14.0,40.0,35.0,9.0,10.0,90.0,15.0,35.0,50.0,31.0,6.0,7.0,9.0,13.0,64.0,21.0,18.0,44.0,8.0
2022500193,2025-26,2026-01-22,25,1612709890,Austin Spurs,AUS,Capital City Go-Go,HOME,W,110.0,103.0,110.0,41.0,82.0,50.0,25.0,49.0,51.02,16.0,33.0,48.48,8.0,13.0,61.54,11.0,34.0,45.0,22.0,8.0,5.0,16.0,13.0,44.0,17.0,20.0,43.0,13.0
2022500200,2025-26,2026-01-23,26,1612709890,Austin Spurs,AUS,Capital City Go-Go,HOME,L,96.0,112.0,96.0,34.0,86.0,39.53,24.0,55.0,43.64,10.0,31.0,32.26,10.0,11.0,90.91,12.0,28.0,40.0,19.0,11.0,7.0,15.0,18.0,46.0,17.0,17.0,32.0,11.0
2022500215,2025-26,2026-01-25,27,1612709890,Austin Spurs,AUS,Valley Suns,AWAY,W,102.0,91.0,102.0,39.0,92.0,42.39,29.0,55.0,52.73,10.0,37.0,27.03,9.0,14.0,64.29,14.0,38.0,52.0,19.0,11.0,3.0,9.0,14.0,52.0,17.0,23.0,19.0,8.0
2022500224,2025-26,2026-01-27,28,1612709890,Austin Spurs,AUS,Valley Suns,AWAY,W,116.0,107.0,116.0,41.0,87.0,47.13,28.0,52.0,53.85,13.0,35.0,37.14,14.0,22.0,63.64,15.0,41.0,56.0,17.0,6.0,5.0,12.0,11.0,50.0,14.0,13.0,49.0,16.0
2022500233,2025-26,2026-01-29,29,1612709890,Austin Spurs,AUS,Stockton Kings,HOME,L,115.0,119.0,115.0,43.0,97.0,44.33,37.0,75.0,49.33,6.0,22.0,27.27,14.0,18.0,77.78,19.0,28.0,47.0,14.0,7.0,4.0,10.0,11.0,66.0,24.0,17.0,43.0,16.0
2022500265,2025-26,2026-02-04,30,1612709890,Austin Spurs,AUS,Texas Legends,HOME,W,104.0,95.0,104.0,37.0,92.0,40.22,28.0,62.0,45.16,9.0,30.0,30.0,11.0,12.0,91.67,10.0,45.0,55.0,19.0,7.0,6.0,15.0,13.0,48.0,13.0,15.0,37.0,6.0
2022500289,2025-26,2026-02-07,31,1612709890,Austin Spurs,AUS,Rio Grande Valley Vipers,AWAY,L,111.0,112.0,111.0,41.0,86.0,47.67,25.0,50.0,50.0,16.0,36.0,44.44,7.0,12.0,58.33,13.0,35.0,48.0,24.0,7.0,8.0,21.0,15.0,48.0,15.0,20.0,58.0,7.0
2022500298,2025-26,2026-02-10,32,1612709890,Austin Spurs,AUS,Iowa Wolves,AWAY,W,130.0,124.0,130.0,53.0,107.0,49.53,44.0,80.0,55.0,9.0,27.0,33.33,10.0,14.0,71.43,26.0,31.0,57.0,26.0,14.0,5.0,16.0,19.0,88.0,25.0,27.0,41.0,29.0
2022500307,2025-26,2026-02-11,33,1612709890,Austin Spurs,AUS,Iowa Wolves,AWAY,W,135.0,120.0,135.0,49.0,98.0,50.0,38.0,68.0,55.88,11.0,30.0,36.67,16.0,16.0,100.0,14.0,32.0,46.0,20.0,12.0,6.0,12.0,18.0,74.0,16.0,19.0,46.0,16.0
2022500329,2025-26,2026-02-19,34,1612709890,Austin Spurs,AUS,San Diego Clippers,AWAY,W,116.0,115.0,116.0,41.0,91.0,45.05,29.0,55.0,52.73,12.0,36.0,33.33,15.0,24.0,62.5,13.0,40.0,53.0,22.0,3.0,11.0,10.0,14.0,58.0,22.0,10.0,46.0,19.0
2022500338,2025-26,2026-02-20,35,1612709890,Austin Spurs,AUS,San Diego Clippers,AWAY,L,132.0,135.0,132.0,45.0,95.0,47.37,22.0,45.0,48.89,23.0,50.0,46.0,12.0,19.0,63.16,13.0,37.0,50.0,30.0,6.0,6.0,11.0,12.0,42.0,17.0,5.0,58.0,19.0
2022500348,2025-26,2026-02-22,36,1612709890,Austin Spurs,AUS,Memphis Hustle,HOME,W,102.0,97.0,102.0,34.0,84.0,40.48,25.0,53.0,47.17,9.0,31.0,29.03,13.0,22.0,59.09,14.0,29.0,43.0,15.0,6.0,5.0,11.0,11.0,40.0,19.0,22.0,20.0,9.0
2022500358,2025-26,2026-02-24,37,1612709890,Austin Spurs,AUS,Oklahoma City Blue,AWAY,L,100.0,109.0,100.0,34.0,94.0,36.17,28.0,62.0,45.16,6.0,32.0,18.75,14.0,21.0,66.67,19.0,37.0,56.0,15.0,8.0,5.0,15.0,13.0,52.0,19.0,18.0,22.0,11.0
2022500371,2025-26,2026-02-26,38,1612709890,Austin Spurs,AUS,Motor City Cruise,HOME,W,102.0,94.0,102.0,34.0,83.0,40.96,31.0,59.0,52.54,3.0,24.0,12.5,19.0,27.0,70.37,10.0,45.0,55.0,13.0,16.0,3.0,19.0,19.0,52.0,12.0,19.0,41.0,10.0
2022500394,2025-26,2026-03-01,39,1612709890,Austin Spurs,AUS,Memphis Hustle,HOME,W,121.0,118.0,121.0,42.0,80.0,52.5,27.0,44.0,61.36,15.0,36.0,41.67,14.0,19.0,73.68,7.0,34.0,41.0,21.0,6.0,5.0,14.0,11.0,44.0,11.0,6.0,35.0,8.0
2022500425,2025-26,2026-03-07,40,1612709890,Austin Spurs,AUS,Sioux Falls Skyforce,AWAY,L,109.0,116.0,109.0,40.0,87.0,45.98,29.0,55.0,52.73,11.0,32.0,34.38,10.0,14.0,71.43,13.0,26.0,39.0,23.0,19.0,6.0,19.0,25.0,54.0,8.0,26.0,37.0,12.0
2022500432,2025-26,2026-03-08,41,1612709890,Austin Spurs,AUS,Sioux Falls Skyforce,AWAY,W,119.0,118.0,119.0,45.0,94.0,47.87,30.0,61.0,49.18,15.0,33.0,45.45,7.0,10.0,70.0,9.0,41.0,50.0,28.0,6.0,8.0,18.0,14.0,56.0,19.0,8.0,43.0,14.0
2022500442,2025-26,2026-03-10,42,1612709890,Austin Spurs,AUS,Rio Grande Valley Vipers,AWAY,W,94.0,86.0,94.0,37.0,74.0,50.0,27.0,41.0,65.85,10.0,33.0,30.3,6.0,12.0,50.0,9.0,41.0,50.0,24.0,8.0,6.0,25.0,14.0,52.0,9.0,13.0,36.0,10.0
2022500453,2025-26,2026-03-12,43,1612709890,Austin Spurs,AUS,Texas Legends,HOME,W,122.0,119.0,122.0,48.0,97.0,49.48,40.0,70.0,57.14,8.0,27.0,29.63,11.0,19.0,57.89,18.0,34.0,52.0,27.0,7.0,3.0,12.0,10.0,72.0,16.0,15.0,57.0,15.0
2022500471,2025-26,2026-03-15,44,1612709890,Austin Spurs,AUS,Stockton Kings,HOME,L,104.0,106.0,104.0,40.0,90.0,44.44,28.0,53.0,52.83,12.0,37.0,32.43,8.0,12.0,66.67,16.0,43.0,59.0,19.0,4.0,4.0,15.0,8.0,48.0,17.0,14.0,41.0,13.0
2022500481,2025-26,2026-03-17,45,1612709890,Austin Spurs,AUS,College Park Skyhawks,AWAY,L,116.0,119.0,116.0,41.0,100.0,41.0,28.0,53.0,52.83,13.0,47.0,27.66,12.0,20.0,60.0,24.0,32.0,56.0,26.0,9.0,7.0,10.0,16.0,54.0,24.0,22.0,52.0,11.0
2022500496,2025-26,2026-03-20,46,1612709890,Austin Spurs,AUS,Noblesville Boom,AWAY,W,121.0,107.0,121.0,42.0,96.0,43.75,28.0,56.0,50.0,14.0,40.0,35.0,12.0,15.0,80.0,24.0,34.0,58.0,16.0,7.0,1.0,12.0,8.0,52.0,29.0,10.0,25.0,7.0
2022500514,2025-26,2026-03-22,47,1612709890,Austin Spurs,AUS,Noblesville Boom,AWAY,W,117.0,97.0,117.0,48.0,92.0,52.17,37.0,64.0,57.81,11.0,28.0,39.29,5.0,9.0,55.56,12.0,42.0,54.0,22.0,9.0,8.0,17.0,17.0,58.0,17.0,21.0,42.0,24.0
2022500533,2025-26,2026-03-25,48,1612709890,Austin Spurs,AUS,Rip City Remix,HOME,W,99.0,93.0,99.0,37.0,90.0,41.11,26.0,56.0,46.43,11.0,34.0,32.35,11.0,13.0,84.62,15.0,38.0,53.0,24.0,6.0,9.0,13.0,15.0,48.0,20.0,22.0,35.0,7.0
2022500544,2025-26,2026-03-27,49,1612709890,Austin Spurs,AUS,Rip City Remix,HOME,L,101.0,106.0,101.0,36.0,89.0,40.45,20.0,43.0,46.51,16.0,46.0,34.78,7.0,11.0,63.64,14.0,25.0,39.0,16.0,8.0,6.0,11.0,14.0,38.0,9.0,24.0,26.0,10.0
2022500556,2025-26,2026-03-28,50,1612709890,Austin Spurs,AUS,Mexico City Capitanes,HOME,W,118.0,86.0,118.0,43.0,79.0,54.43,31.0,50.0,62.0,12.0,29.0,41.38,12.0,17.0,70.59,13.0,29.0,42.0,25.0,8.0,4.0,13.0,12.0,56.0,12.0,27.0,50.0,5.0
2052500008,2025-26,2025-11-07,1,1612709913,Birmingham Squadron,BHM,Austin Spurs,HOME,L,89.0,101.0,89.0,34.0,84.0,40.48,25.0,53.0,47.17,9.0,31.0,29.03,7.0,8.0,87.5,10.0,37.0,47.0,19.0,5.0,6.0,18.0,11.0,48.0,15.0,8.0,24.0,3.0
2052500024,2025-26,2025-11-09,2,1612709913,Birmingham Squadron,BHM,Austin Spurs,AWAY,L,97.0,110.0,97.0,37.0,79.0,46.84,26.0,47.0,55.32,11.0,32.0,34.38,7.0,15.0,46.67,12.0,27.0,39.0,21.0,9.0,2.0,18.0,11.0,44.0,9.0,15.0,27.0,7.0
2052500028,2025-26,2025-11-11,3,1612709913,Birmingham Squadron,BHM,Oklahoma City Blue,AWAY,W,106.0,97.0,106.0,42.0,92.0,45.65,28.0,58.0,48.28,14.0,34.0,41.18,6.0,11.0,54.55,19.0,30.0,49.0,28.0,12.0,6.0,16.0,18.0,46.0,16.0,19.0,45.0,5.0
2052500044,2025-26,2025-11-14,4,1612709913,Birmingham Squadron,BHM,Osceola Magic,AWAY,L,77.0,120.0,77.0,27.0,98.0,27.55,18.0,41.0,43.9,9.0,57.0,15.79,7.0,12.0,58.33,20.0,34.0,54.0,12.0,7.0,1.0,12.0,8.0,36.0,19.0,7.0,32.0,4.0
2052500059,2025-26,2025-11-16,5,1612709913,Birmingham Squadron,BHM,Osceola Magic,AWAY,W,122.0,118.0,122.0,43.0,86.0,50.0,33.0,51.0,64.71,10.0,35.0,28.57,17.0,23.0,73.91,10.0,45.0,55.0,25.0,7.0,7.0,20.0,14.0,50.0,9.0,20.0,31.0,14.0
2052500097,2025-26,2025-11-23,6,1612709913,Birmingham Squadron,BHM,Mexico City Capitanes,AWAY,L,97.0,120.0,97.0,38.0,83.0,45.78,28.0,50.0,56.0,10.0,33.0,30.3,7.0,17.0,41.18,14.0,26.0,40.0,20.0,12.0,4.0,20.0,16.0,54.0,19.0,21.0,44.0,6.0
2052500103,2025-26,2025-11-24,7,1612709913,Birmingham Squadron,BHM,Mexico City Capitanes,AWAY,L,102.0,115.0,102.0,37.0,76.0,48.68,24.0,44.0,54.55,13.0,32.0,40.62,8.0,14.0,57.14,8.0,31.0,39.0,29.0,8.0,3.0,17.0,11.0,46.0,10.0,11.0,40.0,22.0
2052500141,2025-26,2025-12-03,8,1612709913,Birmingham Squadron,BHM,Memphis Hustle,HOME,W,118.0,85.0,118.0,43.0,80.0,53.75,20.0,34.0,58.82,23.0,46.0,50.0,7.0,9.0,77.78,7.0,40.0,47.0,37.0,11.0,9.0,16.0,20.0,34.0,4.0,20.0,38.0,15.0
2052500154,2025-26,2025-12-05,9,1612709913,Birmingham Squadron,BHM,Memphis Hustle,HOME,L,99.0,124.0,99.0,33.0,81.0,40.74,16.0,39.0,41.03,17.0,42.0,40.48,8.0,16.0,50.0,18.0,25.0,43.0,21.0,7.0,2.0,19.0,9.0,26.0,20.0,16.0,31.0,4.0
2052500164,2025-26,2025-12-07,10,1612709913,Birmingham Squadron,BHM,Texas Legends,HOME,L,91.0,121.0,91.0,33.0,79.0,41.77,23.0,48.0,47.92,10.0,31.0,32.26,9.0,15.0,60.0,10.0,38.0,48.0,22.0,11.0,2.0,26.0,13.0,42.0,18.0,9.0,22.0,10.0
2052500171,2025-26,2025-12-09,11,1612709913,Birmingham Squadron,BHM,Texas Legends,HOME,L,94.0,130.0,94.0,38.0,77.0,49.35,31.0,50.0,62.0,7.0,27.0,25.93,7.0,15.0,46.67,14.0,30.0,44.0,20.0,7.0,6.0,28.0,13.0,52.0,22.0,11.0,22.0,5.0
2052500185,2025-26,2025-12-11,12,1612709913,Birmingham Squadron,BHM,Oklahoma City Blue,AWAY,W,103.0,101.0,103.0,40.0,92.0,43.48,31.0,56.0,55.36,9.0,36.0,25.0,8.0,11.0,72.73,24.0,35.0,59.0,23.0,12.0,8.0,19.0,20.0,54.0,30.0,20.0,31.0,9.0
2052500205,2025-26,2025-12-14,13,1612709913,Birmingham Squadron,BHM,Rio Grande Valley Vipers,HOME,L,127.0,133.0,127.0,49.0,83.0,59.04,35.0,51.0,68.63,14.0,32.0,43.75,8.0,11.0,72.73,7.0,24.0,31.0,35.0,11.0,6.0,15.0,17.0,66.0,7.0,24.0,81.0,12.0
2052500214,2025-26,2025-12-16,14,1612709913,Birmingham Squadron,BHM,Rio Grande Valley Vipers,HOME,W,142.0,111.0,142.0,55.0,92.0,59.78,33.0,56.0,58.93,22.0,36.0,61.11,5.0,6.0,83.33,22.0,36.0,58.0,39.0,11.0,8.0,25.0,19.0,58.0,25.0,19.0,55.0,15.0
2022500015,2025-26,2025-12-20,15,1612709913,Birmingham Squadron,BHM,Iowa Wolves,AWAY,L,101.0,117.0,101.0,41.0,92.0,44.57,31.0,59.0,52.54,10.0,33.0,30.3,5.0,6.0,83.33,13.0,29.0,42.0,25.0,8.0,7.0,18.0,15.0,52.0,22.0,17.0,30.0,15.0
2022500023,2025-26,2025-12-21,16,1612709913,Birmingham Squadron,BHM,Valley Suns,HOME,W,125.0,121.0,125.0,47.0,86.0,54.65,33.0,55.0,60.0,14.0,31.0,45.16,13.0,20.0,65.0,15.0,36.0,51.0,36.0,7.0,5.0,17.0,12.0,66.0,19.0,24.0,54.0,9.0
2022500038,2025-26,2025-12-27,17,1612709913,Birmingham Squadron,BHM,Westchester Knicks,AWAY,W,105.0,98.0,105.0,35.0,78.0,44.87,24.0,50.0,48.0,11.0,28.0,39.29,17.0,28.0,60.71,9.0,39.0,48.0,21.0,7.0,7.0,17.0,14.0,44.0,12.0,13.0,13.0,13.0
2022500049,2025-26,2025-12-28,18,1612709913,Birmingham Squadron,BHM,Westchester Knicks,AWAY,L,118.0,128.0,118.0,45.0,95.0,47.37,36.0,68.0,52.94,9.0,27.0,33.33,11.0,12.0,91.67,18.0,28.0,46.0,28.0,9.0,4.0,10.0,13.0,62.0,35.0,13.0,43.0,8.0
2022500059,2025-26,2025-12-30,19,1612709913,Birmingham Squadron,BHM,College Park Skyhawks,AWAY,W,132.0,108.0,132.0,50.0,92.0,54.35,39.0,59.0,66.1,11.0,33.0,33.33,13.0,19.0,68.42,16.0,37.0,53.0,26.0,12.0,8.0,15.0,20.0,72.0,20.0,27.0,44.0,19.0
2022500071,2025-26,2026-01-01,20,1612709913,Birmingham Squadron,BHM,College Park Skyhawks,AWAY,L,83.0,107.0,83.0,30.0,80.0,37.5,21.0,43.0,48.84,9.0,37.0,24.32,9.0,15.0,60.0,9.0,39.0,48.0,24.0,9.0,6.0,24.0,15.0,42.0,10.0,14.0,27.0,12.0
2022500079,2025-26,2026-01-03,21,1612709913,Birmingham Squadron,BHM,Delaware Blue Coats,AWAY,W,110.0,108.0,110.0,42.0,88.0,47.73,31.0,54.0,57.41,11.0,34.0,32.35,9.0,16.0,56.25,19.0,32.0,51.0,26.0,10.0,7.0,18.0,17.0,54.0,18.0,17.0,21.0,9.0
2022500089,2025-26,2026-01-04,22,1612709913,Birmingham Squadron,BHM,Delaware Blue Coats,AWAY,L,94.0,130.0,94.0,38.0,90.0,42.22,27.0,52.0,51.92,11.0,38.0,28.95,4.0,10.0,40.0,17.0,30.0,47.0,23.0,8.0,7.0,19.0,15.0,54.0,20.0,11.0,34.0,6.0
2022500111,2025-26,2026-01-08,23,1612709913,Birmingham Squadron,BHM,Osceola Magic,HOME,L,106.0,111.0,106.0,41.0,85.0,48.24,32.0,50.0,64.0,9.0,35.0,25.71,9.0,9.0,100.0,9.0,27.0,36.0,25.0,10.0,7.0,17.0,17.0,58.0,17.0,23.0,26.0,9.0
2022500125,2025-26,2026-01-10,24,1612709913,Birmingham Squadron,BHM,Osceola Magic,HOME,L,95.0,112.0,95.0,33.0,72.0,45.83,20.0,38.0,52.63,13.0,34.0,38.24,11.0,14.0,78.57,12.0,31.0,43.0,24.0,13.0,3.0,35.0,16.0,36.0,19.0,21.0,35.0,12.0
2022500135,2025-26,2026-01-11,25,1612709913,Birmingham Squadron,BHM,Raptors 905,HOME,L,73.0,118.0,73.0,22.0,74.0,29.73,14.0,36.0,38.89,8.0,38.0,21.05,14.0,18.0,77.78,4.0,28.0,32.0,12.0,7.0,4.0,18.0,11.0,24.0,5.0,14.0,22.0,7.0
2022500139,2025-26,2026-01-13,26,1612709913,Birmingham Squadron,BHM,Raptors 905,HOME,L,98.0,99.0,98.0,36.0,86.0,41.86,27.0,58.0,46.55,9.0,28.0,32.14,11.0,17.0,64.71,12.0,36.0,48.0,27.0,11.0,9.0,16.0,20.0,50.0,11.0,16.0,9.0,16.0
2022500154,2025-26,2026-01-15,27,1612709913,Birmingham Squadron,BHM,Motor City Cruise,HOME,L,94.0,109.0,94.0,34.0,77.0,44.16,19.0,45.0,42.22,15.0,32.0,46.88,6.0,12.0,50.0,12.0,34.0,46.0,29.0,9.0,7.0,19.0,16.0,36.0,4.0,14.0,22.0,9.0
2022500163,2025-26,2026-01-17,28,1612709913,Birmingham Squadron,BHM,Motor City Cruise,HOME,L,103.0,127.0,103.0,35.0,79.0,44.3,23.0,44.0,52.27,12.0,35.0,34.29,13.0,16.0,81.25,6.0,30.0,36.0,28.0,4.0,6.0,14.0,10.0,40.0,8.0,15.0,28.0,10.0
2022500176,2025-26,2026-01-19,29,1612709913,Birmingham Squadron,BHM,Greensboro Swarm,HOME,L,114.0,116.0,114.0,41.0,96.0,42.71,30.0,60.0,50.0,11.0,36.0,30.56,12.0,14.0,85.71,11.0,36.0,47.0,22.0,8.0,9.0,10.0,17.0,42.0,21.0,18.0,20.0,8.0
2022500194,2025-26,2026-01-22,30,1612709913,Birmingham Squadron,BHM,Cleveland Charge,HOME,L,104.0,113.0,104.0,38.0,81.0,46.91,28.0,52.0,53.85,10.0,29.0,34.48,9.0,12.0,75.0,11.0,28.0,39.0,23.0,10.0,3.0,18.0,13.0,50.0,14.0,20.0,25.0,16.0
2022500205,2025-26,2026-01-24,31,1612709913,Birmingham Squadron,BHM,Cleveland Charge,HOME,L,105.0,120.0,105.0,43.0,78.0,55.13,36.0,60.0,60.0,7.0,18.0,38.89,7.0,10.0,70.0,7.0,27.0,34.0,23.0,7.0,7.0,19.0,14.0,66.0,9.0,14.0,49.0,13.0
2022500229,2025-26,2026-01-28,32,1612709913,Birmingham Squadron,BHM,Sioux Falls Skyforce,HOME,W,115.0,97.0,115.0,41.0,90.0,45.56,26.0,51.0,50.98,15.0,39.0,38.46,9.0,15.0,60.0,14.0,43.0,57.0,25.0,10.0,11.0,15.0,21.0,44.0,24.0,14.0,13.0,12.0
2022500237,2025-26,2026-01-30,33,1612709913,Birmingham Squadron,BHM,Noblesville Boom,AWAY,L,111.0,124.0,111.0,39.0,81.0,48.15,27.0,48.0,56.25,12.0,33.0,36.36,12.0,18.0,66.67,10.0,28.0,38.0,29.0,9.0,7.0,16.0,16.0,46.0,9.0,22.0,48.0,7.0
2022500251,2025-26,2026-02-01,34,1612709913,Birmingham Squadron,BHM,Noblesville Boom,AWAY,L,109.0,125.0,109.0,39.0,97.0,40.21,32.0,61.0,52.46,7.0,36.0,19.44,16.0,21.0,76.19,16.0,37.0,53.0,15.0,10.0,7.0,18.0,17.0,56.0,18.0,18.0,19.0,16.0
2022500286,2025-26,2026-02-07,35,1612709913,Birmingham Squadron,BHM,Capital City Go-Go,AWAY,W,122.0,116.0,122.0,44.0,86.0,51.16,35.0,59.0,59.32,9.0,27.0,33.33,14.0,19.0,73.68,16.0,30.0,46.0,28.0,2.0,2.0,8.0,4.0,66.0,12.0,13.0,20.0,2.0
2022500296,2025-26,2026-02-09,36,1612709913,Birmingham Squadron,BHM,Wisconsin Herd,AWAY,W,104.0,89.0,104.0,39.0,81.0,48.15,31.0,52.0,59.62,8.0,29.0,27.59,11.0,18.0,61.11,8.0,38.0,46.0,27.0,12.0,5.0,14.0,17.0,52.0,10.0,17.0,31.0,12.0
2022500301,2025-26,2026-02-10,37,1612709913,Birmingham Squadron,BHM,Wisconsin Herd,AWAY,W,124.0,110.0,124.0,42.0,86.0,48.84,31.0,48.0,64.58,11.0,38.0,28.95,15.0,19.0,78.95,7.0,40.0,47.0,23.0,6.0,8.0,7.0,14.0,54.0,14.0,10.0,45.0,11.0
2022500317,2025-26,2026-02-12,38,1612709913,Birmingham Squadron,BHM,Rip City Remix,HOME,L,103.0,141.0,103.0,36.0,89.0,40.45,27.0,53.0,50.94,9.0,36.0,25.0,12.0,20.0,60.0,16.0,29.0,45.0,12.0,7.0,8.0,13.0,15.0,36.0,23.0,11.0,15.0,10.0
2022500322,2025-26,2026-02-19,39,1612709913,Birmingham Squadron,BHM,Long Island Nets,HOME,L,103.0,121.0,103.0,37.0,85.0,43.53,33.0,61.0,54.1,4.0,24.0,16.67,13.0,17.0,76.47,14.0,25.0,39.0,21.0,9.0,0.0,10.0,9.0,64.0,16.0,12.0,23.0,13.0
2022500332,2025-26,2026-02-20,40,1612709913,Birmingham Squadron,BHM,Long Island Nets,HOME,W,104.0,102.0,104.0,35.0,79.0,44.3,23.0,47.0,48.94,12.0,32.0,37.5,12.0,15.0,80.0,10.0,32.0,42.0,23.0,13.0,4.0,11.0,17.0,44.0,19.0,17.0,16.0,8.0
2022500359,2025-26,2026-02-24,41,1612709913,Birmingham Squadron,BHM,Capital City Go-Go,AWAY,W,126.0,112.0,126.0,47.0,91.0,51.65,32.0,55.0,58.18,15.0,36.0,41.67,11.0,14.0,78.57,13.0,37.0,50.0,29.0,10.0,4.0,15.0,14.0,62.0,14.0,21.0,24.0,19.0
2022500410,2025-26,2026-03-04,42,1612709913,Birmingham Squadron,BHM,Santa Cruz Warriors,AWAY,L,117.0,121.0,117.0,47.0,92.0,51.09,39.0,58.0,67.24,8.0,34.0,23.53,10.0,12.0,83.33,8.0,32.0,40.0,15.0,11.0,5.0,12.0,16.0,66.0,15.0,26.0,29.0,24.0
2022500414,2025-26,2026-03-05,43,1612709913,Birmingham Squadron,BHM,Stockton Kings,AWAY,L,99.0,124.0,99.0,41.0,82.0,50.0,35.0,50.0,70.0,6.0,32.0,18.75,7.0,16.0,43.75,10.0,34.0,44.0,12.0,5.0,5.0,10.0,10.0,62.0,13.0,4.0,33.0,6.0
2022500433,2025-26,2026-03-08,44,1612709913,Birmingham Squadron,BHM,Stockton Kings,AWAY,W,127.0,119.0,127.0,45.0,88.0,51.14,29.0,51.0,56.86,16.0,37.0,43.24,12.0,15.0,80.0,13.0,33.0,46.0,27.0,12.0,1.0,14.0,13.0,54.0,16.0,32.0,11.0,16.0
2022500445,2025-26,2026-03-11,45,1612709913,Birmingham Squadron,BHM,Grand Rapids Gold,AWAY,W,122.0,95.0,122.0,47.0,90.0,52.22,32.0,55.0,58.18,15.0,35.0,42.86,8.0,13.0,61.54,15.0,39.0,54.0,22.0,7.0,5.0,12.0,12.0,48.0,17.0,12.0,38.0,5.0
2022500476,2025-26,2026-03-16,46,1612709913,Birmingham Squadron,BHM,Maine Celtics,HOME,W,144.0,143.0,144.0,52.0,88.0,59.09,35.0,60.0,58.33,17.0,28.0,60.71,16.0,21.0,76.19,9.0,27.0,36.0,32.0,7.0,3.0,19.0,10.0,66.0,13.0,22.0,33.0,12.0
2022500484,2025-26,2026-03-17,47,1612709913,Birmingham Squadron,BHM,Maine Celtics,HOME,W,122.0,106.0,122.0,48.0,89.0,53.93,37.0,57.0,64.91,11.0,32.0,34.38,10.0,12.0,83.33,10.0,41.0,51.0,28.0,5.0,5.0,12.0,10.0,74.0,12.0,12.0,15.0,6.0
2022500516,2025-26,2026-03-22,48,1612709913,Birmingham Squadron,BHM,Windy City Bulls,HOME,W,134.0,119.0,134.0,54.0,96.0,56.25,45.0,68.0,66.18,9.0,28.0,32.14,11.0,13.0,84.62,14.0,39.0,53.0,33.0,7.0,6.0,21.0,13.0,82.0,21.0,20.0,30.0,21.0
2022500525,2025-26,2026-03-24,49,1612709913,Birmingham Squadron,BHM,Windy City Bulls,HOME,W,134.0,133.0,134.0,49.0,102.0,48.04,37.0,68.0,54.41,12.0,34.0,35.29,17.0,23.0,73.91,13.0,40.0,53.0,29.0,9.0,6.0,11.0,15.0,74.0,22.0,19.0,30.0,13.0
2022500541,2025-26,2026-03-27,50,1612709913,Birmingham Squadron,BHM,Grand Rapids Gold,AWAY,L,101.0,123.0,101.0,39.0,87.0,44.83,29.0,50.0,58.0,10.0,37.0,27.03,9.0,17.0,52.94,12.0,38.0,50.0,14.0,6.0,9.0,19.0,15.0,52.0,13.0,12.0,12.0,7.0
2052500003,2025-26,2025-11-07,1,1612709928,Capital City Go-Go,CCG,Long Island Nets,AWAY,L,102.0,109.0,102.0,34.0,73.0,46.58,27.0,43.0,62.79,7.0,30.0,23.33,15.0,22.0,68.18,11.0,29.0,40.0,22.0,18.0,7.0,25.0,25.0,52.0,6.0,27.0,23.0,30.0
2052500023,2025-26,2025-11-09,2,1612709928,Capital City Go-Go,CCG,Long Island Nets,AWAY,W,112.0,105.0,112.0,39.0,81.0,48.15,30.0,49.0,61.22,9.0,32.0,28.12,16.0,21.0,76.19,9.0,30.0,39.0,25.0,12.0,5.0,17.0,17.0,54.0,21.0,21.0,46.0,15.0
2052500032,2025-26,2025-11-12,3,1612709928,Capital City Go-Go,CCG,Westchester Knicks,HOME,W,104.0,94.0,104.0,36.0,88.0,40.91,25.0,50.0,50.0,11.0,38.0,28.95,14.0,19.0,73.68,12.0,33.0,45.0,26.0,9.0,8.0,15.0,17.0,50.0,10.0,28.0,27.0,13.0
2052500042,2025-26,2025-11-14,4,1612709928,Capital City Go-Go,CCG,College Park Skyhawks,AWAY,L,113.0,121.0,113.0,44.0,98.0,44.9,38.0,70.0,54.29,6.0,28.0,21.43,12.0,15.0,80.0,21.0,31.0,52.0,18.0,6.0,7.0,13.0,13.0,76.0,22.0,14.0,23.0,10.0
2052500057,2025-26,2025-11-16,5,1612709928,Capital City Go-Go,CCG,College Park Skyhawks,AWAY,W,111.0,104.0,111.0,38.0,91.0,41.76,25.0,53.0,47.17,13.0,38.0,34.21,13.0,21.0,61.9,14.0,31.0,45.0,27.0,15.0,3.0,12.0,18.0,48.0,16.0,29.0,45.0,19.0
2052500087,2025-26,2025-11-22,6,1612709928,Capital City Go-Go,CCG,Westchester Knicks,HOME,L,107.0,112.0,107.0,38.0,82.0,46.34,28.0,48.0,58.33,10.0,34.0,29.41,14.0,20.0,70.0,7.0,24.0,31.0,21.0,13.0,6.0,19.0,19.0,50.0,4.0,30.0,27.0,13.0
2052500111,2025-26,2025-11-28,7,1612709928,Capital City Go-Go,CCG,Greensboro Swarm,AWAY,W,109.0,107.0,109.0,40.0,95.0,42.11,29.0,57.0,50.88,11.0,38.0,28.95,12.0,16.0,75.0,7.0,40.0,47.0,31.0,11.0,8.0,13.0,19.0,54.0,12.0,17.0,32.0,8.0
2052500125,2025-26,2025-11-30,8,1612709928,Capital City Go-Go,CCG,Greensboro Swarm,HOME,L,106.0,124.0,106.0,39.0,89.0,43.82,26.0,53.0,49.06,13.0,36.0,36.11,9.0,12.0,75.0,12.0,26.0,38.0,24.0,7.0,9.0,13.0,16.0,46.0,18.0,14.0,18.0,9.0
2052500143,2025-26,2025-12-03,9,1612709928,Capital City Go-Go,CCG,Raptors 905,AWAY,L,104.0,123.0,104.0,35.0,86.0,40.7,22.0,41.0,53.66,13.0,45.0,28.89,13.0,17.0,76.47,14.0,31.0,45.0,21.0,5.0,7.0,17.0,12.0,42.0,13.0,17.0,29.0,15.0
2052500150,2025-26,2025-12-05,10,1612709928,Capital City Go-Go,CCG,Raptors 905,AWAY,L,120.0,124.0,120.0,44.0,87.0,50.57,33.0,58.0,56.9,11.0,29.0,37.93,13.0,16.0,81.25,13.0,30.0,43.0,24.0,5.0,3.0,15.0,8.0,64.0,16.0,11.0,38.0,10.0
2052500175,2025-26,2025-12-10,11,1612709928,Capital City Go-Go,CCG,Maine Celtics,HOME,L,101.0,112.0,101.0,38.0,86.0,44.19,27.0,50.0,54.0,11.0,36.0,30.56,9.0,15.0,60.0,8.0,24.0,32.0,26.0,10.0,6.0,7.0,16.0,52.0,4.0,25.0,19.0,6.0
2052500188,2025-26,2025-12-12,12,1612709928,Capital City Go-Go,CCG,Maine Celtics,HOME,W,111.0,77.0,111.0,40.0,87.0,45.98,28.0,52.0,53.85,12.0,35.0,34.29,9.0,10.0,90.0,12.0,38.0,50.0,27.0,12.0,1.0,11.0,13.0,54.0,20.0,26.0,49.0,4.0
2052500202,2025-26,2025-12-14,13,1612709928,Capital City Go-Go,CCG,Delaware Blue Coats,HOME,W,127.0,107.0,127.0,44.0,83.0,53.01,24.0,40.0,60.0,20.0,43.0,46.51,11.0,14.0,78.57,11.0,28.0,39.0,33.0,9.0,5.0,14.0,14.0,44.0,9.0,13.0,45.0,13.0
2052500211,2025-26,2025-12-16,14,1612709928,Capital City Go-Go,CCG,Delaware Blue Coats,HOME,L,110.0,120.0,110.0,36.0,73.0,49.32,29.0,47.0,61.7,7.0,26.0,26.92,19.0,22.0,86.36,8.0,31.0,39.0,21.0,7.0,1.0,21.0,8.0,52.0,13.0,18.0,29.0,2.0
2022500012,2025-26,2025-12-20,15,1612709928,Capital City Go-Go,CCG,Oklahoma City Blue,AWAY,W,125.0,86.0,125.0,39.0,89.0,43.82,17.0,40.0,42.5,22.0,49.0,44.9,15.0,17.0,88.24,12.0,41.0,53.0,29.0,10.0,7.0,10.0,17.0,34.0,18.0,24.0,62.0,14.0
2022500026,2025-26,2025-12-22,16,1612709928,Capital City Go-Go,CCG,Sioux Falls Skyforce,HOME,L,103.0,116.0,103.0,39.0,98.0,39.8,22.0,44.0,50.0,17.0,54.0,31.48,6.0,7.0,85.71,15.0,29.0,44.0,22.0,6.0,11.0,10.0,17.0,42.0,16.0,11.0,31.0,15.0
2022500032,2025-26,2025-12-27,17,1612709928,Capital City Go-Go,CCG,College Park Skyhawks,AWAY,W,122.0,100.0,122.0,45.0,95.0,47.37,30.0,49.0,61.22,15.0,46.0,32.61,10.0,10.0,100.0,14.0,44.0,58.0,32.0,6.0,4.0,14.0,10.0,58.0,15.0,14.0,44.0,12.0
2022500070,2025-26,2026-01-01,18,1612709928,Capital City Go-Go,CCG,Westchester Knicks,AWAY,W,139.0,90.0,139.0,52.0,98.0,53.06,30.0,50.0,60.0,22.0,48.0,45.83,7.0,12.0,58.33,13.0,41.0,54.0,31.0,10.0,4.0,6.0,14.0,54.0,18.0,38.0,57.0,27.0
2022500081,2025-26,2026-01-03,19,1612709928,Capital City Go-Go,CCG,Maine Celtics,AWAY,L,109.0,112.0,109.0,42.0,85.0,49.41,23.0,39.0,58.97,19.0,46.0,41.3,4.0,10.0,40.0,7.0,28.0,35.0,28.0,15.0,5.0,18.0,20.0,40.0,11.0,27.0,20.0,9.0
2022500103,2025-26,2026-01-07,20,1612709928,Capital City Go-Go,CCG,Motor City Cruise,HOME,W,112.0,104.0,112.0,39.0,89.0,43.82,24.0,49.0,48.98,15.0,40.0,37.5,15.0,19.0,78.95,11.0,28.0,39.0,24.0,19.0,6.0,16.0,25.0,44.0,7.0,44.0,29.0,14.0
2022500113,2025-26,2026-01-09,21,1612709928,Capital City Go-Go,CCG,Motor City Cruise,HOME,W,114.0,106.0,114.0,40.0,86.0,46.51,26.0,48.0,54.17,14.0,38.0,36.84,14.0,21.0,66.67,15.0,29.0,44.0,29.0,11.0,8.0,13.0,19.0,46.0,15.0,22.0,32.0,8.0
2022500144,2025-26,2026-01-14,22,1612709928,Capital City Go-Go,CCG,Long Island Nets,HOME,L,101.0,104.0,101.0,36.0,79.0,45.57,22.0,40.0,55.0,14.0,39.0,35.9,9.0,11.0,81.82,7.0,32.0,39.0,33.0,7.0,4.0,19.0,11.0,42.0,14.0,12.0,38.0,14.0
2022500151,2025-26,2026-01-15,23,1612709928,Capital City Go-Go,CCG,Raptors 905,HOME,L,104.0,115.0,104.0,40.0,81.0,49.38,26.0,43.0,60.47,14.0,38.0,36.84,5.0,6.0,83.33,6.0,23.0,29.0,28.0,14.0,6.0,15.0,20.0,52.0,6.0,33.0,27.0,12.0
2022500162,2025-26,2026-01-17,24,1612709928,Capital City Go-Go,CCG,Raptors 905,HOME,W,101.0,99.0,101.0,38.0,87.0,43.68,25.0,51.0,49.02,13.0,36.0,36.11,7.0,12.0,58.33,12.0,29.0,41.0,21.0,10.0,5.0,13.0,15.0,44.0,15.0,12.0,31.0,6.0
2022500178,2025-26,2026-01-19,25,1612709928,Capital City Go-Go,CCG,Texas Legends,AWAY,W,113.0,102.0,113.0,38.0,82.0,46.34,23.0,41.0,56.1,15.0,41.0,36.59,13.0,17.0,76.47,9.0,40.0,49.0,28.0,3.0,8.0,11.0,11.0,44.0,16.0,10.0,35.0,25.0
2022500193,2025-26,2026-01-22,26,1612709928,Capital City Go-Go,CCG,Austin Spurs,AWAY,L,103.0,110.0,103.0,34.0,82.0,41.46,18.0,36.0,50.0,16.0,46.0,34.78,10.0,16.0,62.5,12.0,30.0,42.0,20.0,8.0,2.0,13.0,10.0,30.0,17.0,14.0,17.0,15.0
2022500200,2025-26,2026-01-23,27,1612709928,Capital City Go-Go,CCG,Austin Spurs,AWAY,W,112.0,96.0,112.0,41.0,82.0,50.0,33.0,55.0,60.0,8.0,27.0,29.63,12.0,12.0,100.0,10.0,33.0,43.0,22.0,7.0,6.0,15.0,13.0,50.0,12.0,20.0,30.0,12.0
2022500235,2025-26,2026-01-30,28,1612709928,Capital City Go-Go,CCG,Wisconsin Herd,HOME,L,99.0,124.0,99.0,36.0,81.0,44.44,24.0,47.0,51.06,12.0,34.0,35.29,9.0,12.0,75.0,13.0,27.0,40.0,18.0,6.0,1.0,16.0,7.0,46.0,11.0,16.0,37.0,4.0
2022500244,2025-26,2026-01-31,29,1612709928,Capital City Go-Go,CCG,Wisconsin Herd,HOME,W,110.0,98.0,110.0,45.0,83.0,54.22,33.0,48.0,68.75,12.0,35.0,34.29,4.0,8.0,50.0,8.0,37.0,45.0,22.0,7.0,7.0,15.0,14.0,62.0,12.0,20.0,19.0,11.0
2022500267,2025-26,2026-02-04,30,1612709928,Capital City Go-Go,CCG,South Bay Lakers,HOME,L,111.0,124.0,111.0,34.0,76.0,44.74,13.0,29.0,44.83,21.0,47.0,44.68,11.0,20.0,55.0,7.0,26.0,33.0,25.0,9.0,1.0,13.0,10.0,26.0,12.0,16.0,16.0,0.0
2022500275,2025-26,2026-02-06,31,1612709928,Capital City Go-Go,CCG,South Bay Lakers,HOME,W,115.0,114.0,115.0,43.0,86.0,50.0,28.0,54.0,51.85,15.0,32.0,46.88,9.0,13.0,69.23,15.0,24.0,39.0,25.0,13.0,4.0,21.0,17.0,52.0,26.0,21.0,31.0,2.0
2022500286,2025-26,2026-02-07,32,1612709928,Capital City Go-Go,CCG,Birmingham Squadron,HOME,L,116.0,122.0,116.0,41.0,86.0,47.67,23.0,39.0,58.97,18.0,47.0,38.3,10.0,12.0,83.33,9.0,26.0,35.0,26.0,5.0,3.0,7.0,8.0,46.0,10.0,10.0,23.0,12.0
2022500305,2025-26,2026-02-11,33,1612709928,Capital City Go-Go,CCG,Greensboro Swarm,AWAY,L,119.0,136.0,119.0,46.0,86.0,53.49,30.0,54.0,55.56,16.0,32.0,50.0,6.0,8.0,75.0,9.0,21.0,30.0,31.0,6.0,0.0,10.0,6.0,54.0,13.0,13.0,37.0,9.0
2022500315,2025-26,2026-02-12,34,1612709928,Capital City Go-Go,CCG,Greensboro Swarm,AWAY,L,107.0,119.0,107.0,40.0,90.0,44.44,25.0,53.0,47.17,15.0,37.0,40.54,7.0,9.0,77.78,11.0,30.0,41.0,20.0,10.0,3.0,15.0,13.0,48.0,16.0,22.0,14.0,13.0
2022500323,2025-26,2026-02-19,35,1612709928,Capital City Go-Go,CCG,Osceola Magic,HOME,W,113.0,110.0,113.0,39.0,84.0,46.43,19.0,40.0,47.5,20.0,44.0,45.45,8.0,13.0,61.54,13.0,34.0,47.0,25.0,8.0,8.0,16.0,16.0,32.0,12.0,14.0,38.0,9.0
2022500342,2025-26,2026-02-21,36,1612709928,Capital City Go-Go,CCG,Noblesville Boom,AWAY,L,125.0,128.0,125.0,42.0,78.0,53.85,28.0,39.0,71.79,14.0,39.0,35.9,17.0,21.0,80.95,10.0,32.0,42.0,24.0,6.0,8.0,18.0,14.0,54.0,15.0,22.0,30.0,23.0
2022500347,2025-26,2026-02-22,37,1612709928,Capital City Go-Go,CCG,Noblesville Boom,AWAY,W,130.0,114.0,130.0,46.0,85.0,54.12,32.0,51.0,62.75,14.0,34.0,41.18,15.0,17.0,88.24,15.0,26.0,41.0,26.0,12.0,4.0,14.0,16.0,62.0,21.0,19.0,54.0,8.0
2022500359,2025-26,2026-02-24,38,1612709928,Capital City Go-Go,CCG,Birmingham Squadron,HOME,L,112.0,126.0,112.0,44.0,88.0,50.0,33.0,54.0,61.11,11.0,34.0,32.35,8.0,11.0,72.73,9.0,28.0,37.0,26.0,12.0,5.0,16.0,17.0,64.0,9.0,20.0,34.0,17.0
2022500375,2025-26,2026-02-26,39,1612709928,Capital City Go-Go,CCG,Westchester Knicks,AWAY,L,112.0,124.0,112.0,43.0,83.0,51.81,31.0,54.0,57.41,12.0,29.0,41.38,7.0,11.0,63.64,8.0,38.0,46.0,26.0,5.0,3.0,18.0,8.0,62.0,10.0,6.0,43.0,15.0
2022500383,2025-26,2026-02-28,40,1612709928,Capital City Go-Go,CCG,College Park Skyhawks,HOME,W,137.0,117.0,137.0,48.0,88.0,54.55,36.0,55.0,65.45,12.0,33.0,36.36,15.0,18.0,83.33,11.0,41.0,52.0,31.0,8.0,6.0,12.0,14.0,70.0,17.0,13.0,45.0,22.0
2022500401,2025-26,2026-03-03,41,1612709928,Capital City Go-Go,CCG,Grand Rapids Gold,AWAY,L,121.0,130.0,121.0,49.0,95.0,51.58,28.0,49.0,57.14,21.0,46.0,45.65,1.0,3.0,33.33,10.0,28.0,38.0,30.0,3.0,4.0,10.0,7.0,44.0,18.0,9.0,35.0,4.0
2022500411,2025-26,2026-03-05,42,1612709928,Capital City Go-Go,CCG,Grand Rapids Gold,AWAY,W,126.0,120.0,126.0,44.0,88.0,50.0,30.0,51.0,58.82,14.0,37.0,37.84,16.0,19.0,84.21,14.0,34.0,48.0,25.0,9.0,6.0,15.0,15.0,54.0,30.0,20.0,14.0,6.0
2022500431,2025-26,2026-03-08,43,1612709928,Capital City Go-Go,CCG,Cleveland Charge,AWAY,W,124.0,113.0,124.0,45.0,84.0,53.57,31.0,47.0,65.96,14.0,37.0,37.84,14.0,14.0,100.0,12.0,29.0,41.0,24.0,10.0,1.0,17.0,11.0,58.0,22.0,23.0,35.0,9.0
2022500437,2025-26,2026-03-10,44,1612709928,Capital City Go-Go,CCG,Cleveland Charge,AWAY,L,111.0,127.0,111.0,37.0,86.0,43.02,25.0,51.0,49.02,12.0,35.0,34.29,13.0,17.0,76.47,17.0,25.0,42.0,12.0,2.0,4.0,11.0,6.0,50.0,27.0,8.0,31.0,2.0
2022500479,2025-26,2026-03-17,45,1612709928,Capital City Go-Go,CCG,Santa Cruz Warriors,HOME,W,137.0,130.0,137.0,43.0,81.0,53.09,28.0,47.0,59.57,15.0,34.0,44.12,26.0,32.0,81.25,11.0,27.0,38.0,31.0,13.0,4.0,14.0,17.0,56.0,8.0,31.0,15.0,16.0
2022500488,2025-26,2026-03-18,46,1612709928,Capital City Go-Go,CCG,Windy City Bulls,HOME,W,133.0,122.0,133.0,53.0,102.0,51.96,41.0,70.0,58.57,12.0,32.0,37.5,10.0,13.0,76.92,14.0,29.0,43.0,34.0,11.0,6.0,12.0,17.0,82.0,15.0,28.0,27.0,18.0
2022500495,2025-26,2026-03-20,47,1612709928,Capital City Go-Go,CCG,Windy City Bulls,HOME,W,154.0,143.0,154.0,58.0,99.0,58.59,43.0,63.0,68.25,15.0,36.0,41.67,14.0,19.0,73.68,12.0,36.0,48.0,41.0,7.0,6.0,13.0,13.0,82.0,22.0,16.0,49.0,14.0
2022500519,2025-26,2026-03-22,48,1612709928,Capital City Go-Go,CCG,Long Island Nets,HOME,W,127.0,120.0,127.0,45.0,84.0,53.57,29.0,46.0,63.04,16.0,38.0,42.11,12.0,13.0,92.31,9.0,31.0,40.0,29.0,4.0,5.0,16.0,9.0,56.0,13.0,14.0,31.0,16.0
2022500540,2025-26,2026-03-27,49,1612709928,Capital City Go-Go,CCG,Delaware Blue Coats,AWAY,L,128.0,132.0,128.0,48.0,99.0,48.48,33.0,61.0,54.1,15.0,38.0,39.47,10.0,12.0,83.33,15.0,35.0,50.0,28.0,7.0,5.0,17.0,12.0,64.0,23.0,20.0,42.0,2.0
2022500548,2025-26,2026-03-28,50,1612709928,Capital City Go-Go,CCG,Delaware Blue Coats,AWAY,L,120.0,122.0,120.0,46.0,92.0,50.0,30.0,53.0,56.6,16.0,39.0,41.03,7.0,10.0,70.0,9.0,33.0,42.0,23.0,6.0,6.0,15.0,12.0,56.0,16.0,8.0,33.0,8.0
2052500007,2025-26,2025-11-07,1,1612709893,Cleveland Charge,CLC,Iowa Wolves,AWAY,L,124.0,137.0,124.0,46.0,107.0,42.99,27.0,57.0,47.37,19.0,50.0,38.0,8.0,12.0,66.67,15.0,26.0,41.0,35.0,6.0,8.0,11.0,14.0,50.0,27.0,20.0,54.0,20.0
2052500016,2025-26,2025-11-08,2,1612709893,Cleveland Charge,CLC,Iowa Wolves,AWAY,L,123.0,130.0,123.0,46.0,100.0,46.0,30.0,55.0,54.55,16.0,45.0,35.56,9.0,13.0,69.23,19.0,23.0,42.0,28.0,11.0,7.0,18.0,18.0,58.0,26.0,26.0,30.0,11.0
2052500033,2025-26,2025-11-12,3,1612709893,Cleveland Charge,CLC,Motor City Cruise,AWAY,W,121.0,111.0,121.0,46.0,95.0,48.42,31.0,47.0,65.96,15.0,48.0,31.25,9.0,11.0,81.82,15.0,26.0,41.0,26.0,8.0,9.0,10.0,17.0,58.0,20.0,28.0,20.0,18.0
2052500041,2025-26,2025-11-14,4,1612709893,Cleveland Charge,CLC,Wisconsin Herd,HOME,W,115.0,113.0,115.0,42.0,95.0,44.21,29.0,51.0,56.86,13.0,44.0,29.55,10.0,18.0,55.56,21.0,33.0,54.0,23.0,5.0,3.0,17.0,8.0,52.0,32.0,19.0,36.0,5.0
2052500053,2025-26,2025-11-15,5,1612709893,Cleveland Charge,CLC,Wisconsin Herd,HOME,L,109.0,110.0,109.0,35.0,87.0,40.23,25.0,50.0,50.0,10.0,37.0,27.03,16.0,18.0,88.89,18.0,34.0,52.0,23.0,7.0,5.0,17.0,12.0,50.0,17.0,16.0,21.0,12.0
2052500068,2025-26,2025-11-18,6,1612709893,Cleveland Charge,CLC,Sioux Falls Skyforce,AWAY,W,139.0,137.0,139.0,53.0,113.0,46.9,37.0,71.0,52.11,16.0,42.0,38.1,10.0,12.0,83.33,25.0,22.0,47.0,34.0,17.0,7.0,14.0,24.0,66.0,40.0,35.0,50.0,29.0
2052500080,2025-26,2025-11-21,7,1612709893,Cleveland Charge,CLC,Grand Rapids Gold,HOME,L,118.0,132.0,118.0,45.0,100.0,45.0,35.0,65.0,53.85,10.0,35.0,28.57,10.0,12.0,83.33,19.0,30.0,49.0,25.0,9.0,3.0,16.0,12.0,66.0,21.0,10.0,58.0,7.0
2052500088,2025-26,2025-11-22,8,1612709893,Cleveland Charge,CLC,Grand Rapids Gold,HOME,W,134.0,126.0,134.0,47.0,96.0,48.96,31.0,49.0,63.27,16.0,47.0,34.04,17.0,21.0,80.95,11.0,27.0,38.0,32.0,10.0,3.0,8.0,13.0,58.0,18.0,20.0,50.0,6.0
2052500114,2025-26,2025-11-28,9,1612709893,Cleveland Charge,CLC,Windy City Bulls,AWAY,L,135.0,142.0,135.0,52.0,107.0,48.6,36.0,60.0,60.0,16.0,47.0,34.04,10.0,14.0,71.43,14.0,25.0,39.0,30.0,13.0,7.0,14.0,20.0,72.0,18.0,21.0,51.0,18.0
2052500128,2025-26,2025-11-30,10,1612709893,Cleveland Charge,CLC,Windy City Bulls,AWAY,W,135.0,117.0,135.0,45.0,85.0,52.94,30.0,53.0,56.6,15.0,32.0,46.88,17.0,21.0,80.95,11.0,39.0,50.0,34.0,13.0,11.0,17.0,24.0,60.0,20.0,24.0,48.0,34.0
2052500142,2025-26,2025-12-03,11,1612709893,Cleveland Charge,CLC,Noblesville Boom,HOME,L,128.0,140.0,128.0,52.0,100.0,52.0,42.0,63.0,66.67,10.0,37.0,27.03,10.0,13.0,76.92,13.0,24.0,37.0,34.0,17.0,2.0,17.0,19.0,82.0,8.0,30.0,63.0,17.0
2052500151,2025-26,2025-12-05,12,1612709893,Cleveland Charge,CLC,Noblesville Boom,HOME,W,114.0,102.0,114.0,41.0,88.0,46.59,27.0,45.0,60.0,14.0,43.0,32.56,12.0,17.0,70.59,17.0,30.0,47.0,32.0,13.0,6.0,22.0,19.0,52.0,17.0,31.0,35.0,12.0
2052500176,2025-26,2025-12-10,13,1612709893,Cleveland Charge,CLC,Motor City Cruise,AWAY,W,129.0,121.0,129.0,45.0,82.0,54.88,32.0,51.0,62.75,13.0,31.0,41.94,18.0,21.0,85.71,9.0,29.0,38.0,31.0,10.0,5.0,13.0,15.0,64.0,18.0,22.0,55.0,16.0
2052500195,2025-26,2025-12-13,14,1612709893,Cleveland Charge,CLC,Sioux Falls Skyforce,HOME,W,141.0,111.0,141.0,49.0,96.0,51.04,28.0,48.0,58.33,21.0,48.0,43.75,13.0,20.0,65.0,20.0,32.0,52.0,36.0,13.0,8.0,13.0,21.0,50.0,22.0,28.0,70.0,26.0
2022500005,2025-26,2025-12-19,15,1612709893,Cleveland Charge,CLC,Memphis Hustle,AWAY,W,118.0,107.0,118.0,45.0,82.0,54.88,30.0,44.0,68.18,15.0,38.0,39.47,9.0,11.0,81.82,9.0,29.0,38.0,30.0,9.0,10.0,24.0,19.0,58.0,18.0,21.0,42.0,17.0
2022500013,2025-26,2025-12-20,16,1612709893,Cleveland Charge,CLC,Rip City Remix,HOME,W,127.0,122.0,127.0,47.0,87.0,54.02,32.0,56.0,57.14,15.0,31.0,48.39,11.0,13.0,84.62,6.0,32.0,38.0,33.0,10.0,3.0,11.0,13.0,64.0,10.0,24.0,40.0,31.0
2022500034,2025-26,2025-12-27,17,1612709893,Cleveland Charge,CLC,Delaware Blue Coats,HOME,L,121.0,122.0,121.0,46.0,100.0,46.0,33.0,56.0,58.93,13.0,44.0,29.55,10.0,14.0,71.43,20.0,34.0,54.0,24.0,14.0,12.0,27.0,26.0,66.0,32.0,27.0,13.0,9.0
2022500058,2025-26,2025-12-30,18,1612709893,Cleveland Charge,CLC,Wisconsin Herd,HOME,W,115.0,107.0,115.0,39.0,86.0,45.35,21.0,38.0,55.26,18.0,48.0,37.5,14.0,18.0,77.78,12.0,32.0,44.0,23.0,7.0,4.0,14.0,11.0,38.0,10.0,19.0,25.0,5.0
2022500073,2025-26,2026-01-02,19,1612709893,Cleveland Charge,CLC,Long Island Nets,HOME,W,131.0,126.0,131.0,47.0,94.0,50.0,34.0,55.0,61.82,13.0,39.0,33.33,18.0,19.0,94.74,14.0,35.0,49.0,28.0,17.0,8.0,29.0,25.0,64.0,16.0,33.0,21.0,28.0
2022500104,2025-26,2026-01-07,20,1612709893,Cleveland Charge,CLC,Mexico City Capitanes,AWAY,L,119.0,126.0,119.0,44.0,87.0,50.57,30.0,48.0,62.5,14.0,39.0,35.9,11.0,17.0,64.71,16.0,33.0,49.0,24.0,6.0,6.0,20.0,12.0,58.0,25.0,21.0,19.0,8.0
2022500120,2025-26,2026-01-09,21,1612709893,Cleveland Charge,CLC,Texas Legends,AWAY,L,120.0,123.0,120.0,44.0,95.0,46.32,35.0,61.0,57.38,9.0,34.0,26.47,17.0,18.0,94.44,12.0,36.0,48.0,32.0,8.0,6.0,18.0,14.0,68.0,8.0,17.0,24.0,26.0
2022500132,2025-26,2026-01-11,22,1612709893,Cleveland Charge,CLC,Texas Legends,AWAY,L,112.0,114.0,112.0,42.0,89.0,47.19,33.0,58.0,56.9,9.0,31.0,29.03,11.0,15.0,73.33,13.0,27.0,40.0,24.0,10.0,7.0,12.0,17.0,60.0,10.0,11.0,13.0,15.0
2022500169,2025-26,2026-01-18,23,1612709893,Cleveland Charge,CLC,Grand Rapids Gold,AWAY,W,132.0,126.0,132.0,45.0,88.0,51.14,34.0,54.0,62.96,11.0,34.0,32.35,17.0,24.0,70.83,12.0,35.0,47.0,29.0,10.0,7.0,11.0,17.0,58.0,16.0,19.0,41.0,17.0
2022500183,2025-26,2026-01-20,24,1612709893,Cleveland Charge,CLC,Grand Rapids Gold,AWAY,W,125.0,105.0,125.0,42.0,85.0,49.41,28.0,49.0,57.14,14.0,36.0,38.89,13.0,16.0,81.25,12.0,34.0,46.0,28.0,15.0,4.0,13.0,19.0,44.0,19.0,20.0,58.0,17.0
2022500194,2025-26,2026-01-22,25,1612709893,Cleveland Charge,CLC,Birmingham Squadron,AWAY,W,113.0,104.0,113.0,41.0,84.0,48.81,25.0,40.0,62.5,16.0,44.0,36.36,8.0,9.0,88.89,9.0,32.0,41.0,28.0,13.0,6.0,17.0,19.0,44.0,16.0,23.0,33.0,14.0
2022500205,2025-26,2026-01-24,26,1612709893,Cleveland Charge,CLC,Birmingham Squadron,AWAY,W,120.0,105.0,120.0,44.0,93.0,47.31,28.0,51.0,54.9,16.0,42.0,38.1,9.0,10.0,90.0,19.0,26.0,45.0,30.0,11.0,3.0,12.0,14.0,46.0,17.0,38.0,29.0,18.0
2022500238,2025-26,2026-01-30,27,1612709893,Cleveland Charge,CLC,Memphis Hustle,HOME,W,131.0,117.0,131.0,46.0,83.0,55.42,33.0,52.0,63.46,13.0,31.0,41.94,15.0,18.0,83.33,7.0,47.0,54.0,32.0,5.0,6.0,19.0,11.0,62.0,12.0,14.0,32.0,10.0
2022500245,2025-26,2026-01-31,28,1612709893,Cleveland Charge,CLC,Motor City Cruise,HOME,L,104.0,114.0,104.0,40.0,94.0,42.55,26.0,51.0,50.98,14.0,43.0,32.56,6.0,9.0,66.67,12.0,33.0,45.0,23.0,10.0,2.0,11.0,12.0,50.0,13.0,11.0,19.0,19.0
2022500257,2025-26,2026-02-02,29,1612709893,Cleveland Charge,CLC,College Park Skyhawks,AWAY,W,133.0,115.0,133.0,55.0,98.0,56.12,42.0,65.0,64.62,13.0,33.0,39.39,7.0,8.0,87.5,15.0,29.0,44.0,29.0,13.0,3.0,13.0,16.0,78.0,28.0,27.0,30.0,22.0
2022500268,2025-26,2026-02-04,30,1612709893,Cleveland Charge,CLC,College Park Skyhawks,AWAY,W,156.0,126.0,156.0,59.0,101.0,58.42,32.0,51.0,62.75,27.0,50.0,54.0,6.0,9.0,66.67,17.0,29.0,46.0,42.0,5.0,5.0,7.0,10.0,60.0,27.0,16.0,48.0,11.0
2022500276,2025-26,2026-02-06,31,1612709893,Cleveland Charge,CLC,Greensboro Swarm,HOME,W,140.0,135.0,140.0,47.0,91.0,51.65,31.0,54.0,57.41,16.0,37.0,43.24,18.0,22.0,81.82,11.0,30.0,41.0,31.0,12.0,1.0,11.0,13.0,60.0,18.0,23.0,32.0,11.0
2022500287,2025-26,2026-02-07,32,1612709893,Cleveland Charge,CLC,Greensboro Swarm,HOME,L,110.0,123.0,110.0,40.0,93.0,43.01,30.0,54.0,55.56,10.0,39.0,25.64,11.0,12.0,91.67,15.0,29.0,44.0,28.0,11.0,1.0,15.0,12.0,54.0,22.0,16.0,41.0,8.0
2022500299,2025-26,2026-02-10,33,1612709893,Cleveland Charge,CLC,Raptors 905,HOME,W,126.0,122.0,126.0,42.0,91.0,46.15,26.0,48.0,54.17,16.0,43.0,37.21,18.0,23.0,78.26,16.0,25.0,41.0,32.0,9.0,5.0,13.0,14.0,50.0,16.0,17.0,51.0,18.0
2022500314,2025-26,2026-02-12,34,1612709893,Cleveland Charge,CLC,Raptors 905,HOME,W,134.0,124.0,134.0,48.0,89.0,53.93,26.0,45.0,57.78,22.0,44.0,50.0,10.0,15.0,66.67,14.0,32.0,46.0,33.0,5.0,3.0,14.0,8.0,46.0,24.0,10.0,39.0,12.0
2022500325,2025-26,2026-02-19,35,1612709893,Cleveland Charge,CLC,Noblesville Boom,AWAY,W,124.0,120.0,124.0,51.0,99.0,51.52,40.0,66.0,60.61,11.0,33.0,33.33,7.0,12.0,58.33,16.0,28.0,44.0,30.0,19.0,5.0,14.0,24.0,76.0,20.0,37.0,39.0,29.0
2022500339,2025-26,2026-02-21,36,1612709893,Cleveland Charge,CLC,Westchester Knicks,AWAY,L,114.0,122.0,114.0,45.0,105.0,42.86,27.0,53.0,50.94,18.0,52.0,34.62,4.0,8.0,50.0,16.0,26.0,42.0,29.0,9.0,3.0,16.0,12.0,48.0,26.0,21.0,17.0,4.0
2022500374,2025-26,2026-02-26,37,1612709893,Cleveland Charge,CLC,Osceola Magic,AWAY,W,129.0,107.0,129.0,49.0,91.0,53.85,29.0,44.0,65.91,20.0,47.0,42.55,8.0,11.0,72.73,12.0,32.0,44.0,34.0,10.0,7.0,12.0,17.0,54.0,16.0,17.0,41.0,13.0
2022500369,2025-26,2026-02-27,38,1612709893,Cleveland Charge,CLC,Osceola Magic,AWAY,L,111.0,128.0,111.0,40.0,82.0,48.78,25.0,39.0,64.1,15.0,43.0,34.88,9.0,12.0,75.0,10.0,28.0,38.0,24.0,9.0,9.0,23.0,18.0,42.0,17.0,17.0,31.0,7.0
2022500400,2025-26,2026-03-03,39,1612709893,Cleveland Charge,CLC,Windy City Bulls,HOME,W,148.0,105.0,148.0,54.0,96.0,56.25,29.0,45.0,64.44,25.0,51.0,49.02,10.0,14.0,71.43,14.0,29.0,43.0,37.0,14.0,1.0,13.0,15.0,54.0,13.0,36.0,63.0,21.0
2022500417,2025-26,2026-03-06,40,1612709893,Cleveland Charge,CLC,Windy City Bulls,HOME,W,125.0,99.0,125.0,51.0,96.0,53.12,31.0,50.0,62.0,20.0,46.0,43.48,2.0,4.0,50.0,17.0,33.0,50.0,35.0,11.0,2.0,13.0,13.0,58.0,19.0,31.0,33.0,19.0
2022500431,2025-26,2026-03-08,41,1612709893,Cleveland Charge,CLC,Capital City Go-Go,HOME,L,113.0,124.0,113.0,39.0,84.0,46.43,21.0,34.0,61.76,18.0,50.0,36.0,8.0,12.0,66.67,12.0,19.0,31.0,27.0,13.0,4.0,16.0,17.0,38.0,16.0,26.0,51.0,9.0
2022500437,2025-26,2026-03-10,42,1612709893,Cleveland Charge,CLC,Capital City Go-Go,HOME,W,127.0,111.0,127.0,49.0,83.0,59.04,32.0,47.0,68.09,17.0,36.0,47.22,7.0,11.0,63.64,7.0,29.0,36.0,37.0,7.0,6.0,8.0,13.0,60.0,9.0,16.0,56.0,11.0
2022500456,2025-26,2026-03-13,43,1612709893,Cleveland Charge,CLC,Santa Cruz Warriors,HOME,W,138.0,116.0,138.0,48.0,89.0,53.93,32.0,47.0,68.09,16.0,42.0,38.1,14.0,15.0,93.33,13.0,37.0,50.0,28.0,9.0,4.0,7.0,13.0,60.0,20.0,23.0,63.0,27.0
2022500464,2025-26,2026-03-14,44,1612709893,Cleveland Charge,CLC,Santa Cruz Warriors,HOME,W,130.0,100.0,130.0,49.0,83.0,59.04,34.0,50.0,68.0,15.0,33.0,45.45,10.0,11.0,90.91,7.0,40.0,47.0,31.0,8.0,2.0,15.0,10.0,56.0,12.0,15.0,61.0,13.0
2022500356,2025-26,2026-03-17,45,1612709893,Cleveland Charge,CLC,Westchester Knicks,AWAY,W,122.0,107.0,122.0,38.0,81.0,46.91,19.0,40.0,47.5,19.0,41.0,46.34,14.0,18.0,77.78,9.0,34.0,43.0,27.0,5.0,7.0,7.0,12.0,34.0,9.0,8.0,62.0,14.0
2022500489,2025-26,2026-03-18,46,1612709893,Cleveland Charge,CLC,Delaware Blue Coats,HOME,L,124.0,141.0,124.0,41.0,85.0,48.24,26.0,42.0,61.9,15.0,43.0,34.88,16.0,20.0,80.0,8.0,23.0,31.0,30.0,7.0,6.0,7.0,13.0,48.0,16.0,17.0,49.0,11.0
2022500513,2025-26,2026-03-22,47,1612709893,Cleveland Charge,CLC,Maine Celtics,AWAY,L,91.0,121.0,91.0,35.0,82.0,42.68,24.0,42.0,57.14,11.0,40.0,27.5,6.0,12.0,50.0,8.0,31.0,39.0,28.0,11.0,5.0,17.0,16.0,44.0,5.0,24.0,30.0,13.0
2022500524,2025-26,2026-03-24,48,1612709893,Cleveland Charge,CLC,Maine Celtics,AWAY,L,105.0,130.0,105.0,38.0,90.0,42.22,24.0,42.0,57.14,14.0,48.0,29.17,9.0,12.0,75.0,17.0,24.0,41.0,21.0,8.0,4.0,18.0,12.0,46.0,27.0,10.0,49.0,10.0
2022500536,2025-26,2026-03-26,49,1612709893,Cleveland Charge,CLC,Noblesville Boom,AWAY,L,112.0,134.0,112.0,39.0,82.0,47.56,31.0,46.0,67.39,8.0,36.0,22.22,14.0,14.0,100.0,8.0,24.0,32.0,27.0,9.0,6.0,17.0,15.0,52.0,12.0,17.0,44.0,20.0
2022500551,2025-26,2026-03-28,50,1612709893,Cleveland Charge,CLC,Long Island Nets,HOME,W,113.0,93.0,113.0,46.0,88.0,52.27,37.0,53.0,69.81,9.0,35.0,25.71,7.0,8.0,87.5,8.0,41.0,49.0,33.0,10.0,7.0,9.0,17.0,72.0,8.0,15.0,40.0,14.0
2052500006,2025-26,2025-11-07,1,1612709929,College Park Skyhawks,CPS,Raptors 905,AWAY,L,94.0,130.0,94.0,32.0,85.0,37.65,23.0,44.0,52.27,9.0,41.0,21.95,11.0,15.0,73.33,16.0,25.0,41.0,22.0,10.0,3.0,30.0,13.0,46.0,17.0,31.0,29.0,6.0
2052500022,2025-26,2025-11-09,2,1612709929,College Park Skyhawks,CPS,Raptors 905,AWAY,L,92.0,124.0,92.0,32.0,81.0,39.51,18.0,40.0,45.0,14.0,41.0,34.15,8.0,15.0,53.33,14.0,25.0,39.0,22.0,10.0,7.0,23.0,17.0,28.0,13.0,17.0,39.0,11.0
2052500042,2025-26,2025-11-14,3,1612709929,College Park Skyhawks,CPS,Capital City Go-Go,HOME,W,121.0,113.0,121.0,50.0,110.0,45.45,38.0,75.0,50.67,12.0,35.0,34.29,5.0,9.0,55.56,23.0,30.0,53.0,35.0,8.0,12.0,9.0,20.0,68.0,29.0,14.0,38.0,8.0
2052500057,2025-26,2025-11-16,4,1612709929,College Park Skyhawks,CPS,Capital City Go-Go,HOME,L,104.0,111.0,104.0,40.0,83.0,48.19,25.0,40.0,62.5,15.0,43.0,34.88,5.0,11.0,45.45,7.0,39.0,46.0,29.0,5.0,7.0,21.0,12.0,44.0,15.0,6.0,29.0,11.0
2052500107,2025-26,2025-11-26,5,1612709929,College Park Skyhawks,CPS,Long Island Nets,HOME,L,101.0,125.0,101.0,32.0,76.0,42.11,18.0,42.0,42.86,14.0,34.0,41.18,12.0,20.0,60.0,12.0,37.0,49.0,25.0,9.0,2.0,23.0,11.0,30.0,12.0,19.0,42.0,23.0
2052500110,2025-26,2025-11-28,6,1612709929,College Park Skyhawks,CPS,Delaware Blue Coats,AWAY,L,105.0,124.0,105.0,37.0,91.0,40.66,26.0,48.0,54.17,11.0,43.0,25.58,11.0,12.0,91.67,13.0,34.0,47.0,23.0,6.0,3.0,20.0,9.0,46.0,16.0,18.0,52.0,8.0
2052500117,2025-26,2025-11-29,7,1612709929,College Park Skyhawks,CPS,Delaware Blue Coats,AWAY,W,113.0,108.0,113.0,39.0,95.0,41.05,27.0,53.0,50.94,12.0,42.0,28.57,14.0,15.0,93.33,23.0,31.0,54.0,25.0,12.0,7.0,20.0,19.0,48.0,25.0,30.0,51.0,7.0
2052500075,2025-26,2025-12-02,8,1612709929,College Park Skyhawks,CPS,Westchester Knicks,HOME,W,135.0,103.0,135.0,53.0,105.0,50.48,34.0,61.0,55.74,19.0,44.0,43.18,8.0,14.0,57.14,18.0,30.0,48.0,38.0,15.0,4.0,7.0,19.0,58.0,20.0,22.0,33.0,17.0
2052500139,2025-26,2025-12-03,9,1612709929,College Park Skyhawks,CPS,Westchester Knicks,HOME,W,116.0,111.0,116.0,37.0,80.0,46.25,24.0,50.0,48.0,13.0,30.0,43.33,17.0,20.0,85.0,11.0,35.0,46.0,26.0,4.0,3.0,13.0,7.0,40.0,17.0,18.0,39.0,9.0
2052500156,2025-26,2025-12-06,10,1612709929,College Park Skyhawks,CPS,Maine Celtics,AWAY,L,95.0,117.0,95.0,35.0,94.0,37.23,23.0,48.0,47.92,12.0,46.0,26.09,7.0,8.0,87.5,11.0,32.0,43.0,22.0,5.0,3.0,11.0,8.0,42.0,14.0,12.0,21.0,7.0
2052500162,2025-26,2025-12-07,11,1612709929,College Park Skyhawks,CPS,Maine Celtics,AWAY,L,95.0,118.0,95.0,34.0,82.0,41.46,20.0,36.0,55.56,14.0,46.0,30.43,7.0,8.0,87.5,8.0,30.0,38.0,25.0,3.0,6.0,20.0,9.0,38.0,13.0,14.0,20.0,7.0
2052500169,2025-26,2025-12-09,12,1612709929,College Park Skyhawks,CPS,Long Island Nets,AWAY,W,114.0,107.0,114.0,42.0,93.0,45.16,27.0,45.0,60.0,15.0,48.0,31.25,8.0,12.0,66.67,9.0,43.0,52.0,30.0,8.0,6.0,13.0,14.0,46.0,17.0,15.0,44.0,5.0
2052500189,2025-26,2025-12-12,13,1612709929,College Park Skyhawks,CPS,Greensboro Swarm,HOME,L,108.0,139.0,108.0,41.0,105.0,39.05,32.0,60.0,53.33,9.0,45.0,20.0,10.0,13.0,76.92,12.0,32.0,44.0,28.0,6.0,5.0,10.0,11.0,54.0,18.0,22.0,52.0,25.0
2052500203,2025-26,2025-12-14,14,1612709929,College Park Skyhawks,CPS,Greensboro Swarm,HOME,L,100.0,119.0,100.0,33.0,97.0,34.02,19.0,49.0,38.78,14.0,48.0,29.17,11.0,12.0,91.67,13.0,38.0,51.0,20.0,6.0,9.0,17.0,15.0,26.0,16.0,15.0,39.0,9.0
2022500007,2025-26,2025-12-19,15,1612709929,College Park Skyhawks,CPS,Texas Legends,HOME,W,129.0,116.0,129.0,48.0,94.0,51.06,27.0,47.0,57.45,21.0,47.0,44.68,7.0,12.0,58.33,13.0,34.0,47.0,37.0,14.0,7.0,19.0,21.0,52.0,17.0,21.0,37.0,25.0
2022500025,2025-26,2025-12-22,16,1612709929,College Park Skyhawks,CPS,Motor City Cruise,HOME,L,112.0,113.0,112.0,36.0,82.0,43.9,21.0,46.0,45.65,15.0,36.0,41.67,16.0,17.0,94.12,11.0,27.0,38.0,25.0,6.0,7.0,15.0,13.0,40.0,14.0,14.0,27.0,19.0
2022500032,2025-26,2025-12-27,17,1612709929,College Park Skyhawks,CPS,Capital City Go-Go,HOME,L,100.0,122.0,100.0,35.0,85.0,41.18,22.0,47.0,46.81,13.0,38.0,34.21,9.0,12.0,75.0,4.0,29.0,33.0,24.0,9.0,3.0,9.0,12.0,36.0,4.0,19.0,33.0,19.0
2022500046,2025-26,2025-12-28,18,1612709929,College Park Skyhawks,CPS,Long Island Nets,HOME,L,111.0,119.0,111.0,41.0,95.0,43.16,27.0,56.0,48.21,14.0,39.0,35.9,9.0,13.0,69.23,13.0,38.0,51.0,27.0,13.0,5.0,24.0,18.0,54.0,17.0,30.0,44.0,19.0
2022500059,2025-26,2025-12-30,19,1612709929,College Park Skyhawks,CPS,Birmingham Squadron,HOME,L,108.0,132.0,108.0,40.0,92.0,43.48,25.0,52.0,48.08,15.0,40.0,37.5,7.0,10.0,70.0,12.0,26.0,38.0,25.0,8.0,4.0,18.0,12.0,34.0,16.0,12.0,42.0,19.0
2022500071,2025-26,2026-01-01,20,1612709929,College Park Skyhawks,CPS,Birmingham Squadron,HOME,W,107.0,83.0,107.0,37.0,93.0,39.78,24.0,52.0,46.15,13.0,41.0,31.71,12.0,16.0,75.0,14.0,40.0,54.0,23.0,13.0,6.0,18.0,19.0,44.0,17.0,33.0,43.0,19.0
2022500095,2025-26,2026-01-05,21,1612709929,College Park Skyhawks,CPS,Wisconsin Herd,AWAY,L,98.0,116.0,98.0,34.0,102.0,33.33,22.0,48.0,45.83,12.0,54.0,22.22,8.0,9.0,88.89,21.0,28.0,49.0,21.0,10.0,2.0,11.0,12.0,44.0,28.0,11.0,19.0,11.0
2022500107,2025-26,2026-01-08,22,1612709929,College Park Skyhawks,CPS,Grand Rapids Gold,AWAY,L,128.0,132.0,128.0,46.0,91.0,50.55,26.0,48.0,54.17,20.0,43.0,46.51,10.0,13.0,76.92,8.0,37.0,45.0,33.0,9.0,3.0,19.0,12.0,48.0,11.0,20.0,39.0,17.0
2022500123,2025-26,2026-01-10,23,1612709929,College Park Skyhawks,CPS,Grand Rapids Gold,AWAY,W,134.0,122.0,134.0,48.0,92.0,52.17,33.0,53.0,62.26,15.0,39.0,38.46,14.0,17.0,82.35,13.0,34.0,47.0,29.0,10.0,2.0,19.0,12.0,58.0,25.0,21.0,50.0,20.0
2022500137,2025-26,2026-01-12,24,1612709929,College Park Skyhawks,CPS,Osceola Magic,HOME,L,109.0,130.0,109.0,39.0,93.0,41.94,26.0,53.0,49.06,13.0,40.0,32.5,9.0,11.0,81.82,16.0,30.0,46.0,32.0,6.0,4.0,14.0,10.0,46.0,12.0,13.0,40.0,14.0
2022500145,2025-26,2026-01-14,25,1612709929,College Park Skyhawks,CPS,Delaware Blue Coats,HOME,W,139.0,113.0,139.0,52.0,101.0,51.49,35.0,60.0,58.33,17.0,41.0,41.46,12.0,13.0,92.31,14.0,32.0,46.0,41.0,16.0,5.0,18.0,21.0,64.0,18.0,36.0,40.0,39.0
2022500158,2025-26,2026-01-16,26,1612709929,College Park Skyhawks,CPS,Delaware Blue Coats,HOME,L,140.0,155.0,140.0,51.0,92.0,55.43,37.0,53.0,69.81,14.0,39.0,35.9,14.0,15.0,93.33,7.0,26.0,33.0,34.0,7.0,9.0,13.0,16.0,66.0,13.0,12.0,27.0,19.0
2022500168,2025-26,2026-01-18,27,1612709929,College Park Skyhawks,CPS,Maine Celtics,HOME,L,103.0,112.0,103.0,39.0,94.0,41.49,23.0,48.0,47.92,16.0,46.0,34.78,5.0,8.0,62.5,7.0,29.0,36.0,28.0,9.0,9.0,15.0,18.0,40.0,7.0,22.0,54.0,19.0
2022500187,2025-26,2026-01-21,28,1612709929,College Park Skyhawks,CPS,Maine Celtics,HOME,L,115.0,121.0,115.0,44.0,95.0,46.32,28.0,56.0,50.0,16.0,39.0,41.03,6.0,10.0,60.0,16.0,32.0,48.0,29.0,9.0,10.0,20.0,19.0,50.0,13.0,14.0,18.0,9.0
2022500225,2025-26,2026-01-27,29,1612709929,College Park Skyhawks,CPS,South Bay Lakers,AWAY,L,107.0,121.0,107.0,36.0,90.0,40.0,25.0,53.0,47.17,11.0,37.0,29.73,12.0,17.0,70.59,16.0,35.0,51.0,23.0,4.0,7.0,19.0,11.0,50.0,19.0,13.0,23.0,7.0
2022500241,2025-26,2026-01-30,30,1612709929,College Park Skyhawks,CPS,San Diego Clippers,AWAY,L,111.0,112.0,111.0,43.0,96.0,44.79,26.0,46.0,56.52,17.0,50.0,34.0,5.0,10.0,50.0,15.0,43.0,58.0,27.0,7.0,11.0,17.0,18.0,52.0,6.0,14.0,40.0,20.0
2022500248,2025-26,2026-01-31,31,1612709929,College Park Skyhawks,CPS,San Diego Clippers,AWAY,L,112.0,132.0,112.0,44.0,97.0,45.36,31.0,53.0,58.49,13.0,44.0,29.55,7.0,9.0,77.78,16.0,26.0,42.0,31.0,6.0,4.0,12.0,10.0,60.0,20.0,8.0,41.0,11.0
2022500257,2025-26,2026-02-02,32,1612709929,College Park Skyhawks,CPS,Cleveland Charge,HOME,L,115.0,133.0,115.0,39.0,91.0,42.86,28.0,57.0,49.12,11.0,34.0,32.35,15.0,17.0,88.24,18.0,23.0,41.0,26.0,7.0,6.0,15.0,13.0,52.0,23.0,18.0,43.0,17.0
2022500268,2025-26,2026-02-04,33,1612709929,College Park Skyhawks,CPS,Cleveland Charge,HOME,L,126.0,156.0,126.0,47.0,96.0,48.96,30.0,56.0,53.57,17.0,40.0,42.5,7.0,9.0,77.78,16.0,19.0,35.0,32.0,7.0,4.0,10.0,11.0,54.0,21.0,9.0,68.0,4.0
2022500284,2025-26,2026-02-07,34,1612709929,College Park Skyhawks,CPS,Rip City Remix,HOME,W,141.0,136.0,141.0,45.0,101.0,44.55,28.0,56.0,50.0,17.0,45.0,37.78,19.0,21.0,90.48,13.0,34.0,47.0,27.0,8.0,6.0,11.0,14.0,50.0,27.0,18.0,34.0,7.0
2022500295,2025-26,2026-02-09,35,1612709929,College Park Skyhawks,CPS,Rip City Remix,HOME,L,108.0,133.0,108.0,37.0,102.0,36.27,15.0,48.0,31.25,22.0,54.0,40.74,7.0,8.0,87.5,9.0,20.0,29.0,24.0,11.0,14.0,9.0,25.0,30.0,17.0,26.0,46.0,24.0
2022500312,2025-26,2026-02-12,36,1612709929,College Park Skyhawks,CPS,Noblesville Boom,AWAY,L,129.0,130.0,129.0,41.0,90.0,45.56,25.0,47.0,53.19,16.0,43.0,37.21,18.0,19.0,94.74,12.0,27.0,39.0,26.0,8.0,1.0,15.0,9.0,46.0,19.0,17.0,16.0,22.0
2022500330,2025-26,2026-02-20,37,1612709929,College Park Skyhawks,CPS,Motor City Cruise,AWAY,W,131.0,124.0,131.0,43.0,79.0,54.43,34.0,52.0,65.38,9.0,27.0,33.33,21.0,29.0,72.41,13.0,30.0,43.0,24.0,4.0,7.0,9.0,11.0,64.0,22.0,6.0,27.0,12.0
2022500346,2025-26,2026-02-22,38,1612709929,College Park Skyhawks,CPS,Motor City Cruise,AWAY,L,118.0,149.0,118.0,41.0,95.0,43.16,26.0,54.0,48.15,15.0,41.0,36.59,10.0,13.0,76.92,10.0,23.0,33.0,26.0,13.0,2.0,15.0,15.0,46.0,20.0,26.0,37.0,14.0
2022500360,2025-26,2026-02-24,39,1612709929,College Park Skyhawks,CPS,Raptors 905,HOME,W,132.0,129.0,132.0,50.0,88.0,56.82,36.0,54.0,66.67,14.0,34.0,41.18,14.0,19.0,73.68,15.0,25.0,40.0,31.0,10.0,2.0,18.0,12.0,68.0,20.0,18.0,41.0,3.0
2022500372,2025-26,2026-02-26,40,1612709929,College Park Skyhawks,CPS,Raptors 905,HOME,L,111.0,116.0,111.0,37.0,87.0,42.53,21.0,48.0,43.75,16.0,39.0,41.03,11.0,20.0,55.0,11.0,37.0,48.0,21.0,12.0,1.0,22.0,13.0,42.0,12.0,23.0,30.0,2.0
2022500383,2025-26,2026-02-28,41,1612709929,College Park Skyhawks,CPS,Capital City Go-Go,AWAY,L,117.0,137.0,117.0,45.0,96.0,46.88,36.0,63.0,57.14,9.0,33.0,27.27,11.0,14.0,78.57,10.0,27.0,37.0,28.0,9.0,3.0,10.0,12.0,62.0,12.0,15.0,43.0,13.0
2022500412,2025-26,2026-03-05,42,1612709929,College Park Skyhawks,CPS,Noblesville Boom,AWAY,W,140.0,121.0,140.0,58.0,101.0,57.43,50.0,71.0,70.42,8.0,30.0,26.67,9.0,17.0,52.94,17.0,29.0,46.0,33.0,14.0,2.0,11.0,16.0,92.0,25.0,28.0,56.0,29.0
2022500443,2025-26,2026-03-10,43,1612709929,College Park Skyhawks,CPS,Windy City Bulls,AWAY,W,127.0,126.0,127.0,46.0,103.0,44.66,42.0,73.0,57.53,4.0,30.0,13.33,18.0,22.0,81.82,19.0,35.0,54.0,31.0,11.0,4.0,8.0,15.0,78.0,17.0,21.0,26.0,22.0
2022500481,2025-26,2026-03-17,44,1612709929,College Park Skyhawks,CPS,Austin Spurs,HOME,W,119.0,116.0,119.0,42.0,79.0,53.16,35.0,57.0,61.4,7.0,22.0,31.82,15.0,24.0,62.5,6.0,38.0,44.0,29.0,8.0,6.0,12.0,14.0,64.0,5.0,11.0,24.0,8.0
2022500493,2025-26,2026-03-19,45,1612709929,College Park Skyhawks,CPS,Westchester Knicks,AWAY,W,128.0,121.0,128.0,48.0,97.0,49.48,34.0,68.0,50.0,14.0,29.0,48.28,11.0,15.0,73.33,16.0,29.0,45.0,28.0,15.0,5.0,16.0,20.0,66.0,25.0,34.0,20.0,35.0
2022500503,2025-26,2026-03-21,46,1612709929,College Park Skyhawks,CPS,Westchester Knicks,AWAY,W,129.0,98.0,129.0,46.0,95.0,48.42,36.0,63.0,57.14,10.0,32.0,31.25,16.0,20.0,80.0,15.0,39.0,54.0,26.0,13.0,3.0,15.0,16.0,72.0,19.0,27.0,35.0,29.0
2022500522,2025-26,2026-03-23,47,1612709929,College Park Skyhawks,CPS,Wisconsin Herd,AWAY,W,117.0,114.0,117.0,41.0,92.0,44.57,31.0,54.0,57.41,10.0,38.0,26.32,16.0,24.0,66.67,11.0,36.0,47.0,21.0,9.0,6.0,13.0,15.0,60.0,28.0,23.0,44.0,11.0
2022500531,2025-26,2026-03-25,48,1612709929,College Park Skyhawks,CPS,Osceola Magic,HOME,L,120.0,129.0,120.0,39.0,101.0,38.61,25.0,56.0,44.64,14.0,45.0,31.11,14.0,15.0,93.33,13.0,34.0,47.0,27.0,7.0,7.0,10.0,14.0,50.0,13.0,28.0,34.0,24.0
2022500542,2025-26,2026-03-27,49,1612709929,College Park Skyhawks,CPS,Greensboro Swarm,AWAY,L,121.0,132.0,121.0,44.0,89.0,49.44,28.0,52.0,53.85,16.0,37.0,43.24,9.0,11.0,81.82,7.0,29.0,36.0,22.0,9.0,4.0,15.0,13.0,54.0,16.0,23.0,12.0,4.0
2022500549,2025-26,2026-03-28,50,1612709929,College Park Skyhawks,CPS,Greensboro Swarm,AWAY,W,141.0,138.0,141.0,52.0,97.0,53.61,38.0,61.0,62.3,14.0,36.0,38.89,12.0,16.0,75.0,10.0,40.0,50.0,24.0,6.0,4.0,14.0,10.0,68.0,12.0,22.0,40.0,2.0
2052500011,2025-26,2025-11-08,1,1612709909,Delaware Blue Coats,DEL,Westchester Knicks,HOME,W,134.0,113.0,134.0,51.0,108.0,47.22,40.0,73.0,54.79,11.0,35.0,31.43,13.0,17.0,76.47,19.0,21.0,40.0,30.0,16.0,5.0,9.0,21.0,66.0,12.0,38.0,48.0,22.0
2052500037,2025-26,2025-11-13,2,1612709909,Delaware Blue Coats,DEL,Greensboro Swarm,HOME,L,126.0,133.0,126.0,48.0,103.0,46.6,39.0,73.0,53.42,9.0,30.0,30.0,11.0,17.0,64.71,15.0,29.0,44.0,25.0,11.0,8.0,12.0,19.0,66.0,20.0,25.0,32.0,23.0
2052500050,2025-26,2025-11-15,3,1612709909,Delaware Blue Coats,DEL,Greensboro Swarm,HOME,L,129.0,145.0,129.0,46.0,101.0,45.54,36.0,73.0,49.32,10.0,28.0,35.71,16.0,18.0,88.89,11.0,29.0,40.0,26.0,7.0,4.0,11.0,11.0,64.0,16.0,22.0,46.0,15.0
2052500081,2025-26,2025-11-21,4,1612709909,Delaware Blue Coats,DEL,Maine Celtics,AWAY,L,111.0,113.0,111.0,44.0,95.0,46.32,35.0,58.0,60.34,9.0,37.0,24.32,8.0,14.0,57.14,13.0,36.0,49.0,31.0,10.0,3.0,8.0,13.0,64.0,12.0,14.0,36.0,21.0
2052500094,2025-26,2025-11-23,5,1612709909,Delaware Blue Coats,DEL,Maine Celtics,AWAY,L,119.0,129.0,119.0,45.0,99.0,45.45,28.0,62.0,45.16,17.0,37.0,45.95,7.0,11.0,63.64,17.0,27.0,44.0,30.0,11.0,3.0,14.0,14.0,48.0,23.0,20.0,17.0,21.0
2052500108,2025-26,2025-11-26,6,1612709909,Delaware Blue Coats,DEL,Westchester Knicks,AWAY,W,113.0,111.0,113.0,40.0,95.0,42.11,27.0,57.0,47.37,13.0,38.0,34.21,13.0,18.0,72.22,14.0,31.0,45.0,26.0,11.0,7.0,19.0,18.0,48.0,12.0,17.0,20.0,27.0
2052500110,2025-26,2025-11-28,7,1612709909,Delaware Blue Coats,DEL,College Park Skyhawks,HOME,W,124.0,105.0,124.0,44.0,85.0,51.76,26.0,44.0,59.09,18.0,41.0,43.9,13.0,17.0,76.47,9.0,33.0,42.0,25.0,7.0,6.0,18.0,13.0,46.0,7.0,20.0,41.0,13.0
2052500117,2025-26,2025-11-29,8,1612709909,Delaware Blue Coats,DEL,College Park Skyhawks,HOME,L,108.0,113.0,108.0,36.0,79.0,45.57,27.0,48.0,56.25,9.0,31.0,29.03,17.0,22.0,77.27,9.0,22.0,31.0,25.0,10.0,3.0,18.0,13.0,50.0,15.0,31.0,13.0,7.0
2052500152,2025-26,2025-12-05,9,1612709909,Delaware Blue Coats,DEL,Long Island Nets,HOME,L,106.0,125.0,106.0,37.0,86.0,43.02,27.0,52.0,51.92,10.0,34.0,29.41,12.0,17.0,70.59,11.0,32.0,43.0,27.0,3.0,1.0,14.0,4.0,48.0,13.0,8.0,41.0,10.0
2052500157,2025-26,2025-12-06,10,1612709909,Delaware Blue Coats,DEL,Long Island Nets,HOME,L,134.0,137.0,134.0,54.0,96.0,56.25,37.0,59.0,62.71,17.0,37.0,45.95,7.0,11.0,63.64,9.0,36.0,45.0,33.0,7.0,6.0,12.0,13.0,68.0,6.0,14.0,61.0,24.0
2052500178,2025-26,2025-12-10,11,1612709909,Delaware Blue Coats,DEL,Raptors 905,AWAY,L,108.0,115.0,108.0,39.0,89.0,43.82,28.0,53.0,52.83,11.0,36.0,30.56,12.0,19.0,63.16,20.0,25.0,45.0,22.0,11.0,2.0,15.0,13.0,54.0,20.0,24.0,37.0,20.0
2052500183,2025-26,2025-12-11,12,1612709909,Delaware Blue Coats,DEL,Raptors 905,AWAY,L,102.0,111.0,102.0,41.0,78.0,52.56,34.0,57.0,59.65,7.0,21.0,33.33,9.0,15.0,60.0,12.0,33.0,45.0,24.0,8.0,9.0,20.0,17.0,66.0,6.0,12.0,18.0,6.0
2052500202,2025-26,2025-12-14,13,1612709909,Delaware Blue Coats,DEL,Capital City Go-Go,AWAY,L,107.0,127.0,107.0,37.0,79.0,46.84,33.0,59.0,55.93,4.0,20.0,20.0,18.0,24.0,75.0,14.0,24.0,38.0,18.0,9.0,2.0,13.0,11.0,58.0,16.0,21.0,31.0,9.0
2052500211,2025-26,2025-12-16,14,1612709909,Delaware Blue Coats,DEL,Capital City Go-Go,AWAY,W,120.0,110.0,120.0,44.0,79.0,55.7,33.0,53.0,62.26,11.0,26.0,42.31,14.0,20.0,70.0,6.0,24.0,30.0,21.0,13.0,8.0,14.0,21.0,62.0,10.0,33.0,23.0,8.0
2022500008,2025-26,2025-12-19,15,1612709909,Delaware Blue Coats,DEL,Santa Cruz Warriors,HOME,L,119.0,143.0,119.0,41.0,93.0,44.09,28.0,52.0,53.85,13.0,41.0,31.71,14.0,19.0,73.68,13.0,30.0,43.0,32.0,8.0,3.0,14.0,11.0,50.0,18.0,19.0,18.0,14.0
2022500024,2025-26,2025-12-21,16,1612709909,Delaware Blue Coats,DEL,Texas Legends,AWAY,W,120.0,112.0,120.0,46.0,97.0,47.42,40.0,65.0,61.54,6.0,32.0,18.75,14.0,17.0,82.35,12.0,35.0,47.0,27.0,9.0,10.0,9.0,19.0,68.0,19.0,25.0,15.0,21.0
2022500034,2025-26,2025-12-27,17,1612709909,Delaware Blue Coats,DEL,Cleveland Charge,AWAY,W,122.0,121.0,122.0,51.0,112.0,45.54,39.0,82.0,47.56,12.0,30.0,40.0,7.0,13.0,53.85,25.0,32.0,57.0,26.0,17.0,5.0,18.0,22.0,74.0,21.0,45.0,32.0,18.0
2022500054,2025-26,2025-12-29,18,1612709909,Delaware Blue Coats,DEL,Iowa Wolves,HOME,L,115.0,136.0,115.0,42.0,91.0,46.15,28.0,55.0,50.91,14.0,36.0,38.89,8.0,9.0,88.89,11.0,23.0,34.0,29.0,14.0,6.0,13.0,20.0,52.0,8.0,16.0,22.0,21.0
2022500063,2025-26,2025-12-31,19,1612709909,Delaware Blue Coats,DEL,Iowa Wolves,HOME,W,119.0,118.0,119.0,45.0,90.0,50.0,33.0,49.0,67.35,12.0,41.0,29.27,10.0,14.0,71.43,10.0,41.0,51.0,31.0,7.0,10.0,12.0,17.0,62.0,6.0,11.0,18.0,27.0
2022500079,2025-26,2026-01-03,20,1612709909,Delaware Blue Coats,DEL,Birmingham Squadron,HOME,L,108.0,110.0,108.0,44.0,84.0,52.38,37.0,54.0,68.52,7.0,30.0,23.33,9.0,14.0,64.29,9.0,29.0,38.0,31.0,9.0,4.0,16.0,13.0,70.0,14.0,33.0,31.0,20.0
2022500089,2025-26,2026-01-04,21,1612709909,Delaware Blue Coats,DEL,Birmingham Squadron,HOME,W,130.0,94.0,130.0,53.0,99.0,53.54,40.0,63.0,63.49,13.0,36.0,36.11,6.0,9.0,66.67,17.0,37.0,54.0,37.0,13.0,6.0,11.0,19.0,76.0,19.0,26.0,39.0,25.0
2022500112,2025-26,2026-01-08,22,1612709909,Delaware Blue Coats,DEL,Windy City Bulls,AWAY,W,141.0,131.0,141.0,52.0,103.0,50.49,34.0,57.0,59.65,18.0,46.0,39.13,12.0,18.0,66.67,20.0,42.0,62.0,34.0,10.0,10.0,20.0,20.0,62.0,36.0,16.0,45.0,22.0
2022500128,2025-26,2026-01-10,23,1612709909,Delaware Blue Coats,DEL,Windy City Bulls,AWAY,L,126.0,129.0,126.0,47.0,99.0,47.47,33.0,56.0,58.93,14.0,43.0,32.56,10.0,14.0,71.43,11.0,28.0,39.0,38.0,8.0,7.0,9.0,15.0,64.0,16.0,19.0,28.0,16.0
2022500145,2025-26,2026-01-14,24,1612709909,Delaware Blue Coats,DEL,College Park Skyhawks,AWAY,L,113.0,139.0,113.0,42.0,90.0,46.67,31.0,58.0,53.45,11.0,32.0,34.38,11.0,15.0,73.33,15.0,27.0,42.0,20.0,11.0,6.0,23.0,17.0,50.0,19.0,16.0,16.0,13.0
2022500158,2025-26,2026-01-16,25,1612709909,Delaware Blue Coats,DEL,College Park Skyhawks,AWAY,W,155.0,140.0,155.0,60.0,117.0,51.28,47.0,86.0,54.65,13.0,31.0,41.94,13.0,16.0,81.25,27.0,32.0,59.0,36.0,8.0,5.0,9.0,13.0,84.0,40.0,17.0,27.0,10.0
2022500170,2025-26,2026-01-18,26,1612709909,Delaware Blue Coats,DEL,Noblesville Boom,AWAY,L,102.0,126.0,102.0,39.0,95.0,41.05,33.0,65.0,50.77,6.0,30.0,20.0,10.0,14.0,71.43,19.0,33.0,52.0,19.0,10.0,6.0,23.0,16.0,60.0,23.0,13.0,15.0,13.0
2022500181,2025-26,2026-01-19,27,1612709909,Delaware Blue Coats,DEL,Noblesville Boom,AWAY,L,112.0,127.0,112.0,44.0,93.0,47.31,36.0,61.0,59.02,8.0,32.0,25.0,10.0,14.0,71.43,9.0,32.0,41.0,28.0,11.0,3.0,14.0,14.0,68.0,16.0,22.0,21.0,16.0
2022500206,2025-26,2026-01-24,28,1612709909,Delaware Blue Coats,DEL,Motor City Cruise,HOME,L,119.0,133.0,119.0,46.0,99.0,46.46,37.0,73.0,50.68,9.0,26.0,34.62,10.0,13.0,76.92,20.0,21.0,41.0,24.0,10.0,4.0,14.0,14.0,68.0,25.0,25.0,24.0,14.0
2022500239,2025-26,2026-01-30,29,1612709909,Delaware Blue Coats,DEL,Valley Suns,AWAY,W,124.0,115.0,124.0,45.0,90.0,50.0,32.0,52.0,61.54,13.0,38.0,34.21,12.0,15.0,80.0,15.0,31.0,46.0,26.0,10.0,4.0,10.0,14.0,62.0,23.0,12.0,31.0,4.0
2022500253,2025-26,2026-02-01,30,1612709909,Delaware Blue Coats,DEL,Valley Suns,AWAY,W,111.0,107.0,111.0,42.0,89.0,47.19,31.0,56.0,55.36,11.0,33.0,33.33,10.0,15.0,66.67,16.0,41.0,57.0,30.0,10.0,4.0,20.0,14.0,54.0,21.0,14.0,26.0,16.0
2022500272,2025-26,2026-02-05,31,1612709909,Delaware Blue Coats,DEL,Wisconsin Herd,HOME,W,105.0,103.0,105.0,38.0,99.0,38.38,28.0,72.0,38.89,10.0,27.0,37.04,11.0,15.0,73.33,31.0,33.0,64.0,22.0,11.0,8.0,15.0,19.0,46.0,21.0,20.0,14.0,10.0
2022500285,2025-26,2026-02-07,32,1612709909,Delaware Blue Coats,DEL,Wisconsin Herd,HOME,W,99.0,94.0,99.0,36.0,96.0,37.5,27.0,67.0,40.3,9.0,29.0,31.03,11.0,16.0,68.75,20.0,39.0,59.0,25.0,5.0,3.0,15.0,8.0,46.0,19.0,18.0,4.0,13.0
2022500311,2025-26,2026-02-12,33,1612709909,Delaware Blue Coats,DEL,Long Island Nets,HOME,L,107.0,123.0,107.0,39.0,83.0,46.99,30.0,59.0,50.85,9.0,24.0,37.5,11.0,20.0,55.0,12.0,32.0,44.0,25.0,8.0,7.0,18.0,15.0,54.0,6.0,11.0,25.0,10.0
2022500324,2025-26,2026-02-19,34,1612709909,Delaware Blue Coats,DEL,Maine Celtics,HOME,W,127.0,120.0,127.0,54.0,97.0,55.67,45.0,71.0,63.38,9.0,26.0,34.62,6.0,9.0,66.67,15.0,38.0,53.0,37.0,9.0,9.0,13.0,18.0,88.0,23.0,18.0,19.0,14.0
2022500340,2025-26,2026-02-21,35,1612709909,Delaware Blue Coats,DEL,Maine Celtics,HOME,L,101.0,102.0,101.0,42.0,90.0,46.67,35.0,59.0,59.32,7.0,31.0,22.58,6.0,10.0,60.0,21.0,31.0,52.0,23.0,10.0,9.0,25.0,19.0,68.0,21.0,20.0,10.0,17.0
2022500385,2025-26,2026-02-28,36,1612709909,Delaware Blue Coats,DEL,Grand Rapids Gold,HOME,W,143.0,123.0,143.0,54.0,98.0,55.1,32.0,51.0,62.75,22.0,47.0,46.81,8.0,12.0,66.67,12.0,28.0,40.0,31.0,14.0,12.0,12.0,26.0,52.0,16.0,33.0,63.0,34.0
2022500389,2025-26,2026-03-01,37,1612709909,Delaware Blue Coats,DEL,Grand Rapids Gold,HOME,W,124.0,112.0,124.0,49.0,101.0,48.51,30.0,55.0,54.55,19.0,46.0,41.3,5.0,10.0,50.0,17.0,38.0,55.0,31.0,9.0,10.0,15.0,19.0,54.0,18.0,8.0,41.0,15.0
2022500405,2025-26,2026-03-04,38,1612709909,Delaware Blue Coats,DEL,Westchester Knicks,HOME,W,125.0,122.0,125.0,45.0,92.0,48.91,34.0,63.0,53.97,11.0,29.0,37.93,15.0,20.0,75.0,18.0,26.0,44.0,30.0,9.0,7.0,13.0,16.0,52.0,21.0,27.0,13.0,18.0
2022500415,2025-26,2026-03-06,39,1612709909,Delaware Blue Coats,DEL,Westchester Knicks,HOME,L,120.0,132.0,120.0,49.0,93.0,52.69,39.0,62.0,62.9,10.0,31.0,32.26,9.0,16.0,56.25,10.0,31.0,41.0,23.0,7.0,5.0,13.0,12.0,70.0,15.0,14.0,30.0,5.0
2022500427,2025-26,2026-03-08,40,1612709909,Delaware Blue Coats,DEL,Raptors 905,AWAY,L,113.0,137.0,113.0,46.0,91.0,50.55,41.0,68.0,60.29,5.0,23.0,21.74,9.0,11.0,81.82,9.0,26.0,35.0,27.0,11.0,3.0,15.0,14.0,78.0,14.0,14.0,51.0,23.0
2022500439,2025-26,2026-03-10,41,1612709909,Delaware Blue Coats,DEL,Greensboro Swarm,AWAY,L,98.0,140.0,98.0,34.0,97.0,35.05,28.0,71.0,39.44,6.0,26.0,23.08,13.0,17.0,76.47,16.0,28.0,44.0,14.0,11.0,7.0,16.0,18.0,50.0,23.0,18.0,52.0,17.0
2022500446,2025-26,2026-03-11,42,1612709909,Delaware Blue Coats,DEL,Greensboro Swarm,AWAY,L,116.0,136.0,116.0,39.0,91.0,42.86,34.0,65.0,52.31,5.0,26.0,19.23,16.0,24.0,66.67,19.0,29.0,48.0,25.0,9.0,1.0,14.0,10.0,60.0,24.0,19.0,58.0,10.0
2022500457,2025-26,2026-03-13,43,1612709909,Delaware Blue Coats,DEL,Oklahoma City Blue,HOME,L,129.0,135.0,129.0,41.0,93.0,44.09,26.0,58.0,44.83,15.0,35.0,42.86,20.0,21.0,95.24,15.0,23.0,38.0,31.0,14.0,6.0,20.0,20.0,52.0,19.0,25.0,44.0,8.0
2022500357,2025-26,2026-03-15,44,1612709909,Delaware Blue Coats,DEL,Motor City Cruise,AWAY,L,119.0,128.0,119.0,47.0,92.0,51.09,39.0,69.0,56.52,8.0,23.0,34.78,11.0,16.0,68.75,14.0,26.0,40.0,23.0,10.0,3.0,13.0,13.0,66.0,23.0,21.0,46.0,11.0
2022500489,2025-26,2026-03-18,45,1612709909,Delaware Blue Coats,DEL,Cleveland Charge,AWAY,W,141.0,124.0,141.0,53.0,98.0,54.08,35.0,60.0,58.33,18.0,38.0,47.37,10.0,17.0,58.82,21.0,36.0,57.0,28.0,3.0,4.0,13.0,7.0,64.0,41.0,14.0,44.0,4.0
2022500497,2025-26,2026-03-20,46,1612709909,Delaware Blue Coats,DEL,Osceola Magic,AWAY,L,106.0,113.0,106.0,40.0,92.0,43.48,30.0,55.0,54.55,10.0,37.0,27.03,10.0,15.0,66.67,19.0,37.0,56.0,22.0,6.0,9.0,18.0,15.0,52.0,20.0,17.0,27.0,17.0
2022500505,2025-26,2026-03-21,47,1612709909,Delaware Blue Coats,DEL,Osceola Magic,AWAY,L,107.0,124.0,107.0,38.0,85.0,44.71,25.0,50.0,50.0,13.0,35.0,37.14,12.0,21.0,57.14,16.0,30.0,46.0,14.0,7.0,3.0,11.0,10.0,40.0,20.0,14.0,16.0,0.0
2022500532,2025-26,2026-03-25,48,1612709909,Delaware Blue Coats,DEL,Long Island Nets,AWAY,W,120.0,118.0,120.0,40.0,83.0,48.19,24.0,46.0,52.17,16.0,37.0,43.24,13.0,14.0,92.86,13.0,33.0,46.0,21.0,10.0,3.0,18.0,13.0,42.0,16.0,23.0,21.0,23.0
2022500540,2025-26,2026-03-27,49,1612709909,Delaware Blue Coats,DEL,Capital City Go-Go,HOME,W,132.0,128.0,132.0,51.0,105.0,48.57,37.0,66.0,56.06,14.0,39.0,35.9,11.0,13.0,84.62,17.0,29.0,46.0,28.0,9.0,9.0,11.0,18.0,62.0,23.0,22.0,20.0,4.0
2022500548,2025-26,2026-03-28,50,1612709909,Delaware Blue Coats,DEL,Capital City Go-Go,HOME,W,122.0,120.0,122.0,51.0,100.0,51.0,43.0,69.0,62.32,8.0,31.0,25.81,7.0,10.0,70.0,14.0,33.0,47.0,25.0,11.0,6.0,13.0,17.0,78.0,23.0,22.0,12.0,23.0
2052500001,2025-26,2025-11-07,1,1612709917,Grand Rapids Gold,GRG,Noblesville Boom,HOME,W,130.0,124.0,130.0,49.0,98.0,50.0,40.0,66.0,60.61,9.0,32.0,28.12,15.0,24.0,62.5,21.0,33.0,54.0,26.0,15.0,4.0,16.0,19.0,76.0,22.0,20.0,23.0,17.0
2052500014,2025-26,2025-11-08,2,1612709917,Grand Rapids Gold,GRG,Noblesville Boom,AWAY,W,120.0,109.0,120.0,41.0,84.0,48.81,36.0,58.0,62.07,5.0,26.0,19.23,19.0,25.0,76.0,9.0,37.0,46.0,21.0,8.0,2.0,14.0,10.0,60.0,14.0,19.0,34.0,15.0
2052500038,2025-26,2025-11-13,3,1612709917,Grand Rapids Gold,GRG,Iowa Wolves,HOME,W,121.0,113.0,121.0,44.0,96.0,45.83,28.0,55.0,50.91,16.0,41.0,39.02,11.0,12.0,91.67,18.0,45.0,63.0,25.0,9.0,9.0,21.0,18.0,40.0,18.0,13.0,31.0,11.0
2052500051,2025-26,2025-11-15,4,1612709917,Grand Rapids Gold,GRG,Motor City Cruise,HOME,W,118.0,94.0,118.0,40.0,91.0,43.96,21.0,47.0,44.68,19.0,44.0,43.18,10.0,13.0,76.92,12.0,42.0,54.0,27.0,11.0,9.0,15.0,20.0,32.0,16.0,20.0,29.0,13.0
2052500058,2025-26,2025-11-16,5,1612709917,Grand Rapids Gold,GRG,Motor City Cruise,HOME,L,117.0,122.0,117.0,43.0,88.0,48.86,26.0,53.0,49.06,17.0,35.0,48.57,8.0,15.0,53.33,14.0,26.0,40.0,31.0,10.0,3.0,15.0,13.0,44.0,19.0,34.0,38.0,19.0
2052500072,2025-26,2025-11-19,6,1612709917,Grand Rapids Gold,GRG,Wisconsin Herd,AWAY,W,114.0,95.0,114.0,48.0,102.0,47.06,34.0,54.0,62.96,14.0,48.0,29.17,3.0,7.0,42.86,17.0,42.0,59.0,30.0,9.0,5.0,15.0,14.0,62.0,23.0,18.0,31.0,14.0
2052500080,2025-26,2025-11-21,7,1612709917,Grand Rapids Gold,GRG,Cleveland Charge,AWAY,W,132.0,118.0,132.0,51.0,96.0,53.12,35.0,57.0,61.4,16.0,39.0,41.03,8.0,10.0,80.0,11.0,32.0,43.0,29.0,8.0,3.0,13.0,11.0,58.0,19.0,25.0,31.0,11.0
2052500088,2025-26,2025-11-22,8,1612709917,Grand Rapids Gold,GRG,Cleveland Charge,AWAY,L,126.0,134.0,126.0,48.0,98.0,48.98,35.0,61.0,57.38,13.0,37.0,35.14,10.0,14.0,71.43,18.0,36.0,54.0,24.0,5.0,5.0,19.0,10.0,58.0,19.0,4.0,40.0,9.0
2052500121,2025-26,2025-11-29,9,1612709917,Grand Rapids Gold,GRG,Sioux Falls Skyforce,AWAY,L,130.0,140.0,130.0,43.0,91.0,47.25,29.0,56.0,51.79,14.0,35.0,40.0,18.0,23.0,78.26,13.0,26.0,39.0,29.0,12.0,6.0,13.0,18.0,52.0,20.0,23.0,42.0,22.0
2052500130,2025-26,2025-11-30,10,1612709917,Grand Rapids Gold,GRG,Sioux Falls Skyforce,AWAY,W,126.0,115.0,126.0,43.0,90.0,47.78,28.0,53.0,52.83,15.0,37.0,40.54,16.0,22.0,72.73,13.0,39.0,52.0,26.0,9.0,16.0,16.0,25.0,46.0,24.0,17.0,26.0,22.0
2052500145,2025-26,2025-12-04,11,1612709917,Grand Rapids Gold,GRG,Iowa Wolves,HOME,W,134.0,124.0,134.0,51.0,96.0,53.12,38.0,62.0,61.29,13.0,34.0,38.24,10.0,12.0,83.33,19.0,35.0,54.0,30.0,9.0,7.0,16.0,16.0,60.0,27.0,16.0,42.0,9.0
2052500170,2025-26,2025-12-09,12,1612709917,Grand Rapids Gold,GRG,Windy City Bulls,HOME,W,142.0,129.0,142.0,49.0,94.0,52.13,32.0,59.0,54.24,17.0,35.0,48.57,15.0,18.0,83.33,7.0,38.0,45.0,35.0,10.0,10.0,13.0,20.0,50.0,8.0,14.0,49.0,13.0
2052500181,2025-26,2025-12-11,13,1612709917,Grand Rapids Gold,GRG,Windy City Bulls,HOME,L,134.0,139.0,134.0,46.0,97.0,47.42,32.0,57.0,56.14,14.0,40.0,35.0,18.0,20.0,90.0,13.0,33.0,46.0,30.0,6.0,7.0,12.0,13.0,58.0,10.0,3.0,35.0,14.0
2052500194,2025-26,2025-12-13,14,1612709917,Grand Rapids Gold,GRG,Wisconsin Herd,AWAY,W,107.0,103.0,107.0,36.0,80.0,45.0,24.0,50.0,48.0,12.0,30.0,40.0,15.0,22.0,68.18,14.0,41.0,55.0,22.0,7.0,6.0,17.0,13.0,42.0,19.0,16.0,33.0,13.0
2022500002,2025-26,2025-12-19,15,1612709917,Grand Rapids Gold,GRG,Greensboro Swarm,AWAY,W,119.0,106.0,119.0,43.0,101.0,42.57,32.0,64.0,50.0,11.0,37.0,29.73,13.0,15.0,86.67,14.0,40.0,54.0,21.0,9.0,5.0,9.0,14.0,56.0,21.0,18.0,25.0,19.0
2022500018,2025-26,2025-12-21,16,1612709917,Grand Rapids Gold,GRG,Raptors 905,AWAY,L,101.0,103.0,101.0,39.0,94.0,41.49,25.0,58.0,43.1,14.0,36.0,38.89,6.0,10.0,60.0,14.0,37.0,51.0,25.0,9.0,2.0,14.0,11.0,40.0,12.0,22.0,17.0,16.0
2022500035,2025-26,2025-12-27,17,1612709917,Grand Rapids Gold,GRG,Wisconsin Herd,HOME,W,125.0,111.0,125.0,50.0,96.0,52.08,35.0,65.0,53.85,15.0,31.0,48.39,6.0,8.0,75.0,16.0,40.0,56.0,27.0,4.0,3.0,15.0,7.0,60.0,24.0,20.0,32.0,15.0
2022500047,2025-26,2025-12-28,18,1612709917,Grand Rapids Gold,GRG,Noblesville Boom,AWAY,L,145.0,149.0,145.0,53.0,103.0,51.46,43.0,73.0,58.9,10.0,30.0,33.33,16.0,21.0,76.19,13.0,28.0,41.0,26.0,9.0,4.0,15.0,13.0,72.0,31.0,14.0,51.0,18.0
2022500060,2025-26,2025-12-30,19,1612709917,Grand Rapids Gold,GRG,Motor City Cruise,AWAY,W,123.0,114.0,123.0,47.0,100.0,47.0,36.0,68.0,52.94,11.0,32.0,34.38,13.0,17.0,76.47,13.0,24.0,37.0,21.0,13.0,5.0,6.0,18.0,68.0,24.0,23.0,39.0,9.0
2022500080,2025-26,2026-01-03,20,1612709917,Grand Rapids Gold,GRG,Greensboro Swarm,HOME,L,100.0,125.0,100.0,38.0,100.0,38.0,34.0,67.0,50.75,4.0,33.0,12.12,11.0,15.0,73.33,11.0,30.0,41.0,17.0,8.0,6.0,7.0,14.0,52.0,13.0,13.0,31.0,6.0
2022500096,2025-26,2026-01-05,21,1612709917,Grand Rapids Gold,GRG,Greensboro Swarm,HOME,L,119.0,149.0,119.0,44.0,90.0,48.89,29.0,54.0,53.7,15.0,36.0,41.67,10.0,11.0,90.91,6.0,25.0,31.0,24.0,8.0,3.0,18.0,11.0,40.0,11.0,13.0,26.0,6.0
2022500107,2025-26,2026-01-08,22,1612709917,Grand Rapids Gold,GRG,College Park Skyhawks,HOME,W,132.0,128.0,132.0,49.0,99.0,49.49,31.0,58.0,53.45,18.0,41.0,43.9,10.0,11.0,90.91,12.0,33.0,45.0,32.0,14.0,4.0,12.0,18.0,58.0,15.0,21.0,42.0,12.0
2022500123,2025-26,2026-01-10,23,1612709917,Grand Rapids Gold,GRG,College Park Skyhawks,HOME,L,122.0,134.0,122.0,45.0,95.0,47.37,29.0,54.0,53.7,16.0,41.0,39.02,9.0,13.0,69.23,9.0,28.0,37.0,32.0,10.0,4.0,15.0,14.0,44.0,11.0,21.0,49.0,5.0
2022500130,2025-26,2026-01-11,24,1612709917,Grand Rapids Gold,GRG,Wisconsin Herd,HOME,L,95.0,109.0,95.0,34.0,86.0,39.53,24.0,53.0,45.28,10.0,33.0,30.3,10.0,15.0,66.67,11.0,28.0,39.0,20.0,11.0,3.0,18.0,14.0,38.0,12.0,17.0,21.0,9.0
2022500152,2025-26,2026-01-15,25,1612709917,Grand Rapids Gold,GRG,Noblesville Boom,AWAY,W,102.0,92.0,102.0,39.0,97.0,40.21,27.0,63.0,42.86,12.0,34.0,35.29,9.0,16.0,56.25,14.0,42.0,56.0,15.0,9.0,4.0,13.0,13.0,34.0,18.0,17.0,41.0,11.0
2022500169,2025-26,2026-01-18,26,1612709917,Grand Rapids Gold,GRG,Cleveland Charge,HOME,L,126.0,132.0,126.0,48.0,103.0,46.6,38.0,67.0,56.72,10.0,36.0,27.78,13.0,17.0,76.47,16.0,35.0,51.0,31.0,8.0,0.0,13.0,8.0,60.0,17.0,15.0,35.0,10.0
2022500183,2025-26,2026-01-20,27,1612709917,Grand Rapids Gold,GRG,Cleveland Charge,HOME,L,105.0,125.0,105.0,40.0,98.0,40.82,26.0,60.0,43.33,14.0,38.0,36.84,7.0,9.0,77.78,16.0,30.0,46.0,26.0,4.0,7.0,20.0,11.0,44.0,13.0,7.0,16.0,5.0
2022500192,2025-26,2026-01-22,28,1612709917,Grand Rapids Gold,GRG,Motor City Cruise,AWAY,L,114.0,125.0,114.0,46.0,98.0,46.94,37.0,67.0,55.22,9.0,31.0,29.03,9.0,11.0,81.82,12.0,30.0,42.0,33.0,7.0,2.0,14.0,9.0,68.0,21.0,18.0,32.0,16.0
2022500231,2025-26,2026-01-29,29,1612709917,Grand Rapids Gold,GRG,Maine Celtics,AWAY,W,122.0,119.0,122.0,42.0,98.0,42.86,21.0,54.0,38.89,21.0,44.0,47.73,10.0,14.0,71.43,18.0,43.0,61.0,30.0,4.0,7.0,19.0,11.0,34.0,14.0,11.0,31.0,9.0
2022500258,2025-26,2026-02-02,30,1612709917,Grand Rapids Gold,GRG,Long Island Nets,AWAY,L,107.0,115.0,107.0,38.0,100.0,38.0,28.0,61.0,45.9,10.0,39.0,25.64,12.0,18.0,66.67,25.0,31.0,56.0,21.0,7.0,2.0,9.0,9.0,50.0,29.0,10.0,33.0,13.0
2022500273,2025-26,2026-02-05,31,1612709917,Grand Rapids Gold,GRG,Raptors 905,AWAY,L,109.0,137.0,109.0,45.0,77.0,58.44,37.0,55.0,67.27,8.0,22.0,36.36,7.0,9.0,77.78,7.0,28.0,35.0,20.0,3.0,7.0,16.0,10.0,58.0,9.0,12.0,67.0,13.0
2022500283,2025-26,2026-02-07,32,1612709917,Grand Rapids Gold,GRG,Raptors 905,AWAY,L,124.0,125.0,124.0,43.0,86.0,50.0,34.0,56.0,60.71,9.0,30.0,30.0,17.0,22.0,77.27,15.0,27.0,42.0,22.0,9.0,6.0,20.0,15.0,62.0,24.0,24.0,22.0,11.0
2022500308,2025-26,2026-02-11,33,1612709917,Grand Rapids Gold,GRG,Windy City Bulls,AWAY,W,135.0,131.0,135.0,51.0,102.0,50.0,37.0,66.0,56.06,14.0,36.0,38.89,13.0,20.0,65.0,9.0,36.0,45.0,35.0,7.0,4.0,6.0,11.0,64.0,7.0,22.0,20.0,15.0
2022500320,2025-26,2026-02-12,34,1612709917,Grand Rapids Gold,GRG,Windy City Bulls,AWAY,L,111.0,116.0,111.0,43.0,105.0,40.95,33.0,67.0,49.25,10.0,38.0,26.32,9.0,12.0,75.0,23.0,39.0,62.0,25.0,9.0,14.0,14.0,23.0,62.0,20.0,13.0,33.0,27.0
2022500326,2025-26,2026-02-19,35,1612709917,Grand Rapids Gold,GRG,Westchester Knicks,AWAY,L,119.0,124.0,119.0,46.0,98.0,46.94,28.0,53.0,52.83,18.0,45.0,40.0,6.0,10.0,60.0,11.0,33.0,44.0,27.0,10.0,5.0,17.0,15.0,50.0,11.0,27.0,17.0,27.0
2022500341,2025-26,2026-02-21,36,1612709917,Grand Rapids Gold,GRG,Osceola Magic,HOME,L,95.0,121.0,95.0,36.0,100.0,36.0,27.0,71.0,38.03,9.0,29.0,31.03,8.0,15.0,53.33,24.0,32.0,56.0,27.0,9.0,3.0,18.0,12.0,48.0,12.0,19.0,23.0,6.0
2022500354,2025-26,2026-02-23,37,1612709917,Grand Rapids Gold,GRG,Osceola Magic,HOME,L,97.0,109.0,97.0,36.0,83.0,43.37,26.0,51.0,50.98,10.0,32.0,31.25,9.0,14.0,64.29,17.0,29.0,46.0,26.0,9.0,6.0,17.0,15.0,46.0,15.0,20.0,14.0,9.0
2022500373,2025-26,2026-02-26,38,1612709917,Grand Rapids Gold,GRG,Long Island Nets,AWAY,W,119.0,116.0,119.0,48.0,97.0,49.48,37.0,62.0,59.68,11.0,35.0,31.43,8.0,11.0,72.73,17.0,26.0,43.0,30.0,6.0,3.0,8.0,9.0,70.0,21.0,28.0,25.0,11.0
2022500385,2025-26,2026-02-28,39,1612709917,Grand Rapids Gold,GRG,Delaware Blue Coats,AWAY,L,123.0,143.0,123.0,48.0,92.0,52.17,39.0,65.0,60.0,9.0,27.0,33.33,11.0,16.0,68.75,15.0,32.0,47.0,27.0,7.0,4.0,21.0,11.0,72.0,20.0,19.0,21.0,12.0
2022500389,2025-26,2026-03-01,40,1612709917,Grand Rapids Gold,GRG,Delaware Blue Coats,AWAY,L,112.0,124.0,112.0,43.0,104.0,41.35,34.0,58.0,58.62,9.0,46.0,19.57,11.0,13.0,84.62,19.0,37.0,56.0,32.0,8.0,3.0,10.0,11.0,60.0,23.0,17.0,27.0,16.0
2022500401,2025-26,2026-03-03,41,1612709917,Grand Rapids Gold,GRG,Capital City Go-Go,HOME,W,130.0,121.0,130.0,49.0,101.0,48.51,35.0,61.0,57.38,14.0,40.0,35.0,10.0,12.0,83.33,21.0,32.0,53.0,27.0,6.0,9.0,8.0,15.0,60.0,30.0,11.0,15.0,5.0
2022500411,2025-26,2026-03-05,42,1612709917,Grand Rapids Gold,GRG,Capital City Go-Go,HOME,L,120.0,126.0,120.0,46.0,89.0,51.69,28.0,51.0,54.9,18.0,38.0,47.37,6.0,10.0,60.0,9.0,30.0,39.0,30.0,13.0,4.0,13.0,17.0,52.0,6.0,25.0,34.0,19.0
2022500438,2025-26,2026-03-10,43,1612709917,Grand Rapids Gold,GRG,Mexico City Capitanes,HOME,L,112.0,115.0,112.0,42.0,94.0,44.68,34.0,56.0,60.71,8.0,38.0,21.05,12.0,15.0,80.0,21.0,36.0,57.0,24.0,6.0,6.0,18.0,12.0,60.0,15.0,19.0,30.0,10.0
2022500445,2025-26,2026-03-11,44,1612709917,Grand Rapids Gold,GRG,Birmingham Squadron,HOME,L,95.0,122.0,95.0,37.0,94.0,39.36,24.0,59.0,40.68,13.0,35.0,37.14,5.0,9.0,55.56,18.0,32.0,50.0,19.0,8.0,6.0,12.0,14.0,38.0,14.0,14.0,29.0,5.0
2022500459,2025-26,2026-03-13,45,1612709917,Grand Rapids Gold,GRG,Maine Celtics,AWAY,L,91.0,96.0,91.0,34.0,81.0,41.98,20.0,42.0,47.62,14.0,39.0,35.9,5.0,10.0,50.0,12.0,32.0,44.0,26.0,8.0,1.0,13.0,9.0,40.0,11.0,7.0,15.0,8.0
2022500468,2025-26,2026-03-15,46,1612709917,Grand Rapids Gold,GRG,Oklahoma City Blue,HOME,W,131.0,125.0,131.0,48.0,98.0,48.98,32.0,53.0,60.38,16.0,45.0,35.56,12.0,13.0,92.31,13.0,35.0,48.0,21.0,7.0,0.0,10.0,7.0,52.0,17.0,17.0,21.0,11.0
2022500482,2025-26,2026-03-17,47,1612709917,Grand Rapids Gold,GRG,Oklahoma City Blue,HOME,L,127.0,130.0,127.0,47.0,108.0,43.52,32.0,60.0,53.33,15.0,48.0,31.25,13.0,18.0,72.22,10.0,29.0,39.0,27.0,10.0,2.0,4.0,12.0,54.0,21.0,14.0,54.0,5.0
2022500502,2025-26,2026-03-20,48,1612709917,Grand Rapids Gold,GRG,South Bay Lakers,AWAY,L,98.0,111.0,98.0,36.0,88.0,40.91,20.0,41.0,48.78,16.0,47.0,34.04,7.0,8.0,87.5,11.0,34.0,45.0,25.0,6.0,4.0,14.0,10.0,32.0,14.0,9.0,20.0,15.0
2022500509,2025-26,2026-03-21,49,1612709917,Grand Rapids Gold,GRG,South Bay Lakers,AWAY,L,111.0,119.0,111.0,40.0,95.0,42.11,29.0,56.0,51.79,11.0,39.0,28.21,11.0,14.0,78.57,11.0,27.0,38.0,27.0,9.0,6.0,11.0,15.0,52.0,15.0,15.0,23.0,10.0
2022500541,2025-26,2026-03-27,50,1612709917,Grand Rapids Gold,GRG,Birmingham Squadron,HOME,W,123.0,101.0,123.0,47.0,106.0,44.34,34.0,64.0,53.12,13.0,42.0,30.95,9.0,10.0,90.0,19.0,40.0,59.0,28.0,15.0,3.0,11.0,18.0,62.0,20.0,26.0,40.0,19.0
2052500002,2025-26,2025-11-07,1,1612709922,Greensboro Swarm,GBO,Maine Celtics,HOME,W,131.0,129.0,131.0,43.0,99.0,43.43,31.0,59.0,52.54,12.0,40.0,30.0,21.0,27.0,77.78,20.0,37.0,57.0,15.0,7.0,3.0,18.0,10.0,52.0,28.0,25.0,55.0,2.0
2052500012,2025-26,2025-11-08,2,1612709922,Greensboro Swarm,GBO,Maine Celtics,HOME,W,122.0,120.0,122.0,43.0,87.0,49.43,24.0,49.0,48.98,19.0,38.0,50.0,9.0,13.0,69.23,11.0,28.0,39.0,21.0,1.0,1.0,15.0,2.0,46.0,10.0,20.0,42.0,0.0
2052500037,2025-26,2025-11-13,3,1612709922,Greensboro Swarm,GBO,Delaware Blue Coats,AWAY,W,133.0,126.0,133.0,50.0,96.0,52.08,39.0,64.0,60.94,11.0,32.0,34.38,14.0,19.0,73.68,14.0,38.0,52.0,32.0,5.0,6.0,20.0,11.0,76.0,17.0,13.0,68.0,13.0
2052500050,2025-26,2025-11-15,4,1612709922,Greensboro Swarm,GBO,Delaware Blue Coats,AWAY,W,145.0,129.0,145.0,45.0,82.0,54.88,26.0,47.0,55.32,19.0,35.0,54.29,21.0,25.0,84.0,7.0,38.0,45.0,26.0,5.0,4.0,17.0,9.0,48.0,11.0,12.0,68.0,16.0
2052500070,2025-26,2025-11-19,5,1612709922,Greensboro Swarm,GBO,Raptors 905,HOME,L,116.0,124.0,116.0,39.0,79.0,49.37,27.0,50.0,54.0,12.0,29.0,41.38,15.0,20.0,75.0,11.0,31.0,42.0,15.0,9.0,4.0,20.0,13.0,50.0,15.0,19.0,31.0,5.0
2052500076,2025-26,2025-11-20,6,1612709922,Greensboro Swarm,GBO,Raptors 905,HOME,L,103.0,114.0,103.0,33.0,75.0,44.0,21.0,42.0,50.0,12.0,33.0,36.36,16.0,26.0,61.54,20.0,34.0,54.0,16.0,6.0,8.0,33.0,14.0,38.0,17.0,22.0,31.0,4.0
2052500089,2025-26,2025-11-22,7,1612709922,Greensboro Swarm,GBO,Long Island Nets,AWAY,L,113.0,128.0,113.0,38.0,87.0,43.68,28.0,56.0,50.0,10.0,31.0,32.26,15.0,21.0,71.43,17.0,30.0,47.0,24.0,4.0,10.0,15.0,14.0,52.0,20.0,14.0,19.0,18.0
2052500100,2025-26,2025-11-24,8,1612709922,Greensboro Swarm,GBO,Long Island Nets,AWAY,W,126.0,114.0,126.0,50.0,99.0,50.51,40.0,65.0,61.54,10.0,34.0,29.41,11.0,13.0,84.62,17.0,38.0,55.0,24.0,11.0,0.0,15.0,11.0,74.0,16.0,17.0,42.0,19.0
2052500111,2025-26,2025-11-28,9,1612709922,Greensboro Swarm,GBO,Capital City Go-Go,HOME,L,107.0,109.0,107.0,44.0,102.0,43.14,31.0,59.0,52.54,13.0,43.0,30.23,4.0,9.0,44.44,15.0,45.0,60.0,26.0,8.0,7.0,17.0,15.0,58.0,17.0,8.0,43.0,17.0
2052500125,2025-26,2025-11-30,10,1612709922,Greensboro Swarm,GBO,Capital City Go-Go,AWAY,W,124.0,106.0,124.0,43.0,100.0,43.0,34.0,67.0,50.75,9.0,33.0,27.27,18.0,21.0,85.71,25.0,35.0,60.0,20.0,9.0,9.0,10.0,18.0,62.0,22.0,21.0,46.0,14.0
2052500153,2025-26,2025-12-05,11,1612709922,Greensboro Swarm,GBO,Westchester Knicks,HOME,W,112.0,106.0,112.0,38.0,90.0,42.22,25.0,52.0,48.08,13.0,38.0,34.21,13.0,15.0,86.67,12.0,31.0,43.0,20.0,6.0,6.0,14.0,12.0,50.0,18.0,16.0,29.0,10.0
2052500163,2025-26,2025-12-07,12,1612709922,Greensboro Swarm,GBO,Westchester Knicks,HOME,W,118.0,91.0,118.0,40.0,89.0,44.94,29.0,60.0,48.33,11.0,29.0,37.93,16.0,23.0,69.57,20.0,36.0,56.0,24.0,3.0,6.0,12.0,9.0,52.0,35.0,8.0,38.0,14.0
2052500189,2025-26,2025-12-12,13,1612709922,Greensboro Swarm,GBO,College Park Skyhawks,AWAY,W,139.0,108.0,139.0,44.0,95.0,46.32,33.0,60.0,55.0,11.0,35.0,31.43,24.0,26.0,92.31,16.0,47.0,63.0,23.0,5.0,7.0,13.0,12.0,62.0,30.0,16.0,58.0,21.0
2052500203,2025-26,2025-12-14,14,1612709922,Greensboro Swarm,GBO,College Park Skyhawks,AWAY,W,119.0,100.0,119.0,46.0,105.0,43.81,31.0,65.0,47.69,15.0,40.0,37.5,9.0,14.0,64.29,12.0,41.0,53.0,32.0,9.0,6.0,12.0,15.0,58.0,17.0,16.0,33.0,13.0
2022500002,2025-26,2025-12-19,15,1612709922,Greensboro Swarm,GBO,Grand Rapids Gold,HOME,L,106.0,119.0,106.0,37.0,92.0,40.22,25.0,45.0,55.56,12.0,47.0,25.53,13.0,15.0,86.67,12.0,37.0,49.0,22.0,6.0,7.0,16.0,13.0,46.0,22.0,4.0,39.0,21.0
2022500019,2025-26,2025-12-21,16,1612709922,Greensboro Swarm,GBO,San Diego Clippers,AWAY,W,127.0,117.0,127.0,43.0,86.0,50.0,30.0,53.0,56.6,13.0,33.0,39.39,19.0,24.0,79.17,16.0,31.0,47.0,27.0,5.0,5.0,10.0,10.0,52.0,16.0,11.0,40.0,17.0
2022500033,2025-26,2025-12-27,17,1612709922,Greensboro Swarm,GBO,Iowa Wolves,HOME,W,123.0,117.0,123.0,42.0,93.0,45.16,25.0,53.0,47.17,17.0,40.0,42.5,16.0,24.0,66.67,13.0,36.0,49.0,26.0,6.0,6.0,11.0,12.0,50.0,18.0,22.0,40.0,4.0
2022500055,2025-26,2025-12-29,18,1612709922,Greensboro Swarm,GBO,Texas Legends,HOME,W,136.0,130.0,136.0,44.0,91.0,48.35,32.0,56.0,57.14,12.0,35.0,34.29,23.0,30.0,76.67,13.0,36.0,49.0,25.0,6.0,8.0,10.0,14.0,58.0,20.0,14.0,70.0,16.0
2022500064,2025-26,2025-12-31,19,1612709922,Greensboro Swarm,GBO,Texas Legends,HOME,W,140.0,108.0,140.0,49.0,93.0,52.69,31.0,55.0,56.36,18.0,38.0,47.37,12.0,16.0,75.0,15.0,49.0,64.0,32.0,5.0,4.0,16.0,9.0,58.0,15.0,13.0,66.0,22.0
2022500080,2025-26,2026-01-03,20,1612709922,Greensboro Swarm,GBO,Grand Rapids Gold,AWAY,W,125.0,100.0,125.0,40.0,86.0,46.51,33.0,58.0,56.9,7.0,28.0,25.0,19.0,24.0,79.17,12.0,47.0,59.0,25.0,4.0,5.0,9.0,9.0,60.0,11.0,10.0,51.0,5.0
2022500096,2025-26,2026-01-05,21,1612709922,Greensboro Swarm,GBO,Grand Rapids Gold,AWAY,W,149.0,119.0,149.0,55.0,97.0,56.7,39.0,59.0,66.1,16.0,38.0,42.11,14.0,14.0,100.0,8.0,37.0,45.0,35.0,9.0,4.0,9.0,13.0,70.0,9.0,25.0,52.0,10.0
2022500118,2025-26,2026-01-09,22,1612709922,Greensboro Swarm,GBO,Rio Grande Valley Vipers,AWAY,L,115.0,120.0,115.0,42.0,88.0,47.73,32.0,53.0,60.38,10.0,35.0,28.57,12.0,16.0,75.0,13.0,35.0,48.0,21.0,18.0,2.0,31.0,20.0,58.0,21.0,26.0,44.0,5.0
2022500127,2025-26,2026-01-10,23,1612709922,Greensboro Swarm,GBO,Rio Grande Valley Vipers,AWAY,L,119.0,131.0,119.0,43.0,89.0,48.31,36.0,66.0,54.55,7.0,23.0,30.43,16.0,18.0,88.89,11.0,34.0,45.0,28.0,8.0,5.0,19.0,13.0,70.0,20.0,17.0,46.0,8.0
2022500153,2025-26,2026-01-15,24,1612709922,Greensboro Swarm,GBO,Westchester Knicks,AWAY,W,123.0,111.0,123.0,45.0,88.0,51.14,31.0,57.0,54.39,14.0,31.0,45.16,11.0,12.0,91.67,13.0,36.0,49.0,27.0,8.0,10.0,14.0,18.0,58.0,17.0,17.0,40.0,29.0
2022500161,2025-26,2026-01-17,25,1612709922,Greensboro Swarm,GBO,Osceola Magic,HOME,W,125.0,123.0,125.0,44.0,94.0,46.81,30.0,51.0,58.82,14.0,43.0,32.56,15.0,18.0,83.33,14.0,41.0,55.0,28.0,6.0,10.0,18.0,16.0,58.0,16.0,11.0,51.0,14.0
2022500176,2025-26,2026-01-19,26,1612709922,Greensboro Swarm,GBO,Birmingham Squadron,AWAY,W,116.0,114.0,116.0,37.0,85.0,43.53,24.0,48.0,50.0,13.0,37.0,35.14,15.0,16.0,93.75,9.0,39.0,48.0,22.0,7.0,7.0,14.0,14.0,46.0,8.0,12.0,43.0,15.0
2022500198,2025-26,2026-01-23,27,1612709922,Greensboro Swarm,GBO,Maine Celtics,AWAY,W,122.0,112.0,122.0,47.0,87.0,54.02,35.0,60.0,58.33,12.0,27.0,44.44,10.0,13.0,76.92,13.0,41.0,54.0,29.0,5.0,8.0,19.0,13.0,62.0,14.0,6.0,32.0,7.0
2022500214,2025-26,2026-01-25,28,1612709922,Greensboro Swarm,GBO,Maine Celtics,AWAY,L,138.0,147.0,138.0,55.0,98.0,56.12,43.0,63.0,68.25,12.0,35.0,34.29,11.0,12.0,91.67,11.0,29.0,40.0,33.0,5.0,6.0,11.0,11.0,84.0,22.0,13.0,40.0,20.0
2022500236,2025-26,2026-01-30,29,1612709922,Greensboro Swarm,GBO,Windy City Bulls,HOME,L,110.0,115.0,110.0,41.0,96.0,42.71,33.0,62.0,53.23,8.0,34.0,23.53,13.0,21.0,61.9,9.0,39.0,48.0,24.0,8.0,7.0,10.0,15.0,66.0,9.0,9.0,30.0,20.0
2022500243,2025-26,2026-02-02,30,1612709922,Greensboro Swarm,GBO,Windy City Bulls,HOME,W,126.0,103.0,126.0,54.0,98.0,55.1,46.0,72.0,63.89,8.0,26.0,30.77,7.0,14.0,50.0,16.0,38.0,54.0,27.0,6.0,9.0,9.0,15.0,90.0,19.0,16.0,40.0,23.0
2022500276,2025-26,2026-02-06,31,1612709922,Greensboro Swarm,GBO,Cleveland Charge,AWAY,L,135.0,140.0,135.0,51.0,86.0,59.3,43.0,63.0,68.25,8.0,23.0,34.78,14.0,21.0,66.67,10.0,30.0,40.0,21.0,5.0,8.0,15.0,13.0,80.0,18.0,22.0,48.0,14.0
2022500287,2025-26,2026-02-07,32,1612709922,Greensboro Swarm,GBO,Cleveland Charge,AWAY,W,123.0,110.0,123.0,45.0,83.0,54.22,32.0,54.0,59.26,13.0,29.0,44.83,12.0,18.0,66.67,9.0,34.0,43.0,21.0,11.0,5.0,16.0,16.0,58.0,12.0,16.0,53.0,23.0
2022500305,2025-26,2026-02-11,33,1612709922,Greensboro Swarm,GBO,Capital City Go-Go,HOME,W,136.0,119.0,136.0,51.0,89.0,57.3,40.0,58.0,68.97,11.0,31.0,35.48,14.0,16.0,87.5,14.0,31.0,45.0,20.0,4.0,5.0,7.0,9.0,76.0,17.0,20.0,47.0,12.0
2022500315,2025-26,2026-02-12,34,1612709922,Greensboro Swarm,GBO,Capital City Go-Go,HOME,W,119.0,107.0,119.0,40.0,83.0,48.19,25.0,52.0,48.08,15.0,31.0,48.39,13.0,16.0,81.25,11.0,37.0,48.0,20.0,7.0,5.0,14.0,12.0,50.0,24.0,22.0,29.0,11.0
2022500335,2025-26,2026-02-20,35,1612709922,Greensboro Swarm,GBO,Wisconsin Herd,AWAY,W,116.0,105.0,116.0,41.0,95.0,43.16,38.0,72.0,52.78,3.0,23.0,13.04,18.0,21.0,85.71,17.0,42.0,59.0,19.0,7.0,5.0,14.0,12.0,70.0,31.0,21.0,31.0,15.0
2022500344,2025-26,2026-02-21,36,1612709922,Greensboro Swarm,GBO,Wisconsin Herd,AWAY,W,129.0,104.0,129.0,47.0,97.0,48.45,29.0,49.0,59.18,18.0,48.0,37.5,11.0,13.0,84.62,12.0,39.0,51.0,30.0,9.0,8.0,13.0,17.0,42.0,19.0,17.0,38.0,16.0
2022500361,2025-26,2026-02-24,37,1612709922,Greensboro Swarm,GBO,Memphis Hustle,AWAY,W,126.0,105.0,126.0,48.0,98.0,48.98,35.0,60.0,58.33,13.0,38.0,34.21,10.0,13.0,76.92,13.0,49.0,62.0,26.0,9.0,3.0,13.0,12.0,66.0,19.0,12.0,47.0,28.0
2022500384,2025-26,2026-02-28,38,1612709922,Greensboro Swarm,GBO,Raptors 905,AWAY,W,126.0,114.0,126.0,45.0,100.0,45.0,34.0,59.0,57.63,11.0,41.0,26.83,16.0,24.0,66.67,21.0,29.0,50.0,25.0,6.0,2.0,10.0,8.0,66.0,32.0,19.0,44.0,14.0
2022500390,2025-26,2026-03-01,39,1612709922,Greensboro Swarm,GBO,Raptors 905,AWAY,W,141.0,106.0,141.0,52.0,89.0,58.43,35.0,53.0,66.04,17.0,36.0,47.22,11.0,12.0,91.67,5.0,40.0,45.0,33.0,5.0,7.0,9.0,12.0,66.0,10.0,15.0,43.0,17.0
2022500406,2025-26,2026-03-04,40,1612709922,Greensboro Swarm,GBO,Long Island Nets,HOME,L,111.0,116.0,111.0,35.0,82.0,42.68,25.0,43.0,58.14,10.0,39.0,25.64,18.0,23.0,78.26,13.0,28.0,41.0,17.0,8.0,0.0,10.0,8.0,46.0,16.0,12.0,21.0,5.0
2022500416,2025-26,2026-03-06,41,1612709922,Greensboro Swarm,GBO,Long Island Nets,HOME,L,115.0,117.0,115.0,44.0,102.0,43.14,40.0,75.0,53.33,4.0,27.0,14.81,13.0,18.0,72.22,20.0,32.0,52.0,19.0,10.0,6.0,11.0,16.0,80.0,31.0,23.0,51.0,13.0
2022500423,2025-26,2026-03-07,42,1612709922,Greensboro Swarm,GBO,Motor City Cruise,HOME,L,118.0,133.0,118.0,40.0,89.0,44.94,30.0,54.0,55.56,10.0,35.0,28.57,18.0,20.0,90.0,12.0,35.0,47.0,19.0,9.0,5.0,23.0,14.0,56.0,10.0,26.0,47.0,13.0
2022500439,2025-26,2026-03-10,43,1612709922,Greensboro Swarm,GBO,Delaware Blue Coats,HOME,W,140.0,98.0,140.0,48.0,84.0,57.14,28.0,44.0,63.64,20.0,40.0,50.0,13.0,20.0,65.0,12.0,40.0,52.0,27.0,8.0,8.0,16.0,16.0,52.0,12.0,27.0,56.0,13.0
2022500446,2025-26,2026-03-11,44,1612709922,Greensboro Swarm,GBO,Delaware Blue Coats,HOME,W,136.0,116.0,136.0,49.0,97.0,50.52,36.0,54.0,66.67,13.0,43.0,30.23,15.0,19.0,78.95,13.0,36.0,49.0,21.0,9.0,3.0,13.0,12.0,68.0,18.0,27.0,58.0,17.0
2022500458,2025-26,2026-03-13,45,1612709922,Greensboro Swarm,GBO,Osceola Magic,HOME,W,127.0,120.0,127.0,46.0,90.0,51.11,32.0,48.0,66.67,14.0,42.0,33.33,13.0,13.0,100.0,8.0,31.0,39.0,27.0,9.0,5.0,14.0,14.0,58.0,12.0,22.0,35.0,14.0
2022500490,2025-26,2026-03-18,46,1612709922,Greensboro Swarm,GBO,Noblesville Boom,HOME,W,111.0,107.0,111.0,41.0,91.0,45.05,29.0,55.0,52.73,12.0,36.0,33.33,9.0,16.0,56.25,13.0,28.0,41.0,23.0,9.0,5.0,14.0,14.0,56.0,21.0,26.0,33.0,16.0
2022500515,2025-26,2026-03-22,47,1612709922,Greensboro Swarm,GBO,Westchester Knicks,AWAY,L,131.0,141.0,131.0,45.0,98.0,45.92,29.0,56.0,51.79,16.0,42.0,38.1,16.0,21.0,76.19,7.0,29.0,36.0,28.0,7.0,3.0,8.0,10.0,58.0,12.0,23.0,35.0,27.0
2022500530,2025-26,2026-03-25,48,1612709922,Greensboro Swarm,GBO,Motor City Cruise,AWAY,L,132.0,143.0,132.0,49.0,100.0,49.0,35.0,61.0,57.38,14.0,39.0,35.9,11.0,13.0,84.62,14.0,29.0,43.0,28.0,9.0,4.0,15.0,13.0,60.0,20.0,22.0,38.0,20.0
2022500542,2025-26,2026-03-27,49,1612709922,Greensboro Swarm,GBO,College Park Skyhawks,HOME,W,132.0,121.0,132.0,52.0,97.0,53.61,39.0,60.0,65.0,13.0,37.0,35.14,12.0,18.0,66.67,15.0,33.0,48.0,29.0,8.0,8.0,15.0,16.0,74.0,16.0,17.0,49.0,18.0
2022500549,2025-26,2026-03-28,50,1612709922,Greensboro Swarm,GBO,College Park Skyhawks,HOME,L,138.0,141.0,138.0,56.0,119.0,47.06,42.0,71.0,59.15,14.0,48.0,29.17,9.0,13.0,69.23,22.0,35.0,57.0,22.0,12.0,5.0,11.0,17.0,82.0,20.0,29.0,59.0,20.0
2052500007,2025-26,2025-11-07,1,1612709911,Iowa Wolves,IWA,Cleveland Charge,HOME,W,137.0,124.0,137.0,46.0,91.0,50.55,36.0,61.0,59.02,10.0,30.0,33.33,19.0,23.0,82.61,15.0,37.0,52.0,28.0,6.0,6.0,13.0,12.0,72.0,16.0,18.0,51.0,25.0
2052500016,2025-26,2025-11-08,2,1612709911,Iowa Wolves,IWA,Cleveland Charge,HOME,W,130.0,123.0,130.0,41.0,87.0,47.13,27.0,55.0,49.09,14.0,32.0,43.75,20.0,23.0,86.96,15.0,29.0,44.0,24.0,13.0,5.0,19.0,18.0,54.0,27.0,25.0,41.0,13.0
2052500038,2025-26,2025-11-13,3,1612709911,Iowa Wolves,IWA,Grand Rapids Gold,AWAY,L,113.0,121.0,113.0,47.0,107.0,43.93,36.0,67.0,53.73,11.0,40.0,27.5,5.0,10.0,50.0,13.0,29.0,42.0,28.0,14.0,0.0,10.0,14.0,60.0,12.0,15.0,15.0,19.0
2052500061,2025-26,2025-11-16,4,1612709911,Iowa Wolves,IWA,Noblesville Boom,HOME,W,137.0,133.0,137.0,48.0,86.0,55.81,38.0,55.0,69.09,10.0,31.0,32.26,17.0,22.0,77.27,10.0,32.0,42.0,30.0,11.0,3.0,19.0,14.0,72.0,20.0,22.0,30.0,15.0
2052500067,2025-26,2025-11-17,5,1612709911,Iowa Wolves,IWA,Noblesville Boom,HOME,W,133.0,120.0,133.0,55.0,110.0,50.0,44.0,74.0,59.46,11.0,36.0,30.56,9.0,16.0,56.25,22.0,44.0,66.0,31.0,7.0,5.0,19.0,12.0,86.0,23.0,20.0,57.0,11.0
2052500077,2025-26,2025-11-20,6,1612709911,Iowa Wolves,IWA,Windy City Bulls,HOME,L,140.0,144.0,140.0,54.0,108.0,50.0,45.0,77.0,58.44,9.0,31.0,29.03,15.0,18.0,83.33,14.0,31.0,45.0,30.0,5.0,8.0,15.0,13.0,80.0,23.0,24.0,30.0,6.0
2052500082,2025-26,2025-11-21,7,1612709911,Iowa Wolves,IWA,Windy City Bulls,HOME,W,156.0,128.0,156.0,56.0,105.0,53.33,46.0,74.0,62.16,10.0,31.0,32.26,21.0,26.0,80.77,15.0,40.0,55.0,21.0,11.0,7.0,16.0,18.0,84.0,18.0,26.0,25.0,25.0
2052500118,2025-26,2025-11-29,8,1612709911,Iowa Wolves,IWA,Motor City Cruise,AWAY,W,156.0,137.0,156.0,52.0,84.0,61.9,33.0,52.0,63.46,19.0,32.0,59.38,19.0,23.0,82.61,8.0,36.0,44.0,30.0,6.0,6.0,12.0,12.0,62.0,4.0,20.0,31.0,25.0
2052500145,2025-26,2025-12-04,9,1612709911,Iowa Wolves,IWA,Grand Rapids Gold,AWAY,L,124.0,134.0,124.0,47.0,96.0,48.96,35.0,64.0,54.69,12.0,32.0,37.5,11.0,14.0,78.57,14.0,26.0,40.0,21.0,7.0,3.0,14.0,10.0,60.0,21.0,24.0,27.0,4.0
2052500160,2025-26,2025-12-06,10,1612709911,Iowa Wolves,IWA,Sioux Falls Skyforce,AWAY,L,121.0,133.0,121.0,46.0,90.0,51.11,31.0,51.0,60.78,15.0,39.0,38.46,8.0,16.0,50.0,6.0,31.0,37.0,28.0,11.0,4.0,14.0,15.0,56.0,6.0,16.0,34.0,11.0
2052500165,2025-26,2025-12-07,11,1612709911,Iowa Wolves,IWA,Sioux Falls Skyforce,AWAY,W,115.0,110.0,115.0,41.0,94.0,43.62,25.0,49.0,51.02,16.0,45.0,35.56,10.0,14.0,71.43,16.0,36.0,52.0,31.0,6.0,6.0,9.0,12.0,44.0,8.0,16.0,23.0,12.0
2052500191,2025-26,2025-12-12,12,1612709911,Iowa Wolves,IWA,Motor City Cruise,HOME,L,101.0,121.0,101.0,34.0,75.0,45.33,27.0,51.0,52.94,7.0,24.0,29.17,16.0,27.0,59.26,11.0,38.0,49.0,23.0,11.0,3.0,17.0,14.0,48.0,9.0,12.0,43.0,24.0
2052500201,2025-26,2025-12-14,13,1612709911,Iowa Wolves,IWA,Wisconsin Herd,AWAY,L,102.0,107.0,102.0,39.0,101.0,38.61,34.0,70.0,48.57,5.0,31.0,16.13,12.0,14.0,85.71,24.0,31.0,55.0,19.0,2.0,7.0,11.0,9.0,62.0,26.0,8.0,27.0,4.0
2052500213,2025-26,2025-12-16,14,1612709911,Iowa Wolves,IWA,Wisconsin Herd,AWAY,W,110.0,108.0,110.0,38.0,76.0,50.0,35.0,57.0,61.4,3.0,19.0,15.79,20.0,27.0,74.07,16.0,40.0,56.0,19.0,7.0,8.0,25.0,15.0,70.0,21.0,13.0,21.0,11.0
2022500015,2025-26,2025-12-20,15,1612709911,Iowa Wolves,IWA,Birmingham Squadron,HOME,W,117.0,101.0,117.0,42.0,93.0,45.16,25.0,49.0,51.02,17.0,44.0,38.64,9.0,14.0,64.29,17.0,31.0,48.0,26.0,7.0,4.0,13.0,11.0,40.0,16.0,21.0,26.0,25.0
2022500029,2025-26,2025-12-22,16,1612709911,Iowa Wolves,IWA,Westchester Knicks,AWAY,W,132.0,104.0,132.0,51.0,92.0,55.43,40.0,66.0,60.61,11.0,26.0,42.31,12.0,12.0,100.0,11.0,43.0,54.0,27.0,8.0,7.0,21.0,15.0,72.0,14.0,20.0,37.0,36.0
2022500033,2025-26,2025-12-27,17,1612709911,Iowa Wolves,IWA,Greensboro Swarm,AWAY,L,117.0,123.0,117.0,39.0,91.0,42.86,26.0,65.0,40.0,13.0,26.0,50.0,14.0,16.0,87.5,15.0,39.0,54.0,21.0,4.0,5.0,14.0,9.0,50.0,23.0,14.0,22.0,8.0
2022500054,2025-26,2025-12-29,18,1612709911,Iowa Wolves,IWA,Delaware Blue Coats,AWAY,W,136.0,115.0,136.0,52.0,87.0,59.77,37.0,53.0,69.81,15.0,34.0,44.12,7.0,11.0,63.64,13.0,36.0,49.0,34.0,9.0,5.0,20.0,14.0,68.0,19.0,25.0,36.0,9.0
2022500063,2025-26,2025-12-31,19,1612709911,Iowa Wolves,IWA,Delaware Blue Coats,AWAY,L,118.0,119.0,118.0,46.0,106.0,43.4,33.0,70.0,47.14,13.0,36.0,36.11,7.0,13.0,53.85,17.0,33.0,50.0,25.0,5.0,8.0,10.0,13.0,58.0,17.0,15.0,25.0,10.0
2022500083,2025-26,2026-01-03,20,1612709911,Iowa Wolves,IWA,Sioux Falls Skyforce,HOME,L,114.0,120.0,114.0,47.0,105.0,44.76,33.0,62.0,53.23,14.0,43.0,32.56,3.0,6.0,50.0,17.0,36.0,53.0,27.0,5.0,8.0,13.0,13.0,62.0,19.0,14.0,22.0,15.0
2022500092,2025-26,2026-01-04,21,1612709911,Iowa Wolves,IWA,Sioux Falls Skyforce,HOME,W,120.0,110.0,120.0,44.0,91.0,48.35,28.0,54.0,51.85,16.0,37.0,43.24,9.0,10.0,90.0,16.0,32.0,48.0,27.0,8.0,11.0,16.0,19.0,54.0,14.0,25.0,34.0,16.0
2022500122,2025-26,2026-01-09,22,1612709911,Iowa Wolves,IWA,San Diego Clippers,AWAY,L,118.0,125.0,118.0,41.0,77.0,53.25,29.0,44.0,65.91,12.0,33.0,36.36,17.0,20.0,85.0,9.0,33.0,42.0,30.0,5.0,4.0,18.0,9.0,56.0,13.0,7.0,36.0,10.0
2022500129,2025-26,2026-01-10,23,1612709911,Iowa Wolves,IWA,San Diego Clippers,AWAY,W,105.0,98.0,105.0,41.0,83.0,49.4,34.0,55.0,61.82,7.0,28.0,25.0,12.0,18.0,66.67,15.0,46.0,61.0,22.0,6.0,4.0,16.0,10.0,66.0,16.0,4.0,16.0,8.0
2022500143,2025-26,2026-01-13,24,1612709911,Iowa Wolves,IWA,Valley Suns,AWAY,W,130.0,123.0,130.0,49.0,88.0,55.68,31.0,46.0,67.39,18.0,42.0,42.86,11.0,14.0,78.57,10.0,37.0,47.0,33.0,1.0,4.0,13.0,5.0,58.0,12.0,7.0,30.0,15.0
2022500156,2025-26,2026-01-15,25,1612709911,Iowa Wolves,IWA,Valley Suns,AWAY,W,137.0,127.0,137.0,47.0,79.0,59.49,33.0,45.0,73.33,14.0,34.0,41.18,18.0,22.0,81.82,8.0,28.0,36.0,28.0,9.0,3.0,15.0,12.0,60.0,23.0,22.0,29.0,14.0
2022500171,2025-26,2026-01-18,26,1612709911,Iowa Wolves,IWA,Long Island Nets,HOME,L,115.0,124.0,115.0,41.0,83.0,49.4,30.0,56.0,53.57,11.0,27.0,40.74,14.0,17.0,82.35,9.0,23.0,32.0,19.0,9.0,7.0,14.0,16.0,56.0,22.0,16.0,16.0,15.0
2022500177,2025-26,2026-01-19,27,1612709911,Iowa Wolves,IWA,Long Island Nets,HOME,L,106.0,108.0,106.0,40.0,86.0,46.51,29.0,56.0,51.79,11.0,30.0,36.67,8.0,11.0,72.73,17.0,34.0,51.0,23.0,10.0,6.0,21.0,16.0,56.0,21.0,18.0,31.0,9.0
2022500207,2025-26,2026-01-24,28,1612709911,Iowa Wolves,IWA,Memphis Hustle,HOME,W,127.0,109.0,127.0,46.0,80.0,57.5,30.0,48.0,62.5,16.0,32.0,50.0,13.0,16.0,81.25,8.0,38.0,46.0,32.0,5.0,4.0,18.0,9.0,58.0,9.0,12.0,33.0,23.0
2022500218,2025-26,2026-01-26,29,1612709911,Iowa Wolves,IWA,Rio Grande Valley Vipers,HOME,W,136.0,129.0,136.0,49.0,89.0,55.06,35.0,57.0,61.4,14.0,32.0,43.75,15.0,20.0,75.0,13.0,35.0,48.0,24.0,7.0,3.0,16.0,10.0,68.0,18.0,19.0,22.0,11.0
2022500223,2025-26,2026-01-27,30,1612709911,Iowa Wolves,IWA,Mexico City Capitanes,HOME,W,113.0,104.0,113.0,36.0,88.0,40.91,30.0,55.0,54.55,6.0,33.0,18.18,25.0,28.0,89.29,18.0,30.0,48.0,19.0,4.0,6.0,12.0,10.0,60.0,19.0,15.0,18.0,8.0
2022500240,2025-26,2026-01-30,31,1612709911,Iowa Wolves,IWA,Santa Cruz Warriors,AWAY,L,101.0,108.0,101.0,35.0,96.0,36.46,24.0,49.0,48.98,11.0,47.0,23.4,11.0,15.0,73.33,16.0,40.0,56.0,24.0,4.0,2.0,11.0,6.0,44.0,23.0,20.0,31.0,6.0
2022500249,2025-26,2026-01-31,32,1612709911,Iowa Wolves,IWA,Santa Cruz Warriors,AWAY,W,127.0,123.0,127.0,49.0,95.0,51.58,36.0,57.0,63.16,13.0,38.0,34.21,9.0,11.0,81.82,11.0,37.0,48.0,31.0,5.0,5.0,12.0,10.0,66.0,15.0,20.0,32.0,16.0
2022500264,2025-26,2026-02-03,33,1612709911,Iowa Wolves,IWA,Stockton Kings,AWAY,W,114.0,109.0,114.0,40.0,84.0,47.62,33.0,56.0,58.93,7.0,28.0,25.0,18.0,23.0,78.26,13.0,36.0,49.0,22.0,8.0,7.0,11.0,15.0,64.0,16.0,16.0,15.0,14.0
2022500288,2025-26,2026-02-07,34,1612709911,Iowa Wolves,IWA,Maine Celtics,HOME,W,123.0,120.0,123.0,42.0,80.0,52.5,22.0,49.0,44.9,20.0,31.0,64.52,10.0,11.0,90.91,10.0,37.0,47.0,25.0,5.0,5.0,20.0,10.0,44.0,7.0,7.0,25.0,10.0
2022500298,2025-26,2026-02-10,35,1612709911,Iowa Wolves,IWA,Austin Spurs,HOME,L,124.0,130.0,124.0,43.0,88.0,48.86,27.0,43.0,62.79,16.0,45.0,35.56,14.0,21.0,66.67,12.0,26.0,38.0,25.0,10.0,5.0,18.0,15.0,54.0,21.0,13.0,21.0,11.0
2022500307,2025-26,2026-02-11,36,1612709911,Iowa Wolves,IWA,Austin Spurs,HOME,L,120.0,135.0,120.0,38.0,85.0,44.71,26.0,46.0,56.52,12.0,39.0,30.77,20.0,23.0,86.96,10.0,27.0,37.0,20.0,4.0,5.0,17.0,9.0,52.0,10.0,22.0,46.0,8.0
2022500349,2025-26,2026-02-22,37,1612709911,Iowa Wolves,IWA,Rio Grande Valley Vipers,HOME,L,115.0,117.0,115.0,37.0,82.0,45.12,25.0,49.0,51.02,12.0,33.0,36.36,16.0,22.0,72.73,12.0,32.0,44.0,23.0,14.0,11.0,25.0,25.0,48.0,18.0,21.0,14.0,23.0
2022500367,2025-26,2026-02-25,38,1612709911,Iowa Wolves,IWA,Stockton Kings,AWAY,L,118.0,131.0,118.0,39.0,90.0,43.33,27.0,55.0,49.09,12.0,35.0,34.29,16.0,20.0,80.0,12.0,30.0,42.0,18.0,9.0,5.0,9.0,14.0,52.0,20.0,16.0,21.0,8.0
2022500379,2025-26,2026-02-27,39,1612709911,Iowa Wolves,IWA,Mexico City Capitanes,HOME,W,118.0,117.0,118.0,42.0,75.0,56.0,31.0,44.0,70.45,11.0,31.0,35.48,16.0,24.0,66.67,8.0,31.0,39.0,32.0,7.0,6.0,20.0,13.0,56.0,16.0,30.0,19.0,10.0
2022500398,2025-26,2026-03-02,40,1612709911,Iowa Wolves,IWA,Rip City Remix,AWAY,W,122.0,95.0,122.0,45.0,97.0,46.39,34.0,65.0,52.31,11.0,32.0,34.38,11.0,16.0,68.75,16.0,43.0,59.0,23.0,7.0,7.0,9.0,14.0,66.0,20.0,17.0,13.0,17.0
2022500409,2025-26,2026-03-04,41,1612709911,Iowa Wolves,IWA,Rip City Remix,AWAY,W,136.0,117.0,136.0,52.0,97.0,53.61,34.0,53.0,64.15,18.0,44.0,40.91,8.0,11.0,72.73,14.0,34.0,48.0,29.0,7.0,8.0,8.0,15.0,68.0,20.0,27.0,31.0,16.0
2022500428,2025-26,2026-03-08,42,1612709911,Iowa Wolves,IWA,Memphis Hustle,HOME,L,132.0,142.0,132.0,54.0,103.0,52.43,40.0,59.0,67.8,14.0,44.0,31.82,6.0,8.0,75.0,14.0,33.0,47.0,35.0,6.0,5.0,18.0,11.0,70.0,21.0,26.0,27.0,11.0
2022500449,2025-26,2026-03-11,43,1612709911,Iowa Wolves,IWA,South Bay Lakers,AWAY,L,116.0,123.0,116.0,42.0,93.0,45.16,34.0,69.0,49.28,8.0,24.0,33.33,15.0,24.0,62.5,16.0,31.0,47.0,26.0,7.0,5.0,18.0,12.0,60.0,24.0,18.0,18.0,16.0
2022500462,2025-26,2026-03-13,44,1612709911,Iowa Wolves,IWA,South Bay Lakers,AWAY,L,106.0,125.0,106.0,41.0,101.0,40.59,31.0,65.0,47.69,10.0,36.0,27.78,9.0,9.0,100.0,17.0,27.0,44.0,24.0,5.0,3.0,12.0,8.0,58.0,24.0,8.0,16.0,13.0
2022500475,2025-26,2026-03-16,45,1612709911,Iowa Wolves,IWA,Salt Lake City Stars,HOME,W,132.0,106.0,132.0,51.0,98.0,52.04,43.0,68.0,63.24,8.0,30.0,26.67,11.0,15.0,73.33,16.0,43.0,59.0,31.0,13.0,6.0,14.0,19.0,84.0,23.0,30.0,43.0,30.0
2022500491,2025-26,2026-03-18,46,1612709911,Iowa Wolves,IWA,Salt Lake City Stars,HOME,W,132.0,110.0,132.0,56.0,98.0,57.14,41.0,66.0,62.12,15.0,32.0,46.88,3.0,8.0,37.5,12.0,43.0,55.0,41.0,6.0,7.0,12.0,13.0,80.0,12.0,14.0,26.0,18.0
2022500500,2025-26,2026-03-20,47,1612709911,Iowa Wolves,IWA,Texas Legends,AWAY,W,110.0,103.0,110.0,40.0,92.0,43.48,29.0,51.0,56.86,11.0,41.0,26.83,13.0,16.0,81.25,11.0,35.0,46.0,26.0,12.0,10.0,8.0,22.0,54.0,17.0,18.0,14.0,22.0
2022500517,2025-26,2026-03-22,48,1612709911,Iowa Wolves,IWA,Texas Legends,AWAY,L,106.0,109.0,106.0,37.0,83.0,44.58,22.0,49.0,44.9,15.0,34.0,44.12,10.0,14.0,71.43,11.0,32.0,43.0,22.0,5.0,8.0,17.0,13.0,44.0,22.0,11.0,22.0,5.0
2022500537,2025-26,2026-03-26,49,1612709911,Iowa Wolves,IWA,Oklahoma City Blue,HOME,W,133.0,106.0,133.0,53.0,99.0,53.54,36.0,56.0,64.29,17.0,43.0,39.53,7.0,9.0,77.78,12.0,36.0,48.0,38.0,8.0,6.0,12.0,14.0,70.0,11.0,26.0,35.0,20.0
2022500553,2025-26,2026-03-28,50,1612709911,Iowa Wolves,IWA,Oklahoma City Blue,HOME,W,132.0,117.0,132.0,46.0,92.0,50.0,32.0,57.0,56.14,14.0,35.0,40.0,14.0,20.0,70.0,16.0,39.0,55.0,28.0,6.0,3.0,13.0,9.0,62.0,26.0,20.0,12.0,23.0
2052500003,2025-26,2025-11-07,1,1612709921,Long Island Nets,LIN,Capital City Go-Go,HOME,W,109.0,102.0,109.0,36.0,80.0,45.0,27.0,53.0,50.94,9.0,27.0,33.33,15.0,18.0,83.33,10.0,31.0,41.0,19.0,11.0,7.0,23.0,18.0,48.0,17.0,31.0,56.0,12.0
2052500023,2025-26,2025-11-09,2,1612709921,Long Island Nets,LIN,Capital City Go-Go,HOME,L,105.0,112.0,105.0,36.0,81.0,44.44,28.0,46.0,60.87,8.0,35.0,22.86,14.0,21.0,66.67,15.0,31.0,46.0,19.0,7.0,3.0,21.0,10.0,54.0,19.0,17.0,45.0,11.0
2052500043,2025-26,2025-11-14,3,1612709921,Long Island Nets,LIN,Maine Celtics,AWAY,L,92.0,116.0,92.0,34.0,82.0,41.46,26.0,44.0,59.09,8.0,38.0,21.05,10.0,17.0,58.82,11.0,27.0,38.0,18.0,11.0,6.0,22.0,17.0,46.0,5.0,20.0,32.0,12.0
2052500052,2025-26,2025-11-15,4,1612709921,Long Island Nets,LIN,Maine Celtics,AWAY,L,116.0,127.0,116.0,45.0,92.0,48.91,34.0,55.0,61.82,11.0,37.0,29.73,9.0,11.0,81.82,16.0,26.0,42.0,30.0,10.0,4.0,22.0,14.0,66.0,14.0,23.0,34.0,9.0
2052500089,2025-26,2025-11-22,5,1612709921,Long Island Nets,LIN,Greensboro Swarm,HOME,W,128.0,113.0,128.0,46.0,98.0,46.94,24.0,52.0,46.15,22.0,46.0,47.83,8.0,10.0,80.0,15.0,28.0,43.0,35.0,10.0,7.0,9.0,17.0,46.0,9.0,26.0,28.0,19.0
2052500100,2025-26,2025-11-24,6,1612709921,Long Island Nets,LIN,Greensboro Swarm,HOME,L,114.0,126.0,114.0,42.0,91.0,46.15,28.0,46.0,60.87,14.0,45.0,31.11,8.0,12.0,66.67,9.0,27.0,36.0,26.0,8.0,3.0,14.0,11.0,50.0,7.0,17.0,21.0,13.0
2052500107,2025-26,2025-11-26,7,1612709921,Long Island Nets,LIN,College Park Skyhawks,AWAY,W,125.0,101.0,125.0,43.0,97.0,44.33,25.0,47.0,53.19,18.0,50.0,36.0,10.0,15.0,66.67,16.0,30.0,46.0,28.0,9.0,3.0,11.0,12.0,48.0,32.0,37.0,46.0,19.0
2052500119,2025-26,2025-11-29,8,1612709921,Long Island Nets,LIN,Raptors 905,HOME,L,102.0,130.0,102.0,38.0,83.0,45.78,31.0,57.0,54.39,7.0,26.0,26.92,12.0,15.0,80.0,8.0,23.0,31.0,24.0,11.0,4.0,23.0,15.0,62.0,11.0,31.0,41.0,23.0
2052500133,2025-26,2025-12-01,9,1612709921,Long Island Nets,LIN,Raptors 905,HOME,L,113.0,120.0,113.0,42.0,86.0,48.84,25.0,45.0,55.56,17.0,41.0,41.46,6.0,8.0,75.0,9.0,19.0,28.0,32.0,9.0,3.0,13.0,12.0,48.0,6.0,26.0,35.0,21.0
2052500152,2025-26,2025-12-05,10,1612709921,Long Island Nets,LIN,Delaware Blue Coats,AWAY,W,125.0,106.0,125.0,46.0,88.0,52.27,31.0,51.0,60.78,15.0,37.0,40.54,12.0,16.0,75.0,10.0,35.0,45.0,34.0,6.0,6.0,9.0,12.0,58.0,12.0,23.0,38.0,14.0
2052500157,2025-26,2025-12-06,11,1612709921,Long Island Nets,LIN,Delaware Blue Coats,AWAY,W,137.0,134.0,137.0,50.0,99.0,50.51,29.0,58.0,50.0,21.0,41.0,51.22,11.0,11.0,100.0,8.0,28.0,36.0,38.0,9.0,10.0,12.0,19.0,56.0,11.0,23.0,42.0,21.0
2052500169,2025-26,2025-12-09,12,1612709921,Long Island Nets,LIN,College Park Skyhawks,HOME,L,107.0,114.0,107.0,36.0,90.0,40.0,23.0,54.0,42.59,13.0,36.0,36.11,13.0,16.0,81.25,9.0,40.0,49.0,25.0,10.0,6.0,10.0,16.0,44.0,7.0,11.0,38.0,13.0
2052500177,2025-26,2025-12-10,13,1612709921,Long Island Nets,LIN,Westchester Knicks,AWAY,W,115.0,95.0,115.0,45.0,83.0,54.22,31.0,53.0,58.49,14.0,30.0,46.67,7.0,8.0,87.5,9.0,24.0,33.0,31.0,14.0,5.0,16.0,19.0,56.0,11.0,30.0,39.0,19.0
2052500190,2025-26,2025-12-12,14,1612709921,Long Island Nets,LIN,Westchester Knicks,AWAY,W,110.0,103.0,110.0,39.0,82.0,47.56,21.0,43.0,48.84,18.0,39.0,46.15,9.0,13.0,69.23,7.0,27.0,34.0,30.0,10.0,3.0,18.0,13.0,36.0,10.0,28.0,28.0,17.0
2022500010,2025-26,2025-12-20,15,1612709921,Long Island Nets,LIN,Mexico City Capitanes,AWAY,L,102.0,111.0,102.0,39.0,84.0,46.43,23.0,43.0,53.49,16.0,41.0,39.02,6.0,9.0,66.67,11.0,36.0,47.0,33.0,12.0,6.0,25.0,18.0,44.0,15.0,22.0,35.0,30.0
2022500027,2025-26,2025-12-22,16,1612709921,Long Island Nets,LIN,Oklahoma City Blue,HOME,W,116.0,97.0,116.0,40.0,95.0,42.11,25.0,51.0,49.02,15.0,44.0,34.09,12.0,14.0,85.71,13.0,27.0,40.0,24.0,18.0,1.0,15.0,19.0,46.0,19.0,39.0,20.0,19.0
2022500046,2025-26,2025-12-28,17,1612709921,Long Island Nets,LIN,College Park Skyhawks,AWAY,W,119.0,111.0,119.0,36.0,85.0,42.35,22.0,48.0,45.83,14.0,37.0,37.84,20.0,27.0,74.07,11.0,38.0,49.0,21.0,18.0,7.0,19.0,25.0,44.0,10.0,28.0,30.0,27.0
2022500073,2025-26,2026-01-02,18,1612709921,Long Island Nets,LIN,Cleveland Charge,AWAY,L,126.0,131.0,126.0,45.0,107.0,42.06,30.0,58.0,51.72,15.0,49.0,30.61,13.0,13.0,100.0,17.0,30.0,47.0,27.0,21.0,7.0,24.0,28.0,60.0,18.0,40.0,43.0,18.0
2022500090,2025-26,2026-01-04,19,1612709921,Long Island Nets,LIN,San Diego Clippers,HOME,W,119.0,115.0,119.0,43.0,83.0,51.81,28.0,44.0,63.64,15.0,39.0,38.46,13.0,23.0,56.52,8.0,27.0,35.0,29.0,11.0,4.0,7.0,15.0,54.0,13.0,21.0,38.0,33.0
2022500098,2025-26,2026-01-06,20,1612709921,Long Island Nets,LIN,San Diego Clippers,HOME,L,125.0,126.0,125.0,41.0,88.0,46.59,22.0,38.0,57.89,19.0,50.0,38.0,15.0,17.0,88.24,8.0,29.0,37.0,31.0,11.0,1.0,13.0,12.0,42.0,7.0,29.0,50.0,30.0
2022500108,2025-26,2026-01-08,21,1612709921,Long Island Nets,LIN,Wisconsin Herd,HOME,L,101.0,108.0,101.0,35.0,79.0,44.3,24.0,44.0,54.55,11.0,35.0,31.43,10.0,14.0,71.43,8.0,29.0,37.0,19.0,13.0,6.0,18.0,19.0,42.0,12.0,20.0,5.0,12.0
2022500114,2025-26,2026-01-09,22,1612709921,Long Island Nets,LIN,Wisconsin Herd,HOME,W,121.0,112.0,121.0,44.0,82.0,53.66,33.0,55.0,60.0,11.0,27.0,40.74,16.0,21.0,76.19,12.0,33.0,45.0,22.0,5.0,4.0,14.0,9.0,58.0,13.0,7.0,36.0,12.0
2022500138,2025-26,2026-01-12,23,1612709921,Long Island Nets,LIN,Stockton Kings,HOME,L,112.0,118.0,112.0,40.0,93.0,43.01,35.0,68.0,51.47,5.0,25.0,20.0,15.0,20.0,75.0,16.0,25.0,41.0,20.0,8.0,3.0,10.0,11.0,66.0,19.0,27.0,43.0,4.0
2022500144,2025-26,2026-01-14,24,1612709921,Long Island Nets,LIN,Capital City Go-Go,AWAY,W,104.0,101.0,104.0,37.0,82.0,45.12,29.0,59.0,49.15,8.0,23.0,34.78,16.0,20.0,80.0,9.0,32.0,41.0,23.0,13.0,8.0,18.0,21.0,58.0,9.0,28.0,26.0,19.0
2022500171,2025-26,2026-01-18,25,1612709921,Long Island Nets,LIN,Iowa Wolves,AWAY,W,124.0,115.0,124.0,45.0,89.0,50.56,35.0,57.0,61.4,10.0,32.0,31.25,12.0,13.0,92.31,13.0,27.0,40.0,27.0,9.0,4.0,14.0,13.0,64.0,23.0,23.0,38.0,14.0
2022500177,2025-26,2026-01-19,26,1612709921,Long Island Nets,LIN,Iowa Wolves,AWAY,W,108.0,106.0,108.0,38.0,85.0,44.71,26.0,50.0,52.0,12.0,35.0,34.29,12.0,15.0,80.0,12.0,22.0,34.0,28.0,16.0,6.0,17.0,22.0,46.0,16.0,37.0,36.0,24.0
2022500188,2025-26,2026-01-21,27,1612709921,Long Island Nets,LIN,Sioux Falls Skyforce,AWAY,L,110.0,119.0,110.0,41.0,100.0,41.0,28.0,56.0,50.0,13.0,44.0,29.55,9.0,12.0,75.0,22.0,28.0,50.0,26.0,8.0,6.0,19.0,14.0,52.0,32.0,14.0,39.0,11.0
2022500197,2025-26,2026-01-23,28,1612709921,Long Island Nets,LIN,Raptors 905,HOME,W,109.0,93.0,109.0,38.0,86.0,44.19,27.0,49.0,55.1,11.0,37.0,29.73,14.0,18.0,77.78,11.0,37.0,48.0,23.0,10.0,7.0,15.0,17.0,46.0,12.0,20.0,55.0,20.0
2022500216,2025-26,2026-01-26,29,1612709921,Long Island Nets,LIN,Motor City Cruise,HOME,W,112.0,106.0,112.0,37.0,87.0,42.53,23.0,50.0,46.0,14.0,37.0,37.84,16.0,18.0,88.89,9.0,27.0,36.0,24.0,13.0,4.0,13.0,17.0,44.0,11.0,26.0,30.0,15.0
2022500227,2025-26,2026-01-28,30,1612709921,Long Island Nets,LIN,Motor City Cruise,HOME,L,104.0,106.0,104.0,39.0,96.0,40.62,29.0,61.0,47.54,10.0,35.0,28.57,9.0,12.0,75.0,19.0,28.0,47.0,27.0,10.0,5.0,9.0,15.0,56.0,27.0,18.0,45.0,11.0
2022500258,2025-26,2026-02-02,31,1612709921,Long Island Nets,LIN,Grand Rapids Gold,HOME,W,115.0,107.0,115.0,43.0,86.0,50.0,29.0,53.0,54.72,14.0,33.0,42.42,11.0,16.0,68.75,13.0,34.0,47.0,28.0,5.0,8.0,14.0,13.0,56.0,22.0,14.0,23.0,16.0
2022500274,2025-26,2026-02-05,32,1612709921,Long Island Nets,LIN,Windy City Bulls,AWAY,W,143.0,123.0,143.0,53.0,91.0,58.24,38.0,53.0,71.7,15.0,38.0,39.47,12.0,15.0,80.0,11.0,33.0,44.0,36.0,6.0,6.0,13.0,12.0,70.0,20.0,19.0,49.0,27.0
2022500280,2025-26,2026-02-06,33,1612709921,Long Island Nets,LIN,Windy City Bulls,AWAY,L,127.0,133.0,127.0,40.0,92.0,43.48,29.0,53.0,54.72,11.0,39.0,28.21,21.0,27.0,77.78,15.0,30.0,45.0,25.0,8.0,7.0,12.0,15.0,54.0,22.0,12.0,31.0,21.0
2022500292,2025-26,2026-02-08,34,1612709921,Long Island Nets,LIN,Noblesville Boom,HOME,W,110.0,94.0,110.0,37.0,78.0,47.44,25.0,47.0,53.19,12.0,31.0,38.71,13.0,16.0,81.25,8.0,36.0,44.0,28.0,14.0,4.0,17.0,18.0,50.0,8.0,26.0,30.0,20.0
2022500300,2025-26,2026-02-10,35,1612709921,Long Island Nets,LIN,Noblesville Boom,HOME,L,117.0,121.0,117.0,43.0,92.0,46.74,31.0,57.0,54.39,12.0,35.0,34.29,12.0,16.0,75.0,16.0,25.0,41.0,31.0,6.0,9.0,14.0,15.0,62.0,24.0,27.0,32.0,17.0
2022500311,2025-26,2026-02-12,36,1612709921,Long Island Nets,LIN,Delaware Blue Coats,AWAY,W,123.0,107.0,123.0,43.0,101.0,42.57,33.0,61.0,54.1,10.0,40.0,25.0,14.0,16.0,87.5,21.0,40.0,61.0,25.0,9.0,3.0,13.0,12.0,60.0,18.0,20.0,35.0,14.0
2022500322,2025-26,2026-02-19,37,1612709921,Long Island Nets,LIN,Birmingham Squadron,AWAY,W,121.0,103.0,121.0,47.0,85.0,55.29,30.0,43.0,69.77,17.0,42.0,40.48,6.0,9.0,66.67,12.0,30.0,42.0,30.0,4.0,6.0,14.0,10.0,56.0,20.0,19.0,50.0,15.0
2022500332,2025-26,2026-02-20,38,1612709921,Long Island Nets,LIN,Birmingham Squadron,AWAY,L,102.0,104.0,102.0,37.0,94.0,39.36,23.0,49.0,46.94,14.0,45.0,31.11,11.0,15.0,73.33,23.0,32.0,55.0,21.0,5.0,6.0,15.0,11.0,46.0,24.0,17.0,48.0,7.0
2022500368,2025-26,2026-02-25,39,1612709921,Long Island Nets,LIN,Maine Celtics,HOME,W,116.0,109.0,116.0,45.0,89.0,50.56,32.0,55.0,58.18,13.0,34.0,38.24,7.0,10.0,70.0,15.0,29.0,44.0,23.0,10.0,5.0,12.0,15.0,62.0,18.0,29.0,44.0,14.0
2022500373,2025-26,2026-02-26,40,1612709921,Long Island Nets,LIN,Grand Rapids Gold,HOME,L,116.0,119.0,116.0,45.0,81.0,55.56,33.0,50.0,66.0,12.0,31.0,38.71,7.0,12.0,58.33,11.0,30.0,41.0,31.0,6.0,5.0,15.0,11.0,60.0,8.0,11.0,38.0,15.0
2022500391,2025-26,2026-03-01,41,1612709921,Long Island Nets,LIN,Westchester Knicks,HOME,W,117.0,111.0,117.0,37.0,82.0,45.12,26.0,59.0,44.07,11.0,23.0,47.83,19.0,25.0,76.0,15.0,33.0,48.0,28.0,9.0,7.0,9.0,16.0,46.0,16.0,12.0,41.0,12.0
2022500406,2025-26,2026-03-04,42,1612709921,Long Island Nets,LIN,Greensboro Swarm,AWAY,W,116.0,111.0,116.0,44.0,81.0,54.32,31.0,51.0,60.78,13.0,30.0,43.33,10.0,11.0,90.91,9.0,30.0,39.0,20.0,8.0,4.0,13.0,12.0,58.0,10.0,17.0,34.0,12.0
2022500416,2025-26,2026-03-06,43,1612709921,Long Island Nets,LIN,Greensboro Swarm,AWAY,W,117.0,115.0,117.0,38.0,82.0,46.34,25.0,46.0,54.35,13.0,36.0,36.11,18.0,23.0,78.26,12.0,31.0,43.0,26.0,5.0,4.0,16.0,9.0,48.0,14.0,17.0,38.0,4.0
2022500470,2025-26,2026-03-15,44,1612709921,Long Island Nets,LIN,Osceola Magic,AWAY,L,107.0,126.0,107.0,35.0,81.0,43.21,24.0,49.0,48.98,11.0,32.0,34.38,15.0,21.0,71.43,9.0,22.0,31.0,16.0,7.0,5.0,11.0,12.0,46.0,18.0,18.0,31.0,2.0
2022500483,2025-26,2026-03-17,45,1612709921,Long Island Nets,LIN,Osceola Magic,AWAY,L,109.0,129.0,109.0,43.0,93.0,46.24,32.0,54.0,59.26,11.0,39.0,28.21,6.0,11.0,54.55,22.0,17.0,39.0,20.0,11.0,3.0,10.0,14.0,60.0,23.0,23.0,45.0,2.0
2022500355,2025-26,2026-03-19,46,1612709921,Long Island Nets,LIN,Maine Celtics,HOME,L,104.0,114.0,104.0,41.0,91.0,45.05,29.0,52.0,55.77,12.0,39.0,30.77,6.0,8.0,75.0,13.0,19.0,32.0,30.0,11.0,7.0,13.0,18.0,48.0,22.0,20.0,26.0,12.0
2022500519,2025-26,2026-03-22,47,1612709921,Long Island Nets,LIN,Capital City Go-Go,AWAY,L,120.0,127.0,120.0,45.0,95.0,47.37,37.0,65.0,56.92,8.0,30.0,26.67,13.0,16.0,81.25,16.0,27.0,43.0,30.0,11.0,4.0,10.0,15.0,72.0,16.0,22.0,27.0,12.0
2022500523,2025-26,2026-03-24,48,1612709921,Long Island Nets,LIN,Westchester Knicks,HOME,L,104.0,114.0,104.0,41.0,93.0,44.09,32.0,65.0,49.23,9.0,28.0,32.14,8.0,12.0,66.67,12.0,29.0,41.0,24.0,12.0,3.0,13.0,15.0,58.0,14.0,13.0,35.0,9.0
2022500532,2025-26,2026-03-25,49,1612709921,Long Island Nets,LIN,Delaware Blue Coats,HOME,L,118.0,120.0,118.0,48.0,92.0,52.17,36.0,59.0,61.02,12.0,33.0,36.36,6.0,9.0,66.67,7.0,27.0,34.0,27.0,6.0,6.0,11.0,12.0,56.0,9.0,21.0,36.0,10.0
2022500551,2025-26,2026-03-28,50,1612709921,Long Island Nets,LIN,Cleveland Charge,AWAY,L,93.0,113.0,93.0,38.0,86.0,44.19,28.0,59.0,47.46,10.0,27.0,37.04,4.0,13.0,30.77,10.0,32.0,42.0,21.0,5.0,1.0,14.0,6.0,50.0,11.0,6.0,40.0,6.0
2052500002,2025-26,2025-11-07,1,1612709915,Maine Celtics,MNE,Greensboro Swarm,AWAY,L,129.0,131.0,129.0,48.0,97.0,49.48,36.0,59.0,61.02,12.0,38.0,31.58,12.0,19.0,63.16,11.0,30.0,41.0,21.0,13.0,11.0,15.0,24.0,70.0,15.0,27.0,39.0,8.0
2052500012,2025-26,2025-11-08,2,1612709915,Maine Celtics,MNE,Greensboro Swarm,AWAY,L,120.0,122.0,120.0,41.0,76.0,53.95,34.0,48.0,70.83,7.0,28.0,25.0,16.0,21.0,76.19,4.0,33.0,37.0,22.0,7.0,6.0,11.0,13.0,64.0,4.0,26.0,33.0,4.0
2052500034,2025-26,2025-11-12,3,1612709915,Maine Celtics,MNE,Raptors 905,AWAY,L,75.0,111.0,75.0,26.0,82.0,31.71,21.0,48.0,43.75,5.0,34.0,14.71,11.0,19.0,57.89,11.0,26.0,37.0,19.0,10.0,8.0,13.0,18.0,38.0,14.0,16.0,30.0,8.0
2052500043,2025-26,2025-11-14,4,1612709915,Maine Celtics,MNE,Long Island Nets,HOME,W,116.0,92.0,116.0,42.0,94.0,44.68,28.0,53.0,52.83,14.0,41.0,34.15,9.0,13.0,69.23,27.0,38.0,65.0,31.0,17.0,7.0,21.0,24.0,54.0,26.0,27.0,37.0,26.0
2052500052,2025-26,2025-11-15,5,1612709915,Maine Celtics,MNE,Long Island Nets,HOME,W,127.0,116.0,127.0,45.0,89.0,50.56,26.0,45.0,57.78,19.0,44.0,43.18,12.0,17.0,70.59,16.0,31.0,47.0,29.0,15.0,3.0,22.0,18.0,50.0,19.0,28.0,34.0,8.0
2052500081,2025-26,2025-11-21,6,1612709915,Maine Celtics,MNE,Delaware Blue Coats,HOME,W,113.0,111.0,113.0,43.0,94.0,45.74,26.0,49.0,53.06,17.0,45.0,37.78,6.0,12.0,50.0,12.0,38.0,50.0,27.0,5.0,7.0,17.0,12.0,48.0,13.0,15.0,18.0,12.0
2052500094,2025-26,2025-11-23,7,1612709915,Maine Celtics,MNE,Delaware Blue Coats,HOME,W,129.0,119.0,129.0,50.0,93.0,53.76,28.0,44.0,63.64,22.0,49.0,44.9,4.0,7.0,57.14,9.0,38.0,47.0,43.0,9.0,5.0,15.0,14.0,54.0,18.0,18.0,53.0,34.0
2052500112,2025-26,2025-11-28,8,1612709915,Maine Celtics,MNE,Westchester Knicks,AWAY,W,98.0,84.0,98.0,33.0,76.0,43.42,22.0,39.0,56.41,11.0,37.0,29.73,11.0,13.0,84.62,8.0,32.0,40.0,20.0,12.0,14.0,16.0,26.0,42.0,6.0,28.0,32.0,13.0
2052500127,2025-26,2025-11-30,9,1612709915,Maine Celtics,MNE,Westchester Knicks,AWAY,W,122.0,95.0,122.0,48.0,92.0,52.17,33.0,56.0,58.93,15.0,36.0,41.67,6.0,7.0,85.71,8.0,28.0,36.0,34.0,13.0,5.0,9.0,18.0,62.0,20.0,38.0,54.0,20.0
2052500156,2025-26,2025-12-06,10,1612709915,Maine Celtics,MNE,College Park Skyhawks,HOME,W,117.0,95.0,117.0,41.0,91.0,45.05,21.0,46.0,45.65,20.0,45.0,44.44,8.0,12.0,66.67,13.0,39.0,52.0,27.0,6.0,5.0,10.0,11.0,38.0,15.0,13.0,43.0,16.0
2052500162,2025-26,2025-12-07,11,1612709915,Maine Celtics,MNE,College Park Skyhawks,HOME,W,118.0,95.0,118.0,45.0,92.0,48.91,32.0,58.0,55.17,13.0,34.0,38.24,10.0,15.0,66.67,11.0,36.0,47.0,34.0,10.0,2.0,11.0,12.0,62.0,20.0,32.0,51.0,16.0
2052500175,2025-26,2025-12-10,12,1612709915,Maine Celtics,MNE,Capital City Go-Go,AWAY,W,112.0,101.0,112.0,41.0,85.0,48.24,28.0,51.0,54.9,13.0,34.0,38.24,10.0,11.0,90.91,11.0,40.0,51.0,26.0,5.0,7.0,15.0,12.0,50.0,16.0,9.0,37.0,14.0
2052500188,2025-26,2025-12-12,13,1612709915,Maine Celtics,MNE,Capital City Go-Go,AWAY,L,77.0,111.0,77.0,29.0,75.0,38.67,21.0,40.0,52.5,8.0,35.0,22.86,6.0,13.0,46.15,7.0,27.0,34.0,19.0,7.0,6.0,19.0,13.0,42.0,8.0,12.0,32.0,10.0
2052500200,2025-26,2025-12-14,14,1612709915,Maine Celtics,MNE,Raptors 905,HOME,L,107.0,112.0,107.0,40.0,81.0,49.38,28.0,44.0,63.64,12.0,37.0,32.43,9.0,10.0,90.0,7.0,27.0,34.0,30.0,9.0,8.0,20.0,17.0,52.0,13.0,17.0,38.0,13.0
2022500003,2025-26,2025-12-19,15,1612709915,Maine Celtics,MNE,Salt Lake City Stars,AWAY,L,107.0,123.0,107.0,37.0,93.0,39.78,19.0,40.0,47.5,18.0,53.0,33.96,8.0,10.0,80.0,8.0,28.0,36.0,25.0,13.0,3.0,17.0,16.0,38.0,12.0,24.0,18.0,28.0
2022500017,2025-26,2025-12-21,16,1612709915,Maine Celtics,MNE,Austin Spurs,HOME,W,123.0,114.0,123.0,40.0,99.0,40.4,28.0,59.0,47.46,12.0,40.0,30.0,19.0,21.0,90.48,15.0,29.0,44.0,26.0,10.0,8.0,19.0,18.0,56.0,26.0,36.0,22.0,15.0
2022500039,2025-26,2025-12-27,17,1612709915,Maine Celtics,MNE,Raptors 905,AWAY,L,92.0,125.0,92.0,34.0,82.0,41.46,28.0,50.0,56.0,6.0,32.0,18.75,11.0,18.0,61.11,16.0,26.0,42.0,18.0,7.0,7.0,21.0,14.0,54.0,23.0,14.0,57.0,13.0
2022500050,2025-26,2025-12-28,18,1612709915,Maine Celtics,MNE,Raptors 905,AWAY,L,100.0,124.0,100.0,40.0,90.0,44.44,33.0,55.0,60.0,7.0,35.0,20.0,9.0,13.0,69.23,12.0,33.0,45.0,24.0,8.0,7.0,21.0,15.0,64.0,22.0,21.0,41.0,16.0
2022500065,2025-26,2025-12-31,19,1612709915,Maine Celtics,MNE,Noblesville Boom,HOME,L,122.0,123.0,122.0,46.0,86.0,53.49,31.0,49.0,63.27,15.0,37.0,40.54,11.0,17.0,64.71,12.0,32.0,44.0,34.0,12.0,6.0,21.0,18.0,60.0,19.0,22.0,42.0,13.0
2022500074,2025-26,2026-01-02,20,1612709915,Maine Celtics,MNE,Noblesville Boom,HOME,W,108.0,100.0,108.0,41.0,89.0,46.07,29.0,52.0,55.77,12.0,37.0,32.43,9.0,15.0,60.0,16.0,32.0,48.0,25.0,10.0,7.0,13.0,17.0,58.0,18.0,15.0,23.0,7.0
2022500081,2025-26,2026-01-03,21,1612709915,Maine Celtics,MNE,Capital City Go-Go,HOME,W,112.0,109.0,112.0,39.0,81.0,48.15,32.0,49.0,65.31,7.0,32.0,21.88,14.0,18.0,77.78,11.0,37.0,48.0,19.0,10.0,2.0,22.0,12.0,60.0,20.0,16.0,31.0,10.0
2022500109,2025-26,2026-01-08,22,1612709915,Maine Celtics,MNE,Salt Lake City Stars,HOME,W,102.0,94.0,102.0,39.0,87.0,44.83,28.0,57.0,49.12,11.0,30.0,36.67,10.0,10.0,100.0,8.0,36.0,44.0,25.0,12.0,9.0,15.0,21.0,50.0,4.0,20.0,23.0,18.0
2022500115,2025-26,2026-01-09,23,1612709915,Maine Celtics,MNE,Salt Lake City Stars,HOME,W,107.0,102.0,107.0,39.0,75.0,52.0,29.0,44.0,65.91,10.0,31.0,32.26,12.0,18.0,66.67,14.0,32.0,46.0,23.0,10.0,6.0,19.0,16.0,54.0,13.0,21.0,41.0,17.0
2022500146,2025-26,2026-01-14,24,1612709915,Maine Celtics,MNE,Wisconsin Herd,AWAY,W,114.0,106.0,114.0,40.0,84.0,47.62,24.0,48.0,50.0,16.0,36.0,44.44,10.0,15.0,66.67,9.0,26.0,35.0,25.0,12.0,7.0,12.0,19.0,48.0,10.0,22.0,26.0,14.0
2022500159,2025-26,2026-01-16,25,1612709915,Maine Celtics,MNE,Wisconsin Herd,AWAY,L,98.0,113.0,98.0,34.0,87.0,39.08,24.0,50.0,48.0,10.0,37.0,27.03,11.0,18.0,61.11,11.0,26.0,37.0,18.0,13.0,3.0,14.0,16.0,44.0,11.0,18.0,20.0,11.0
2022500168,2025-26,2026-01-18,26,1612709915,Maine Celtics,MNE,College Park Skyhawks,AWAY,W,112.0,103.0,112.0,40.0,83.0,48.19,29.0,54.0,53.7,11.0,29.0,37.93,12.0,16.0,75.0,9.0,47.0,56.0,26.0,11.0,8.0,20.0,19.0,56.0,6.0,14.0,36.0,29.0
2022500187,2025-26,2026-01-21,27,1612709915,Maine Celtics,MNE,College Park Skyhawks,AWAY,W,121.0,115.0,121.0,45.0,99.0,45.45,30.0,60.0,50.0,15.0,39.0,38.46,10.0,13.0,76.92,17.0,34.0,51.0,29.0,16.0,6.0,14.0,22.0,54.0,23.0,28.0,36.0,22.0
2022500198,2025-26,2026-01-23,28,1612709915,Maine Celtics,MNE,Greensboro Swarm,HOME,L,112.0,122.0,112.0,43.0,99.0,43.43,33.0,65.0,50.77,10.0,34.0,29.41,9.0,11.0,81.82,11.0,25.0,36.0,26.0,10.0,6.0,6.0,16.0,58.0,16.0,22.0,35.0,11.0
2022500214,2025-26,2026-01-25,29,1612709915,Maine Celtics,MNE,Greensboro Swarm,HOME,W,147.0,138.0,147.0,49.0,91.0,53.85,27.0,48.0,56.25,22.0,43.0,51.16,19.0,20.0,95.0,7.0,30.0,37.0,31.0,7.0,4.0,8.0,11.0,50.0,25.0,18.0,34.0,16.0
2022500231,2025-26,2026-01-29,30,1612709915,Maine Celtics,MNE,Grand Rapids Gold,HOME,L,119.0,122.0,119.0,39.0,104.0,37.5,19.0,49.0,38.78,20.0,55.0,36.36,12.0,13.0,92.31,16.0,31.0,47.0,21.0,15.0,3.0,9.0,18.0,32.0,12.0,15.0,34.0,18.0
2022500242,2025-26,2026-01-31,31,1612709915,Maine Celtics,MNE,Westchester Knicks,HOME,W,108.0,98.0,108.0,42.0,87.0,48.28,33.0,56.0,58.93,9.0,31.0,29.03,8.0,13.0,61.54,10.0,34.0,44.0,31.0,12.0,2.0,8.0,14.0,64.0,10.0,21.0,29.0,25.0
2022500250,2025-26,2026-02-01,32,1612709915,Maine Celtics,MNE,Westchester Knicks,HOME,L,110.0,117.0,110.0,40.0,97.0,41.24,25.0,56.0,44.64,15.0,41.0,36.59,8.0,11.0,72.73,22.0,30.0,52.0,25.0,8.0,3.0,13.0,11.0,48.0,22.0,26.0,47.0,11.0
2022500270,2025-26,2026-02-04,33,1612709915,Maine Celtics,MNE,Sioux Falls Skyforce,AWAY,W,117.0,116.0,117.0,42.0,104.0,40.38,29.0,64.0,45.31,13.0,40.0,32.5,12.0,19.0,63.16,16.0,28.0,44.0,28.0,12.0,6.0,12.0,18.0,50.0,19.0,35.0,30.0,8.0
2022500279,2025-26,2026-02-06,34,1612709915,Maine Celtics,MNE,Sioux Falls Skyforce,AWAY,L,112.0,134.0,112.0,41.0,91.0,45.05,27.0,43.0,62.79,14.0,48.0,29.17,10.0,12.0,83.33,14.0,23.0,37.0,29.0,9.0,3.0,21.0,12.0,48.0,17.0,20.0,19.0,14.0
2022500288,2025-26,2026-02-07,35,1612709915,Maine Celtics,MNE,Iowa Wolves,AWAY,L,120.0,123.0,120.0,45.0,97.0,46.39,26.0,52.0,50.0,19.0,45.0,42.22,7.0,10.0,70.0,15.0,21.0,36.0,23.0,13.0,2.0,8.0,15.0,44.0,18.0,22.0,25.0,20.0
2022500306,2025-26,2026-02-11,36,1612709915,Maine Celtics,MNE,Motor City Cruise,HOME,L,103.0,109.0,103.0,34.0,77.0,44.16,24.0,49.0,48.98,10.0,28.0,35.71,13.0,15.0,86.67,11.0,22.0,33.0,19.0,9.0,12.0,17.0,21.0,40.0,15.0,22.0,40.0,9.0
2022500316,2025-26,2026-02-12,37,1612709915,Maine Celtics,MNE,Motor City Cruise,HOME,L,108.0,123.0,108.0,40.0,86.0,46.51,24.0,48.0,50.0,16.0,38.0,42.11,8.0,11.0,72.73,11.0,25.0,36.0,27.0,10.0,6.0,14.0,16.0,46.0,19.0,22.0,20.0,19.0
2022500324,2025-26,2026-02-19,38,1612709915,Maine Celtics,MNE,Delaware Blue Coats,AWAY,L,120.0,127.0,120.0,49.0,103.0,47.57,38.0,69.0,55.07,11.0,34.0,32.35,6.0,10.0,60.0,18.0,25.0,43.0,31.0,11.0,7.0,11.0,18.0,68.0,20.0,20.0,24.0,13.0
2022500340,2025-26,2026-02-21,39,1612709915,Maine Celtics,MNE,Delaware Blue Coats,AWAY,W,102.0,101.0,102.0,39.0,84.0,46.43,28.0,49.0,57.14,11.0,35.0,31.43,6.0,6.0,100.0,9.0,27.0,36.0,25.0,16.0,7.0,15.0,23.0,52.0,10.0,28.0,22.0,25.0
2022500368,2025-26,2026-02-25,40,1612709915,Maine Celtics,MNE,Long Island Nets,AWAY,L,109.0,116.0,109.0,37.0,80.0,46.25,17.0,42.0,40.48,20.0,38.0,52.63,8.0,15.0,53.33,13.0,29.0,42.0,28.0,8.0,7.0,16.0,15.0,34.0,8.0,11.0,22.0,13.0
2022500378,2025-26,2026-02-27,41,1612709915,Maine Celtics,MNE,Windy City Bulls,HOME,L,106.0,121.0,106.0,36.0,77.0,46.75,26.0,44.0,59.09,10.0,33.0,30.3,12.0,17.0,70.59,11.0,31.0,42.0,21.0,5.0,7.0,18.0,12.0,50.0,19.0,10.0,26.0,7.0
2022500388,2025-26,2026-03-01,42,1612709915,Maine Celtics,MNE,Windy City Bulls,HOME,W,122.0,97.0,122.0,48.0,87.0,55.17,35.0,59.0,59.32,13.0,28.0,46.43,8.0,11.0,72.73,13.0,43.0,56.0,34.0,14.0,7.0,30.0,21.0,64.0,13.0,25.0,64.0,11.0
2022500430,2025-26,2026-03-08,43,1612709915,Maine Celtics,MNE,Osceola Magic,AWAY,L,103.0,134.0,103.0,37.0,96.0,38.54,29.0,52.0,55.77,8.0,44.0,18.18,11.0,20.0,55.0,21.0,26.0,47.0,20.0,11.0,3.0,20.0,14.0,52.0,19.0,23.0,44.0,11.0
2022500441,2025-26,2026-03-10,44,1612709915,Maine Celtics,MNE,Osceola Magic,AWAY,W,119.0,112.0,119.0,39.0,74.0,52.7,22.0,40.0,55.0,17.0,34.0,50.0,14.0,18.0,77.78,8.0,37.0,45.0,22.0,8.0,3.0,18.0,11.0,38.0,10.0,24.0,37.0,12.0
2022500459,2025-26,2026-03-13,45,1612709915,Maine Celtics,MNE,Grand Rapids Gold,HOME,W,96.0,91.0,96.0,36.0,78.0,46.15,26.0,44.0,59.09,10.0,34.0,29.41,11.0,16.0,68.75,11.0,35.0,46.0,24.0,10.0,2.0,12.0,12.0,42.0,8.0,16.0,29.0,10.0
2022500476,2025-26,2026-03-16,46,1612709915,Maine Celtics,MNE,Birmingham Squadron,AWAY,L,143.0,144.0,143.0,48.0,83.0,57.83,36.0,49.0,73.47,12.0,34.0,35.29,21.0,22.0,95.45,6.0,28.0,34.0,29.0,12.0,4.0,16.0,16.0,60.0,9.0,30.0,67.0,17.0
2022500484,2025-26,2026-03-17,47,1612709915,Maine Celtics,MNE,Birmingham Squadron,AWAY,L,106.0,122.0,106.0,40.0,89.0,44.94,28.0,48.0,58.33,12.0,41.0,29.27,8.0,13.0,61.54,9.0,27.0,36.0,23.0,6.0,3.0,8.0,9.0,48.0,11.0,13.0,34.0,12.0
2022500355,2025-26,2026-03-19,48,1612709915,Maine Celtics,MNE,Long Island Nets,AWAY,W,114.0,104.0,114.0,36.0,79.0,45.57,28.0,52.0,53.85,8.0,27.0,29.63,23.0,24.0,95.83,19.0,33.0,52.0,22.0,7.0,6.0,22.0,13.0,52.0,21.0,16.0,46.0,17.0
2022500513,2025-26,2026-03-22,49,1612709915,Maine Celtics,MNE,Cleveland Charge,HOME,W,121.0,91.0,121.0,43.0,90.0,47.78,25.0,46.0,54.35,18.0,44.0,40.91,9.0,9.0,100.0,11.0,43.0,54.0,28.0,8.0,5.0,16.0,13.0,44.0,18.0,16.0,46.0,17.0
2022500524,2025-26,2026-03-24,50,1612709915,Maine Celtics,MNE,Cleveland Charge,HOME,W,130.0,105.0,130.0,49.0,83.0,59.04,33.0,50.0,66.0,16.0,33.0,48.48,10.0,15.0,66.67,8.0,32.0,40.0,38.0,10.0,10.0,14.0,20.0,66.0,14.0,31.0,60.0,14.0
2052500017,2025-26,2025-11-08,1,1612709926,Memphis Hustle,MHU,Mexico City Capitanes,HOME,W,133.0,117.0,133.0,47.0,76.0,61.84,42.0,56.0,75.0,5.0,20.0,25.0,22.0,26.0,84.62,10.0,31.0,41.0,25.0,11.0,7.0,24.0,18.0,82.0,23.0,23.0,37.0,23.0
2052500025,2025-26,2025-11-09,2,1612709926,Memphis Hustle,MHU,Mexico City Capitanes,HOME,W,109.0,103.0,109.0,38.0,87.0,43.68,26.0,50.0,52.0,12.0,37.0,32.43,13.0,17.0,76.47,16.0,31.0,47.0,23.0,11.0,5.0,18.0,16.0,48.0,20.0,21.0,43.0,21.0
2052500031,2025-26,2025-11-11,3,1612709926,Memphis Hustle,MHU,Texas Legends,AWAY,L,105.0,118.0,105.0,37.0,105.0,35.24,24.0,66.0,36.36,13.0,39.0,33.33,10.0,13.0,76.92,17.0,30.0,47.0,23.0,12.0,4.0,13.0,16.0,42.0,19.0,20.0,46.0,26.0
2052500039,2025-26,2025-11-13,4,1612709926,Memphis Hustle,MHU,Oklahoma City Blue,AWAY,W,122.0,119.0,122.0,40.0,94.0,42.55,21.0,48.0,43.75,19.0,46.0,41.3,12.0,14.0,85.71,5.0,33.0,38.0,24.0,14.0,9.0,14.0,23.0,40.0,15.0,31.0,45.0,15.0
2052500054,2025-26,2025-11-15,5,1612709926,Memphis Hustle,MHU,Austin Spurs,HOME,L,98.0,120.0,98.0,32.0,94.0,34.04,22.0,50.0,44.0,10.0,44.0,22.73,14.0,20.0,70.0,20.0,19.0,39.0,24.0,16.0,6.0,17.0,22.0,42.0,16.0,32.0,35.0,12.0
2052500062,2025-26,2025-11-16,6,1612709926,Memphis Hustle,MHU,Austin Spurs,HOME,L,111.0,125.0,111.0,38.0,88.0,43.18,27.0,52.0,51.92,11.0,36.0,30.56,13.0,14.0,92.86,11.0,25.0,36.0,22.0,10.0,6.0,20.0,16.0,46.0,15.0,24.0,45.0,11.0
2052500071,2025-26,2025-11-19,7,1612709926,Memphis Hustle,MHU,Rio Grande Valley Vipers,HOME,L,125.0,130.0,125.0,44.0,89.0,49.44,30.0,56.0,53.57,14.0,33.0,42.42,14.0,18.0,77.78,14.0,35.0,49.0,24.0,12.0,4.0,23.0,16.0,60.0,21.0,17.0,43.0,20.0
2052500083,2025-26,2025-11-21,8,1612709926,Memphis Hustle,MHU,Rio Grande Valley Vipers,HOME,L,107.0,110.0,107.0,37.0,80.0,46.25,28.0,52.0,53.85,9.0,28.0,32.14,15.0,22.0,68.18,12.0,28.0,40.0,16.0,9.0,5.0,25.0,14.0,48.0,12.0,24.0,33.0,15.0
2052500105,2025-26,2025-11-25,9,1612709926,Memphis Hustle,MHU,Oklahoma City Blue,AWAY,L,84.0,114.0,84.0,31.0,86.0,36.05,22.0,49.0,44.9,9.0,37.0,24.32,8.0,13.0,61.54,1.0,27.0,28.0,16.0,5.0,3.0,11.0,8.0,36.0,6.0,19.0,42.0,9.0
2052500141,2025-26,2025-12-03,10,1612709926,Memphis Hustle,MHU,Birmingham Squadron,AWAY,L,85.0,118.0,85.0,28.0,91.0,30.77,21.0,52.0,40.38,7.0,39.0,17.95,14.0,18.0,77.78,19.0,26.0,45.0,17.0,9.0,3.0,13.0,12.0,40.0,19.0,23.0,14.0,13.0
2052500154,2025-26,2025-12-05,11,1612709926,Memphis Hustle,MHU,Birmingham Squadron,AWAY,W,124.0,99.0,124.0,48.0,93.0,51.61,31.0,53.0,58.49,17.0,40.0,42.5,7.0,8.0,87.5,15.0,33.0,48.0,31.0,13.0,5.0,14.0,18.0,54.0,13.0,25.0,37.0,31.0
2052500184,2025-26,2025-12-11,12,1612709926,Memphis Hustle,MHU,Osceola Magic,HOME,W,132.0,121.0,132.0,44.0,83.0,53.01,26.0,46.0,56.52,18.0,37.0,48.65,15.0,18.0,83.33,13.0,41.0,54.0,28.0,9.0,5.0,25.0,14.0,50.0,14.0,11.0,48.0,28.0
2052500204,2025-26,2025-12-14,13,1612709926,Memphis Hustle,MHU,Osceola Magic,AWAY,W,121.0,119.0,121.0,41.0,84.0,48.81,33.0,59.0,55.93,8.0,25.0,32.0,21.0,28.0,75.0,16.0,39.0,55.0,27.0,13.0,7.0,26.0,20.0,64.0,17.0,16.0,43.0,22.0
2052500212,2025-26,2025-12-16,14,1612709926,Memphis Hustle,MHU,Osceola Magic,AWAY,W,125.0,122.0,125.0,38.0,86.0,44.19,25.0,50.0,50.0,13.0,36.0,36.11,24.0,28.0,85.71,15.0,26.0,41.0,25.0,14.0,3.0,22.0,17.0,42.0,20.0,33.0,39.0,13.0
2022500005,2025-26,2025-12-19,15,1612709926,Memphis Hustle,MHU,Cleveland Charge,HOME,L,107.0,118.0,107.0,44.0,92.0,47.83,34.0,57.0,59.65,10.0,35.0,28.57,5.0,10.0,50.0,15.0,22.0,37.0,31.0,15.0,5.0,17.0,20.0,64.0,17.0,32.0,40.0,9.0
2022500014,2025-26,2025-12-20,16,1612709926,Memphis Hustle,MHU,Windy City Bulls,AWAY,L,102.0,110.0,102.0,37.0,103.0,35.92,29.0,65.0,44.62,8.0,38.0,21.05,12.0,18.0,66.67,28.0,23.0,51.0,19.0,13.0,5.0,12.0,18.0,58.0,26.0,24.0,32.0,9.0
2022500041,2025-26,2025-12-27,17,1612709926,Memphis Hustle,MHU,Valley Suns,HOME,W,117.0,116.0,117.0,43.0,95.0,45.26,29.0,58.0,50.0,14.0,37.0,37.84,10.0,12.0,83.33,15.0,30.0,45.0,23.0,15.0,4.0,13.0,19.0,50.0,17.0,25.0,36.0,21.0
2022500057,2025-26,2025-12-29,18,1612709926,Memphis Hustle,MHU,Valley Suns,HOME,L,107.0,109.0,107.0,40.0,97.0,41.24,33.0,66.0,50.0,7.0,31.0,22.58,12.0,13.0,92.31,23.0,34.0,57.0,19.0,9.0,3.0,21.0,12.0,60.0,37.0,17.0,53.0,14.0
2022500069,2025-26,2025-12-31,19,1612709926,Memphis Hustle,MHU,Salt Lake City Stars,AWAY,L,130.0,144.0,130.0,47.0,97.0,48.45,34.0,62.0,54.84,13.0,35.0,37.14,14.0,20.0,70.0,11.0,27.0,38.0,26.0,14.0,5.0,15.0,19.0,62.0,12.0,36.0,28.0,23.0
2022500087,2025-26,2026-01-03,20,1612709926,Memphis Hustle,MHU,South Bay Lakers,AWAY,L,121.0,125.0,121.0,45.0,95.0,47.37,27.0,63.0,42.86,18.0,32.0,56.25,7.0,15.0,46.67,14.0,25.0,39.0,27.0,11.0,1.0,13.0,12.0,48.0,9.0,28.0,48.0,24.0
2022500102,2025-26,2026-01-06,21,1612709926,Memphis Hustle,MHU,South Bay Lakers,AWAY,L,101.0,113.0,101.0,39.0,89.0,43.82,29.0,60.0,48.33,10.0,29.0,34.48,8.0,17.0,47.06,14.0,25.0,39.0,19.0,10.0,4.0,18.0,14.0,56.0,10.0,22.0,43.0,9.0
2022500140,2025-26,2026-01-13,22,1612709926,Memphis Hustle,MHU,Sioux Falls Skyforce,HOME,L,107.0,119.0,107.0,39.0,99.0,39.39,26.0,60.0,43.33,13.0,39.0,33.33,9.0,13.0,69.23,18.0,25.0,43.0,26.0,10.0,3.0,12.0,13.0,52.0,18.0,27.0,25.0,18.0
2022500147,2025-26,2026-01-14,23,1612709926,Memphis Hustle,MHU,Texas Legends,HOME,L,123.0,132.0,123.0,47.0,82.0,57.32,37.0,52.0,71.15,10.0,30.0,33.33,12.0,15.0,80.0,8.0,29.0,37.0,33.0,6.0,8.0,15.0,14.0,72.0,12.0,16.0,45.0,22.0
2022500174,2025-26,2026-01-18,24,1612709926,Memphis Hustle,MHU,Rip City Remix,AWAY,L,105.0,108.0,105.0,35.0,94.0,37.23,23.0,55.0,41.82,12.0,39.0,30.77,15.0,19.0,78.95,16.0,37.0,53.0,23.0,5.0,7.0,17.0,12.0,44.0,25.0,15.0,30.0,7.0
2022500180,2025-26,2026-01-19,25,1612709926,Memphis Hustle,MHU,Rip City Remix,AWAY,L,109.0,119.0,109.0,41.0,95.0,43.16,30.0,55.0,54.55,11.0,40.0,27.5,10.0,13.0,76.92,10.0,17.0,27.0,28.0,19.0,2.0,10.0,21.0,52.0,11.0,33.0,37.0,16.0
2022500189,2025-26,2026-01-21,26,1612709926,Memphis Hustle,MHU,Salt Lake City Stars,AWAY,W,117.0,116.0,117.0,46.0,98.0,46.94,39.0,74.0,52.7,7.0,24.0,29.17,11.0,14.0,78.57,15.0,31.0,46.0,23.0,9.0,9.0,11.0,18.0,76.0,26.0,23.0,55.0,23.0
2022500207,2025-26,2026-01-24,27,1612709926,Memphis Hustle,MHU,Iowa Wolves,AWAY,L,109.0,127.0,109.0,44.0,91.0,48.35,34.0,61.0,55.74,10.0,30.0,33.33,6.0,13.0,46.15,8.0,24.0,32.0,24.0,8.0,4.0,11.0,12.0,66.0,12.0,29.0,14.0,24.0
2022500238,2025-26,2026-01-30,28,1612709926,Memphis Hustle,MHU,Cleveland Charge,AWAY,L,117.0,131.0,117.0,45.0,101.0,44.55,32.0,62.0,51.61,13.0,39.0,33.33,9.0,13.0,69.23,12.0,29.0,41.0,29.0,11.0,2.0,10.0,13.0,60.0,23.0,26.0,22.0,19.0
2022500255,2025-26,2026-02-01,29,1612709926,Memphis Hustle,MHU,Motor City Cruise,AWAY,W,120.0,109.0,120.0,40.0,73.0,54.79,30.0,47.0,63.83,10.0,26.0,38.46,17.0,24.0,70.83,7.0,38.0,45.0,29.0,6.0,6.0,21.0,12.0,56.0,9.0,19.0,25.0,15.0
2022500262,2025-26,2026-02-03,30,1612709926,Memphis Hustle,MHU,Motor City Cruise,AWAY,L,105.0,135.0,105.0,39.0,86.0,45.35,30.0,57.0,52.63,9.0,29.0,31.03,10.0,17.0,58.82,13.0,26.0,39.0,23.0,12.0,6.0,19.0,18.0,58.0,23.0,15.0,34.0,11.0
2022500278,2025-26,2026-02-06,31,1612709926,Memphis Hustle,MHU,San Diego Clippers,HOME,L,105.0,116.0,105.0,39.0,91.0,42.86,26.0,51.0,50.98,13.0,40.0,32.5,8.0,10.0,80.0,9.0,31.0,40.0,25.0,12.0,4.0,10.0,16.0,50.0,8.0,20.0,38.0,33.0
2022500294,2025-26,2026-02-08,32,1612709926,Memphis Hustle,MHU,San Diego Clippers,HOME,L,106.0,109.0,106.0,40.0,92.0,43.48,29.0,56.0,51.79,11.0,36.0,30.56,10.0,13.0,76.92,8.0,34.0,42.0,26.0,13.0,8.0,13.0,21.0,58.0,12.0,25.0,46.0,25.0
2022500304,2025-26,2026-02-11,33,1612709926,Memphis Hustle,MHU,Santa Cruz Warriors,HOME,W,108.0,107.0,108.0,35.0,85.0,41.18,20.0,49.0,40.82,15.0,36.0,41.67,13.0,20.0,65.0,7.0,38.0,45.0,22.0,6.0,9.0,12.0,15.0,40.0,11.0,13.0,37.0,20.0
2022500318,2025-26,2026-02-12,34,1612709926,Memphis Hustle,MHU,Santa Cruz Warriors,HOME,L,116.0,134.0,116.0,43.0,95.0,45.26,31.0,58.0,53.45,12.0,37.0,32.43,11.0,19.0,57.89,15.0,30.0,45.0,27.0,8.0,3.0,15.0,11.0,60.0,11.0,20.0,24.0,15.0
2022500333,2025-26,2026-02-20,35,1612709926,Memphis Hustle,MHU,Stockton Kings,HOME,L,113.0,117.0,113.0,43.0,109.0,39.45,35.0,78.0,44.87,8.0,31.0,25.81,11.0,14.0,78.57,23.0,36.0,59.0,22.0,10.0,3.0,14.0,13.0,68.0,16.0,26.0,46.0,25.0
2022500348,2025-26,2026-02-22,36,1612709926,Memphis Hustle,MHU,Austin Spurs,AWAY,L,97.0,102.0,97.0,35.0,82.0,42.68,29.0,56.0,51.79,6.0,26.0,23.08,13.0,16.0,81.25,10.0,37.0,47.0,19.0,7.0,7.0,16.0,14.0,42.0,20.0,19.0,43.0,11.0
2022500361,2025-26,2026-02-24,37,1612709926,Memphis Hustle,MHU,Greensboro Swarm,HOME,L,105.0,126.0,105.0,37.0,91.0,40.66,27.0,59.0,45.76,10.0,32.0,31.25,12.0,19.0,63.16,9.0,32.0,41.0,24.0,6.0,5.0,14.0,11.0,48.0,22.0,14.0,21.0,6.0
2022500376,2025-26,2026-02-26,38,1612709926,Memphis Hustle,MHU,Wisconsin Herd,HOME,W,117.0,97.0,117.0,42.0,87.0,48.28,29.0,58.0,50.0,13.0,29.0,44.83,11.0,14.0,78.57,11.0,44.0,55.0,25.0,4.0,8.0,15.0,12.0,58.0,19.0,21.0,22.0,15.0
2022500380,2025-26,2026-02-27,39,1612709926,Memphis Hustle,MHU,Wisconsin Herd,HOME,L,126.0,134.0,126.0,41.0,99.0,41.41,26.0,62.0,41.94,15.0,37.0,40.54,16.0,18.0,88.89,15.0,21.0,36.0,23.0,10.0,4.0,9.0,14.0,48.0,20.0,26.0,31.0,18.0
2022500394,2025-26,2026-03-01,40,1612709926,Memphis Hustle,MHU,Austin Spurs,AWAY,L,118.0,121.0,118.0,41.0,86.0,47.67,27.0,49.0,55.1,14.0,37.0,37.84,13.0,22.0,59.09,13.0,35.0,48.0,22.0,8.0,2.0,11.0,10.0,48.0,19.0,21.0,31.0,7.0
2022500403,2025-26,2026-03-03,41,1612709926,Memphis Hustle,MHU,Texas Legends,HOME,W,135.0,113.0,135.0,52.0,97.0,53.61,36.0,67.0,53.73,16.0,30.0,53.33,9.0,12.0,75.0,12.0,37.0,49.0,32.0,9.0,7.0,10.0,16.0,72.0,21.0,23.0,60.0,33.0
2022500413,2025-26,2026-03-05,42,1612709926,Memphis Hustle,MHU,Sioux Falls Skyforce,HOME,L,82.0,119.0,82.0,27.0,87.0,31.03,18.0,45.0,40.0,9.0,42.0,21.43,10.0,16.0,62.5,11.0,36.0,47.0,17.0,13.0,4.0,25.0,17.0,36.0,13.0,25.0,31.0,13.0
2022500428,2025-26,2026-03-08,43,1612709926,Memphis Hustle,MHU,Iowa Wolves,AWAY,W,142.0,132.0,142.0,50.0,94.0,53.19,38.0,62.0,61.29,12.0,32.0,37.5,20.0,25.0,80.0,10.0,33.0,43.0,37.0,15.0,5.0,13.0,20.0,76.0,15.0,25.0,26.0,39.0
2022500473,2025-26,2026-03-14,44,1612709926,Memphis Hustle,MHU,Mexico City Capitanes,AWAY,L,122.0,125.0,122.0,45.0,92.0,48.91,36.0,61.0,59.02,9.0,31.0,29.03,18.0,21.0,85.71,9.0,22.0,31.0,30.0,20.0,2.0,15.0,22.0,66.0,19.0,37.0,28.0,23.0
2022500474,2025-26,2026-03-15,45,1612709926,Memphis Hustle,MHU,Mexico City Capitanes,AWAY,W,127.0,109.0,127.0,44.0,75.0,58.67,33.0,47.0,70.21,11.0,28.0,39.29,18.0,20.0,90.0,7.0,29.0,36.0,25.0,9.0,3.0,19.0,12.0,60.0,11.0,21.0,41.0,24.0
2022500219,2025-26,2026-03-19,46,1612709926,Memphis Hustle,MHU,Stockton Kings,HOME,W,126.0,121.0,126.0,44.0,88.0,50.0,34.0,59.0,57.63,10.0,29.0,34.48,20.0,24.0,83.33,17.0,33.0,50.0,23.0,6.0,4.0,15.0,10.0,60.0,27.0,11.0,30.0,14.0
2022500506,2025-26,2026-03-21,47,1612709926,Memphis Hustle,MHU,Oklahoma City Blue,HOME,W,115.0,108.0,115.0,36.0,83.0,43.37,22.0,45.0,48.89,14.0,38.0,36.84,19.0,26.0,73.08,8.0,37.0,45.0,18.0,10.0,9.0,12.0,19.0,40.0,8.0,17.0,33.0,8.0
2022500518,2025-26,2026-03-22,48,1612709926,Memphis Hustle,MHU,Oklahoma City Blue,HOME,L,115.0,125.0,115.0,39.0,81.0,48.15,23.0,44.0,52.27,16.0,37.0,43.24,12.0,17.0,70.59,6.0,23.0,29.0,18.0,11.0,6.0,14.0,17.0,46.0,8.0,28.0,38.0,18.0
2022500538,2025-26,2026-03-26,49,1612709926,Memphis Hustle,MHU,Rio Grande Valley Vipers,AWAY,L,107.0,121.0,107.0,41.0,84.0,48.81,33.0,51.0,64.71,8.0,33.0,24.24,10.0,15.0,66.67,12.0,39.0,51.0,23.0,5.0,1.0,27.0,6.0,60.0,16.0,17.0,14.0,9.0
2022500554,2025-26,2026-03-28,50,1612709926,Memphis Hustle,MHU,Rio Grande Valley Vipers,AWAY,W,120.0,118.0,120.0,45.0,89.0,50.56,33.0,56.0,58.93,12.0,33.0,36.36,11.0,14.0,78.57,15.0,39.0,54.0,23.0,6.0,8.0,25.0,14.0,60.0,21.0,12.0,19.0,13.0
2052500017,2025-26,2025-11-08,1,1612709931,Mexico City Capitanes,MXC,Memphis Hustle,AWAY,L,117.0,133.0,117.0,41.0,91.0,45.05,25.0,48.0,52.08,16.0,43.0,37.21,11.0,16.0,68.75,15.0,15.0,30.0,24.0,11.0,4.0,19.0,15.0,42.0,14.0,32.0,31.0,5.0
2052500025,2025-26,2025-11-09,2,1612709931,Mexico City Capitanes,MXC,Memphis Hustle,AWAY,L,103.0,109.0,103.0,36.0,81.0,44.44,28.0,47.0,59.57,8.0,34.0,23.53,12.0,16.0,75.0,11.0,28.0,39.0,22.0,11.0,5.0,14.0,16.0,54.0,12.0,20.0,24.0,14.0
2052500036,2025-26,2025-11-13,3,1612709931,Mexico City Capitanes,MXC,Osceola Magic,AWAY,L,111.0,117.0,111.0,35.0,77.0,45.45,21.0,43.0,48.84,14.0,34.0,41.18,15.0,18.0,83.33,7.0,28.0,35.0,20.0,8.0,4.0,16.0,12.0,42.0,15.0,18.0,37.0,14.0
2052500063,2025-26,2025-11-16,4,1612709931,Mexico City Capitanes,MXC,Oklahoma City Blue,HOME,W,121.0,107.0,121.0,36.0,75.0,48.0,19.0,34.0,55.88,17.0,41.0,41.46,18.0,19.0,94.74,12.0,27.0,39.0,30.0,7.0,12.0,19.0,19.0,34.0,19.0,19.0,53.0,9.0
2052500066,2025-26,2025-11-17,5,1612709931,Mexico City Capitanes,MXC,Oklahoma City Blue,HOME,W,106.0,91.0,106.0,31.0,74.0,41.89,15.0,32.0,46.88,16.0,42.0,38.1,16.0,17.0,94.12,9.0,36.0,45.0,17.0,4.0,6.0,17.0,10.0,28.0,8.0,14.0,38.0,7.0
2052500097,2025-26,2025-11-23,6,1612709931,Mexico City Capitanes,MXC,Birmingham Squadron,HOME,W,120.0,97.0,120.0,44.0,95.0,46.32,26.0,50.0,52.0,18.0,45.0,40.0,8.0,11.0,72.73,21.0,38.0,59.0,28.0,14.0,7.0,20.0,21.0,52.0,28.0,32.0,43.0,25.0
2052500103,2025-26,2025-11-24,7,1612709931,Mexico City Capitanes,MXC,Birmingham Squadron,HOME,W,115.0,102.0,115.0,37.0,86.0,43.02,20.0,44.0,45.45,17.0,42.0,40.48,17.0,20.0,85.0,14.0,32.0,46.0,28.0,10.0,5.0,15.0,15.0,40.0,14.0,22.0,48.0,11.0
2052500115,2025-26,2025-11-28,8,1612709931,Mexico City Capitanes,MXC,Texas Legends,AWAY,L,101.0,110.0,101.0,40.0,97.0,41.24,32.0,67.0,47.76,8.0,30.0,26.67,6.0,8.0,75.0,14.0,30.0,44.0,22.0,7.0,4.0,13.0,11.0,56.0,19.0,24.0,21.0,10.0
2052500122,2025-26,2025-11-29,9,1612709931,Mexico City Capitanes,MXC,Texas Legends,AWAY,L,97.0,119.0,97.0,40.0,93.0,43.01,33.0,66.0,50.0,7.0,27.0,25.93,8.0,14.0,57.14,11.0,25.0,36.0,19.0,10.0,5.0,17.0,15.0,56.0,24.0,7.0,19.0,7.0
2052500135,2025-26,2025-12-01,10,1612709931,Mexico City Capitanes,MXC,Texas Legends,HOME,W,119.0,105.0,119.0,47.0,103.0,45.63,33.0,68.0,48.53,14.0,35.0,40.0,9.0,13.0,69.23,14.0,39.0,53.0,33.0,11.0,5.0,13.0,16.0,62.0,15.0,23.0,27.0,19.0
2052500147,2025-26,2025-12-04,11,1612709931,Mexico City Capitanes,MXC,Rio Grande Valley Vipers,AWAY,L,107.0,125.0,107.0,38.0,72.0,52.78,22.0,35.0,62.86,16.0,37.0,43.24,8.0,14.0,57.14,11.0,27.0,38.0,25.0,7.0,3.0,22.0,10.0,42.0,11.0,19.0,41.0,10.0
2052500159,2025-26,2025-12-06,12,1612709931,Mexico City Capitanes,MXC,Rio Grande Valley Vipers,AWAY,W,118.0,113.0,118.0,43.0,90.0,47.78,29.0,56.0,51.79,14.0,34.0,41.18,13.0,15.0,86.67,19.0,35.0,54.0,28.0,9.0,1.0,19.0,10.0,56.0,31.0,13.0,38.0,10.0
2052500168,2025-26,2025-12-08,13,1612709931,Mexico City Capitanes,MXC,Austin Spurs,HOME,L,107.0,110.0,107.0,36.0,82.0,43.9,25.0,40.0,62.5,11.0,42.0,26.19,14.0,19.0,73.68,12.0,30.0,42.0,20.0,12.0,3.0,22.0,15.0,44.0,12.0,40.0,40.0,14.0
2052500179,2025-26,2025-12-10,14,1612709931,Mexico City Capitanes,MXC,Austin Spurs,HOME,L,104.0,117.0,104.0,38.0,90.0,42.22,22.0,53.0,41.51,16.0,37.0,43.24,6.0,9.0,66.67,14.0,31.0,45.0,27.0,9.0,8.0,19.0,17.0,44.0,17.0,17.0,49.0,13.0
2022500010,2025-26,2025-12-20,15,1612709931,Mexico City Capitanes,MXC,Long Island Nets,HOME,W,111.0,102.0,111.0,38.0,86.0,44.19,25.0,49.0,51.02,13.0,37.0,35.14,15.0,19.0,78.95,10.0,32.0,42.0,28.0,17.0,7.0,18.0,24.0,40.0,11.0,27.0,59.0,24.0
2022500030,2025-26,2025-12-22,16,1612709931,Mexico City Capitanes,MXC,Osceola Magic,AWAY,L,112.0,119.0,112.0,44.0,93.0,47.31,32.0,56.0,57.14,12.0,37.0,32.43,7.0,8.0,87.5,15.0,22.0,37.0,28.0,13.0,6.0,15.0,19.0,58.0,15.0,30.0,52.0,14.0
2022500040,2025-26,2025-12-27,17,1612709931,Mexico City Capitanes,MXC,Austin Spurs,AWAY,L,105.0,109.0,105.0,39.0,86.0,45.35,30.0,59.0,50.85,9.0,27.0,33.33,10.0,16.0,62.5,16.0,26.0,42.0,19.0,8.0,4.0,24.0,12.0,54.0,22.0,39.0,41.0,10.0
2022500053,2025-26,2025-12-29,18,1612709931,Mexico City Capitanes,MXC,Oklahoma City Blue,AWAY,W,130.0,123.0,130.0,48.0,91.0,52.75,32.0,52.0,61.54,16.0,39.0,41.03,13.0,16.0,81.25,12.0,25.0,37.0,38.0,15.0,4.0,11.0,19.0,60.0,15.0,21.0,64.0,19.0
2022500062,2025-26,2025-12-30,19,1612709931,Mexico City Capitanes,MXC,Oklahoma City Blue,AWAY,W,102.0,90.0,102.0,34.0,87.0,39.08,21.0,49.0,42.86,13.0,38.0,34.21,11.0,12.0,91.67,16.0,34.0,50.0,20.0,11.0,5.0,17.0,16.0,42.0,22.0,19.0,42.0,12.0
2022500093,2025-26,2026-01-04,20,1612709931,Mexico City Capitanes,MXC,Texas Legends,HOME,W,118.0,113.0,118.0,41.0,82.0,50.0,26.0,45.0,57.78,15.0,37.0,40.54,10.0,13.0,76.92,7.0,29.0,36.0,34.0,10.0,2.0,7.0,12.0,52.0,15.0,13.0,47.0,12.0
2022500100,2025-26,2026-01-06,21,1612709931,Mexico City Capitanes,MXC,Texas Legends,HOME,W,122.0,109.0,122.0,50.0,89.0,56.18,35.0,57.0,61.4,15.0,32.0,46.88,4.0,10.0,40.0,9.0,27.0,36.0,32.0,9.0,3.0,14.0,12.0,66.0,21.0,29.0,58.0,23.0
2022500104,2025-26,2026-01-07,22,1612709931,Mexico City Capitanes,MXC,Cleveland Charge,HOME,W,126.0,119.0,126.0,42.0,84.0,50.0,27.0,57.0,47.37,15.0,27.0,55.56,16.0,22.0,72.73,11.0,29.0,40.0,30.0,12.0,4.0,10.0,16.0,54.0,9.0,31.0,89.0,13.0
2022500121,2025-26,2026-01-09,23,1612709931,Mexico City Capitanes,MXC,Santa Cruz Warriors,HOME,W,121.0,114.0,121.0,45.0,86.0,52.33,30.0,46.0,65.22,15.0,40.0,37.5,10.0,11.0,90.91,9.0,27.0,36.0,31.0,7.0,4.0,11.0,11.0,58.0,14.0,27.0,50.0,22.0
2022500133,2025-26,2026-01-11,24,1612709931,Mexico City Capitanes,MXC,Santa Cruz Warriors,HOME,W,122.0,118.0,122.0,42.0,87.0,48.28,26.0,45.0,57.78,16.0,42.0,38.1,13.0,19.0,68.42,8.0,29.0,37.0,26.0,10.0,5.0,11.0,15.0,52.0,16.0,15.0,44.0,23.0
2022500142,2025-26,2026-01-13,25,1612709931,Mexico City Capitanes,MXC,Rio Grande Valley Vipers,HOME,W,122.0,97.0,122.0,41.0,76.0,53.95,29.0,45.0,64.44,12.0,31.0,38.71,16.0,20.0,80.0,13.0,38.0,51.0,26.0,15.0,5.0,24.0,20.0,50.0,15.0,24.0,54.0,22.0
2022500148,2025-26,2026-01-14,26,1612709931,Mexico City Capitanes,MXC,Rio Grande Valley Vipers,HOME,W,139.0,102.0,139.0,46.0,86.0,53.49,30.0,52.0,57.69,16.0,34.0,47.06,19.0,23.0,82.61,12.0,41.0,53.0,24.0,5.0,5.0,14.0,10.0,60.0,16.0,21.0,63.0,25.0
2022500173,2025-26,2026-01-18,27,1612709931,Mexico City Capitanes,MXC,San Diego Clippers,HOME,L,96.0,115.0,96.0,36.0,91.0,39.56,25.0,50.0,50.0,11.0,41.0,26.83,7.0,11.0,63.64,13.0,34.0,47.0,27.0,6.0,3.0,11.0,9.0,50.0,12.0,9.0,40.0,20.0
2022500186,2025-26,2026-01-20,28,1612709931,Mexico City Capitanes,MXC,San Diego Clippers,HOME,W,113.0,101.0,113.0,40.0,84.0,47.62,24.0,44.0,54.55,16.0,40.0,40.0,12.0,17.0,70.59,12.0,35.0,47.0,21.0,8.0,5.0,12.0,13.0,42.0,8.0,28.0,29.0,11.0
2022500196,2025-26,2026-01-22,29,1612709931,Mexico City Capitanes,MXC,South Bay Lakers,AWAY,W,123.0,113.0,123.0,44.0,88.0,50.0,33.0,56.0,58.93,11.0,32.0,34.38,13.0,20.0,65.0,14.0,25.0,39.0,25.0,10.0,0.0,11.0,10.0,60.0,22.0,18.0,51.0,18.0
2022500210,2025-26,2026-01-24,30,1612709931,Mexico City Capitanes,MXC,South Bay Lakers,AWAY,L,95.0,125.0,95.0,34.0,84.0,40.48,26.0,54.0,48.15,8.0,30.0,26.67,10.0,15.0,66.67,13.0,26.0,39.0,19.0,10.0,5.0,20.0,15.0,46.0,10.0,24.0,40.0,22.0
2022500223,2025-26,2026-01-27,31,1612709931,Mexico City Capitanes,MXC,Iowa Wolves,AWAY,L,104.0,113.0,104.0,36.0,88.0,40.91,28.0,52.0,53.85,8.0,36.0,22.22,15.0,18.0,83.33,18.0,31.0,49.0,23.0,9.0,5.0,14.0,14.0,50.0,16.0,12.0,50.0,8.0
2022500256,2025-26,2026-02-01,32,1612709931,Mexico City Capitanes,MXC,Rip City Remix,HOME,W,130.0,104.0,130.0,45.0,86.0,52.33,28.0,47.0,59.57,17.0,39.0,43.59,13.0,14.0,92.86,10.0,31.0,41.0,27.0,12.0,4.0,14.0,16.0,48.0,9.0,28.0,58.0,21.0
2022500263,2025-26,2026-02-03,33,1612709931,Mexico City Capitanes,MXC,Rip City Remix,HOME,L,119.0,133.0,119.0,38.0,81.0,46.91,24.0,41.0,58.54,14.0,40.0,35.0,15.0,17.0,88.24,7.0,31.0,38.0,27.0,3.0,6.0,15.0,9.0,46.0,16.0,16.0,53.0,15.0
2022500310,2025-26,2026-02-11,34,1612709931,Mexico City Capitanes,MXC,Stockton Kings,AWAY,W,107.0,86.0,107.0,42.0,84.0,50.0,31.0,56.0,55.36,11.0,28.0,39.29,7.0,12.0,58.33,14.0,34.0,48.0,30.0,10.0,5.0,10.0,15.0,56.0,16.0,20.0,49.0,23.0
2022500321,2025-26,2026-02-12,35,1612709931,Mexico City Capitanes,MXC,Stockton Kings,AWAY,L,98.0,113.0,98.0,30.0,79.0,37.97,21.0,50.0,42.0,9.0,29.0,31.03,16.0,21.0,76.19,15.0,27.0,42.0,20.0,9.0,2.0,12.0,11.0,42.0,11.0,26.0,30.0,12.0
2022500351,2025-26,2026-02-22,36,1612709931,Mexico City Capitanes,MXC,Salt Lake City Stars,HOME,W,120.0,119.0,120.0,49.0,90.0,54.44,32.0,57.0,56.14,17.0,33.0,51.52,3.0,7.0,42.86,12.0,24.0,36.0,27.0,13.0,6.0,17.0,19.0,60.0,12.0,33.0,57.0,10.0
2022500364,2025-26,2026-02-24,37,1612709931,Mexico City Capitanes,MXC,Salt Lake City Stars,HOME,W,122.0,118.0,122.0,44.0,83.0,53.01,30.0,52.0,57.69,14.0,31.0,45.16,13.0,13.0,100.0,10.0,23.0,33.0,25.0,14.0,7.0,13.0,21.0,54.0,19.0,29.0,44.0,15.0
2022500379,2025-26,2026-02-27,38,1612709931,Mexico City Capitanes,MXC,Iowa Wolves,AWAY,L,117.0,118.0,117.0,40.0,91.0,43.96,23.0,53.0,43.4,17.0,38.0,44.74,14.0,17.0,82.35,12.0,24.0,36.0,25.0,12.0,2.0,15.0,14.0,42.0,9.0,32.0,35.0,14.0
2022500396,2025-26,2026-03-01,39,1612709931,Mexico City Capitanes,MXC,Noblesville Boom,HOME,W,118.0,114.0,118.0,38.0,87.0,43.68,24.0,51.0,47.06,14.0,36.0,38.89,19.0,25.0,76.0,12.0,33.0,45.0,26.0,11.0,7.0,10.0,18.0,46.0,17.0,25.0,68.0,14.0
2022500404,2025-26,2026-03-03,40,1612709931,Mexico City Capitanes,MXC,Noblesville Boom,HOME,W,122.0,110.0,122.0,42.0,89.0,47.19,28.0,56.0,50.0,14.0,33.0,42.42,14.0,17.0,82.35,17.0,30.0,47.0,14.0,10.0,1.0,15.0,11.0,54.0,25.0,28.0,65.0,19.0
2022500419,2025-26,2026-03-06,41,1612709931,Mexico City Capitanes,MXC,Wisconsin Herd,AWAY,W,116.0,104.0,116.0,40.0,80.0,50.0,22.0,43.0,51.16,18.0,37.0,48.65,12.0,14.0,85.71,8.0,25.0,33.0,28.0,9.0,4.0,12.0,13.0,44.0,16.0,23.0,54.0,7.0
2022500426,2025-26,2026-03-07,42,1612709931,Mexico City Capitanes,MXC,Wisconsin Herd,AWAY,W,116.0,97.0,116.0,43.0,85.0,50.59,23.0,41.0,56.1,20.0,44.0,45.45,6.0,10.0,60.0,9.0,26.0,35.0,30.0,10.0,5.0,11.0,15.0,42.0,7.0,23.0,54.0,10.0
2022500438,2025-26,2026-03-10,43,1612709931,Mexico City Capitanes,MXC,Grand Rapids Gold,AWAY,W,115.0,112.0,115.0,39.0,86.0,45.35,24.0,44.0,54.55,15.0,42.0,35.71,12.0,17.0,70.59,13.0,26.0,39.0,21.0,12.0,4.0,11.0,16.0,42.0,10.0,32.0,54.0,2.0
2022500473,2025-26,2026-03-14,44,1612709931,Mexico City Capitanes,MXC,Memphis Hustle,HOME,W,125.0,122.0,125.0,42.0,73.0,57.53,27.0,42.0,64.29,15.0,31.0,48.39,15.0,20.0,75.0,8.0,34.0,42.0,22.0,13.0,3.0,25.0,16.0,50.0,8.0,17.0,66.0,19.0
2022500474,2025-26,2026-03-15,45,1612709931,Mexico City Capitanes,MXC,Memphis Hustle,HOME,L,109.0,127.0,109.0,36.0,80.0,45.0,23.0,46.0,50.0,13.0,34.0,38.24,15.0,17.0,88.24,12.0,19.0,31.0,21.0,14.0,1.0,17.0,15.0,44.0,13.0,17.0,50.0,14.0
2022500498,2025-26,2026-03-20,46,1612709931,Mexico City Capitanes,MXC,Sioux Falls Skyforce,AWAY,L,89.0,131.0,89.0,33.0,78.0,42.31,22.0,36.0,61.11,11.0,42.0,26.19,6.0,9.0,66.67,3.0,26.0,29.0,23.0,10.0,4.0,16.0,14.0,36.0,4.0,14.0,48.0,8.0
2022500507,2025-26,2026-03-21,47,1612709931,Mexico City Capitanes,MXC,Sioux Falls Skyforce,AWAY,W,116.0,105.0,116.0,43.0,85.0,50.59,29.0,47.0,61.7,14.0,38.0,36.84,12.0,15.0,80.0,11.0,34.0,45.0,27.0,7.0,7.0,15.0,14.0,54.0,9.0,7.0,33.0,8.0
2022500529,2025-26,2026-03-24,48,1612709931,Mexico City Capitanes,MXC,Valley Suns,AWAY,W,112.0,99.0,112.0,43.0,76.0,56.58,28.0,46.0,60.87,15.0,30.0,50.0,5.0,7.0,71.43,10.0,27.0,37.0,20.0,10.0,4.0,17.0,14.0,54.0,17.0,29.0,64.0,10.0
2022500534,2025-26,2026-03-25,49,1612709931,Mexico City Capitanes,MXC,Valley Suns,AWAY,L,94.0,114.0,94.0,37.0,76.0,48.68,31.0,47.0,65.96,6.0,29.0,20.69,8.0,14.0,57.14,7.0,34.0,41.0,21.0,8.0,7.0,18.0,15.0,62.0,12.0,21.0,38.0,19.0
2022500556,2025-26,2026-03-28,50,1612709931,Mexico City Capitanes,MXC,Austin Spurs,AWAY,L,86.0,118.0,86.0,33.0,73.0,45.21,28.0,49.0,57.14,5.0,24.0,20.83,10.0,12.0,83.33,8.0,25.0,33.0,15.0,7.0,2.0,15.0,9.0,52.0,4.0,15.0,43.0,14.0
2052500004,2025-26,2025-11-07,1,1612709932,Motor City Cruise,MCC,Sioux Falls Skyforce,HOME,W,137.0,114.0,137.0,50.0,90.0,55.56,36.0,59.0,61.02,14.0,31.0,45.16,13.0,15.0,86.67,14.0,47.0,61.0,25.0,9.0,7.0,23.0,16.0,66.0,19.0,17.0,33.0,25.0
2052500013,2025-26,2025-11-08,2,1612709932,Motor City Cruise,MCC,Sioux Falls Skyforce,HOME,L,118.0,137.0,118.0,41.0,93.0,44.09,27.0,51.0,52.94,14.0,42.0,33.33,13.0,16.0,81.25,14.0,31.0,45.0,23.0,9.0,7.0,20.0,16.0,52.0,23.0,16.0,39.0,14.0
2052500033,2025-26,2025-11-12,3,1612709932,Motor City Cruise,MCC,Cleveland Charge,HOME,L,111.0,121.0,111.0,45.0,85.0,52.94,34.0,58.0,58.62,11.0,27.0,40.74,6.0,12.0,50.0,17.0,27.0,44.0,24.0,5.0,6.0,19.0,11.0,62.0,20.0,17.0,22.0,8.0
2052500051,2025-26,2025-11-15,4,1612709932,Motor City Cruise,MCC,Grand Rapids Gold,AWAY,L,94.0,118.0,94.0,34.0,96.0,35.42,26.0,61.0,42.62,8.0,35.0,22.86,12.0,15.0,80.0,14.0,35.0,49.0,22.0,8.0,8.0,13.0,16.0,48.0,12.0,20.0,32.0,15.0
2052500058,2025-26,2025-11-16,5,1612709932,Motor City Cruise,MCC,Grand Rapids Gold,AWAY,W,122.0,117.0,122.0,44.0,86.0,51.16,30.0,53.0,56.6,14.0,33.0,42.42,15.0,21.0,71.43,17.0,32.0,49.0,24.0,7.0,4.0,21.0,11.0,48.0,12.0,18.0,12.0,5.0
2052500090,2025-26,2025-11-22,6,1612709932,Motor City Cruise,MCC,Noblesville Boom,AWAY,W,107.0,96.0,107.0,44.0,89.0,49.44,35.0,64.0,54.69,9.0,25.0,36.0,7.0,9.0,77.78,8.0,43.0,51.0,24.0,8.0,8.0,22.0,16.0,70.0,18.0,28.0,25.0,30.0
2052500095,2025-26,2025-11-23,7,1612709932,Motor City Cruise,MCC,Noblesville Boom,AWAY,L,88.0,104.0,88.0,33.0,96.0,34.38,26.0,54.0,48.15,7.0,42.0,16.67,8.0,17.0,47.06,21.0,30.0,51.0,25.0,12.0,7.0,19.0,19.0,46.0,21.0,23.0,24.0,6.0
2052500104,2025-26,2025-11-25,8,1612709932,Motor City Cruise,MCC,Wisconsin Herd,HOME,L,111.0,118.0,111.0,40.0,72.0,55.56,26.0,43.0,60.47,14.0,29.0,48.28,9.0,11.0,81.82,5.0,38.0,43.0,23.0,8.0,9.0,28.0,17.0,44.0,7.0,14.0,21.0,12.0
2052500118,2025-26,2025-11-29,9,1612709932,Motor City Cruise,MCC,Iowa Wolves,HOME,L,137.0,156.0,137.0,52.0,95.0,54.74,41.0,67.0,61.19,11.0,28.0,39.29,14.0,21.0,66.67,10.0,22.0,32.0,26.0,7.0,6.0,10.0,13.0,74.0,17.0,28.0,60.0,24.0
2052500140,2025-26,2025-12-03,10,1612709932,Motor City Cruise,MCC,Wisconsin Herd,HOME,L,112.0,114.0,112.0,39.0,88.0,44.32,19.0,42.0,45.24,20.0,46.0,43.48,7.0,15.0,46.67,15.0,26.0,41.0,21.0,11.0,12.0,17.0,23.0,32.0,9.0,25.0,42.0,13.0
2052500155,2025-26,2025-12-05,11,1612709932,Motor City Cruise,MCC,Windy City Bulls,AWAY,W,129.0,118.0,129.0,50.0,101.0,49.5,41.0,64.0,64.06,9.0,37.0,24.32,11.0,15.0,73.33,19.0,38.0,57.0,27.0,11.0,10.0,11.0,21.0,74.0,21.0,19.0,36.0,26.0
2052500161,2025-26,2025-12-06,12,1612709932,Motor City Cruise,MCC,Windy City Bulls,AWAY,W,128.0,126.0,128.0,45.0,98.0,45.92,30.0,63.0,47.62,15.0,35.0,42.86,15.0,22.0,68.18,19.0,28.0,47.0,20.0,14.0,3.0,20.0,17.0,60.0,30.0,30.0,36.0,13.0
2052500176,2025-26,2025-12-10,13,1612709932,Motor City Cruise,MCC,Cleveland Charge,HOME,L,121.0,129.0,121.0,45.0,86.0,52.33,28.0,47.0,59.57,17.0,39.0,43.59,8.0,11.0,72.73,8.0,28.0,36.0,33.0,5.0,3.0,20.0,8.0,54.0,17.0,22.0,42.0,6.0
2052500191,2025-26,2025-12-12,14,1612709932,Motor City Cruise,MCC,Iowa Wolves,AWAY,W,121.0,101.0,121.0,47.0,102.0,46.08,35.0,60.0,58.33,12.0,42.0,28.57,9.0,17.0,52.94,20.0,31.0,51.0,28.0,12.0,5.0,13.0,17.0,58.0,18.0,24.0,43.0,18.0
2022500016,2025-26,2025-12-20,15,1612709932,Motor City Cruise,MCC,Valley Suns,AWAY,L,121.0,130.0,121.0,44.0,93.0,47.31,26.0,49.0,53.06,18.0,44.0,40.91,8.0,10.0,80.0,13.0,25.0,38.0,29.0,13.0,2.0,18.0,15.0,48.0,14.0,22.0,67.0,15.0
2022500025,2025-26,2025-12-22,16,1612709932,Motor City Cruise,MCC,College Park Skyhawks,AWAY,W,113.0,112.0,113.0,44.0,98.0,44.9,32.0,61.0,52.46,12.0,37.0,32.43,7.0,12.0,58.33,25.0,27.0,52.0,26.0,8.0,5.0,14.0,13.0,54.0,24.0,32.0,53.0,17.0
2022500036,2025-26,2025-12-27,17,1612709932,Motor City Cruise,MCC,Windy City Bulls,HOME,L,101.0,116.0,101.0,39.0,89.0,43.82,31.0,57.0,54.39,8.0,32.0,25.0,8.0,12.0,66.67,10.0,32.0,42.0,21.0,13.0,6.0,16.0,19.0,52.0,17.0,9.0,39.0,13.0
2022500056,2025-26,2025-12-29,18,1612709932,Motor City Cruise,MCC,Windy City Bulls,HOME,W,138.0,117.0,138.0,52.0,84.0,61.9,34.0,54.0,62.96,18.0,30.0,60.0,9.0,13.0,69.23,8.0,39.0,47.0,29.0,4.0,5.0,18.0,9.0,62.0,9.0,22.0,27.0,18.0
2022500060,2025-26,2025-12-30,19,1612709932,Motor City Cruise,MCC,Grand Rapids Gold,HOME,L,114.0,123.0,114.0,36.0,73.0,49.32,18.0,43.0,41.86,18.0,30.0,60.0,15.0,20.0,75.0,8.0,38.0,46.0,22.0,2.0,3.0,23.0,5.0,32.0,10.0,4.0,19.0,16.0
2022500082,2025-26,2026-01-03,20,1612709932,Motor City Cruise,MCC,Westchester Knicks,HOME,L,132.0,140.0,132.0,49.0,96.0,51.04,36.0,63.0,57.14,13.0,33.0,39.39,14.0,19.0,73.68,15.0,28.0,43.0,24.0,4.0,5.0,15.0,9.0,56.0,20.0,18.0,37.0,18.0
2022500094,2025-26,2026-01-04,21,1612709932,Motor City Cruise,MCC,Westchester Knicks,HOME,L,94.0,99.0,94.0,33.0,76.0,43.42,27.0,50.0,54.0,6.0,26.0,23.08,12.0,16.0,75.0,6.0,30.0,36.0,16.0,10.0,3.0,11.0,13.0,50.0,11.0,27.0,14.0,8.0
2022500103,2025-26,2026-01-07,22,1612709932,Motor City Cruise,MCC,Capital City Go-Go,AWAY,L,104.0,112.0,104.0,43.0,83.0,51.81,35.0,63.0,55.56,8.0,20.0,40.0,7.0,12.0,58.33,11.0,38.0,49.0,16.0,11.0,6.0,24.0,17.0,56.0,16.0,9.0,13.0,9.0
2022500113,2025-26,2026-01-09,23,1612709932,Motor City Cruise,MCC,Capital City Go-Go,AWAY,L,106.0,114.0,106.0,37.0,88.0,42.05,30.0,57.0,52.63,7.0,31.0,22.58,14.0,20.0,70.0,14.0,32.0,46.0,20.0,10.0,3.0,15.0,13.0,52.0,21.0,20.0,22.0,13.0
2022500134,2025-26,2026-01-11,24,1612709932,Motor City Cruise,MCC,Salt Lake City Stars,HOME,W,108.0,102.0,108.0,39.0,77.0,50.65,28.0,50.0,56.0,11.0,27.0,40.74,12.0,17.0,70.59,10.0,36.0,46.0,27.0,9.0,10.0,19.0,19.0,50.0,6.0,21.0,26.0,17.0
2022500154,2025-26,2026-01-15,25,1612709932,Motor City Cruise,MCC,Birmingham Squadron,AWAY,W,109.0,94.0,109.0,41.0,91.0,45.05,27.0,54.0,50.0,14.0,37.0,37.84,7.0,13.0,53.85,18.0,34.0,52.0,26.0,10.0,6.0,12.0,16.0,50.0,26.0,28.0,31.0,5.0
2022500163,2025-26,2026-01-17,26,1612709932,Motor City Cruise,MCC,Birmingham Squadron,AWAY,W,127.0,103.0,127.0,50.0,98.0,51.02,38.0,61.0,62.3,12.0,37.0,32.43,8.0,15.0,53.33,23.0,40.0,63.0,33.0,11.0,3.0,10.0,14.0,74.0,25.0,20.0,57.0,20.0
2022500192,2025-26,2026-01-22,27,1612709932,Motor City Cruise,MCC,Grand Rapids Gold,HOME,W,125.0,114.0,125.0,47.0,90.0,52.22,33.0,55.0,60.0,14.0,35.0,40.0,9.0,15.0,60.0,13.0,29.0,42.0,27.0,9.0,7.0,11.0,16.0,66.0,26.0,27.0,54.0,13.0
2022500206,2025-26,2026-01-24,28,1612709932,Motor City Cruise,MCC,Delaware Blue Coats,AWAY,W,133.0,119.0,133.0,48.0,86.0,55.81,35.0,53.0,66.04,13.0,33.0,39.39,14.0,18.0,77.78,15.0,27.0,42.0,29.0,7.0,10.0,18.0,17.0,64.0,21.0,10.0,24.0,18.0
2022500216,2025-26,2026-01-26,29,1612709932,Motor City Cruise,MCC,Long Island Nets,AWAY,L,106.0,112.0,106.0,39.0,85.0,45.88,27.0,53.0,50.94,12.0,32.0,37.5,9.0,11.0,81.82,13.0,31.0,44.0,30.0,6.0,5.0,18.0,11.0,50.0,25.0,11.0,30.0,10.0
2022500227,2025-26,2026-01-28,30,1612709932,Motor City Cruise,MCC,Long Island Nets,AWAY,W,106.0,104.0,106.0,34.0,80.0,42.5,26.0,54.0,48.15,8.0,26.0,30.77,17.0,19.0,89.47,14.0,30.0,44.0,15.0,3.0,11.0,14.0,14.0,48.0,29.0,12.0,22.0,17.0
2022500245,2025-26,2026-01-31,31,1612709932,Motor City Cruise,MCC,Cleveland Charge,AWAY,W,114.0,104.0,114.0,45.0,94.0,47.87,34.0,61.0,55.74,11.0,33.0,33.33,9.0,12.0,75.0,15.0,40.0,55.0,25.0,9.0,6.0,14.0,15.0,60.0,12.0,8.0,28.0,14.0
2022500255,2025-26,2026-02-01,32,1612709932,Motor City Cruise,MCC,Memphis Hustle,HOME,L,109.0,120.0,109.0,43.0,96.0,44.79,36.0,66.0,54.55,7.0,30.0,23.33,10.0,16.0,62.5,14.0,28.0,42.0,22.0,17.0,6.0,13.0,23.0,64.0,16.0,27.0,36.0,18.0
2022500262,2025-26,2026-02-03,33,1612709932,Motor City Cruise,MCC,Memphis Hustle,HOME,W,135.0,105.0,135.0,52.0,91.0,57.14,40.0,66.0,60.61,12.0,25.0,48.0,12.0,14.0,85.71,11.0,35.0,46.0,35.0,14.0,5.0,16.0,19.0,66.0,17.0,29.0,66.0,21.0
2022500293,2025-26,2026-02-08,34,1612709932,Motor City Cruise,MCC,Raptors 905,AWAY,L,99.0,112.0,99.0,37.0,78.0,47.44,28.0,42.0,66.67,9.0,36.0,25.0,9.0,10.0,90.0,4.0,30.0,34.0,23.0,6.0,4.0,21.0,10.0,52.0,5.0,14.0,49.0,8.0
2022500306,2025-26,2026-02-11,35,1612709932,Motor City Cruise,MCC,Maine Celtics,AWAY,W,109.0,103.0,109.0,34.0,85.0,40.0,24.0,55.0,43.64,10.0,30.0,33.33,18.0,22.0,81.82,23.0,29.0,52.0,25.0,8.0,8.0,15.0,16.0,44.0,34.0,20.0,20.0,6.0
2022500316,2025-26,2026-02-12,36,1612709932,Motor City Cruise,MCC,Maine Celtics,AWAY,W,123.0,108.0,123.0,49.0,85.0,57.65,39.0,55.0,70.91,10.0,30.0,33.33,9.0,14.0,64.29,11.0,33.0,44.0,25.0,12.0,7.0,15.0,19.0,76.0,17.0,17.0,34.0,17.0
2022500330,2025-26,2026-02-20,37,1612709932,Motor City Cruise,MCC,College Park Skyhawks,HOME,L,124.0,131.0,124.0,48.0,108.0,44.44,35.0,65.0,53.85,13.0,43.0,30.23,9.0,12.0,75.0,17.0,27.0,44.0,25.0,5.0,6.0,6.0,11.0,64.0,39.0,14.0,41.0,18.0
2022500346,2025-26,2026-02-22,38,1612709932,Motor City Cruise,MCC,College Park Skyhawks,HOME,W,149.0,118.0,149.0,54.0,89.0,60.67,36.0,53.0,67.92,18.0,36.0,50.0,13.0,16.0,81.25,8.0,44.0,52.0,40.0,9.0,9.0,18.0,18.0,66.0,6.0,25.0,28.0,34.0
2022500371,2025-26,2026-02-26,39,1612709932,Motor City Cruise,MCC,Austin Spurs,AWAY,L,94.0,102.0,94.0,35.0,94.0,37.23,25.0,59.0,42.37,10.0,35.0,28.57,9.0,16.0,56.25,12.0,34.0,46.0,22.0,8.0,12.0,19.0,20.0,40.0,6.0,20.0,36.0,20.0
2022500393,2025-26,2026-03-01,40,1612709932,Motor City Cruise,MCC,Oklahoma City Blue,AWAY,W,129.0,121.0,129.0,44.0,84.0,52.38,28.0,46.0,60.87,16.0,38.0,42.11,15.0,18.0,83.33,7.0,29.0,36.0,25.0,10.0,8.0,18.0,18.0,46.0,10.0,25.0,25.0,16.0
2022500423,2025-26,2026-03-07,41,1612709932,Motor City Cruise,MCC,Greensboro Swarm,AWAY,W,133.0,118.0,133.0,48.0,97.0,49.48,31.0,56.0,55.36,17.0,41.0,41.46,11.0,15.0,73.33,15.0,32.0,47.0,30.0,14.0,6.0,15.0,20.0,60.0,17.0,28.0,20.0,20.0
2022500440,2025-26,2026-03-10,42,1612709932,Motor City Cruise,MCC,Noblesville Boom,HOME,W,135.0,131.0,135.0,47.0,84.0,55.95,31.0,50.0,62.0,16.0,34.0,47.06,16.0,22.0,72.73,10.0,32.0,42.0,22.0,18.0,9.0,19.0,27.0,60.0,20.0,36.0,48.0,30.0
2022500452,2025-26,2026-03-11,43,1612709932,Motor City Cruise,MCC,Noblesville Boom,HOME,W,135.0,128.0,135.0,49.0,87.0,56.32,35.0,48.0,72.92,14.0,39.0,35.9,14.0,17.0,82.35,7.0,26.0,33.0,34.0,16.0,7.0,10.0,23.0,60.0,20.0,35.0,46.0,21.0
2022500357,2025-26,2026-03-15,44,1612709932,Motor City Cruise,MCC,Delaware Blue Coats,HOME,W,128.0,119.0,128.0,46.0,84.0,54.76,34.0,48.0,70.83,12.0,36.0,33.33,15.0,19.0,78.95,9.0,32.0,41.0,36.0,9.0,5.0,12.0,14.0,62.0,19.0,24.0,23.0,17.0
2022500480,2025-26,2026-03-17,45,1612709932,Motor City Cruise,MCC,Raptors 905,AWAY,L,122.0,123.0,122.0,43.0,84.0,51.19,30.0,51.0,58.82,13.0,33.0,39.39,12.0,15.0,80.0,6.0,31.0,37.0,30.0,12.0,6.0,18.0,18.0,50.0,12.0,24.0,44.0,10.0
2022500499,2025-26,2026-03-20,46,1612709932,Motor City Cruise,MCC,Wisconsin Herd,AWAY,W,123.0,105.0,123.0,47.0,88.0,53.41,33.0,57.0,57.89,14.0,31.0,45.16,8.0,13.0,61.54,11.0,40.0,51.0,32.0,13.0,9.0,18.0,22.0,60.0,12.0,24.0,38.0,25.0
2022500508,2025-26,2026-03-21,47,1612709932,Motor City Cruise,MCC,Wisconsin Herd,AWAY,W,113.0,108.0,113.0,37.0,91.0,40.66,21.0,51.0,41.18,16.0,40.0,40.0,16.0,19.0,84.21,12.0,38.0,50.0,23.0,5.0,11.0,13.0,16.0,42.0,22.0,12.0,34.0,19.0
2022500530,2025-26,2026-03-25,48,1612709932,Motor City Cruise,MCC,Greensboro Swarm,HOME,W,143.0,132.0,143.0,53.0,90.0,58.89,40.0,62.0,64.52,13.0,28.0,46.43,13.0,16.0,81.25,9.0,32.0,41.0,31.0,11.0,6.0,16.0,17.0,72.0,15.0,22.0,40.0,28.0
2022500543,2025-26,2026-03-27,49,1612709932,Motor City Cruise,MCC,Osceola Magic,HOME,W,132.0,118.0,132.0,46.0,89.0,51.69,30.0,51.0,58.82,16.0,38.0,42.11,12.0,17.0,70.59,13.0,39.0,52.0,19.0,10.0,3.0,17.0,13.0,52.0,25.0,25.0,63.0,19.0
2022500552,2025-26,2026-03-28,50,1612709932,Motor City Cruise,MCC,Osceola Magic,HOME,L,119.0,125.0,119.0,43.0,80.0,53.75,32.0,45.0,71.11,11.0,35.0,31.43,12.0,14.0,85.71,7.0,26.0,33.0,17.0,10.0,4.0,16.0,14.0,60.0,8.0,17.0,47.0,14.0
2052500001,2025-26,2025-11-07,1,1612709910,Noblesville Boom,NOB,Grand Rapids Gold,AWAY,L,124.0,130.0,124.0,43.0,90.0,47.78,24.0,39.0,61.54,19.0,51.0,37.25,10.0,16.0,62.5,14.0,32.0,46.0,25.0,10.0,4.0,17.0,14.0,40.0,18.0,25.0,22.0,8.0
2052500014,2025-26,2025-11-08,2,1612709910,Noblesville Boom,NOB,Grand Rapids Gold,HOME,L,109.0,120.0,109.0,38.0,86.0,44.19,27.0,51.0,52.94,11.0,35.0,31.43,12.0,16.0,75.0,12.0,31.0,43.0,26.0,4.0,7.0,17.0,11.0,42.0,11.0,21.0,20.0,14.0
2052500035,2025-26,2025-11-12,3,1612709910,Noblesville Boom,NOB,Sioux Falls Skyforce,AWAY,L,124.0,134.0,124.0,44.0,92.0,47.83,26.0,46.0,56.52,18.0,46.0,39.13,10.0,17.0,58.82,12.0,28.0,40.0,31.0,15.0,4.0,22.0,19.0,48.0,16.0,32.0,43.0,24.0
2052500046,2025-26,2025-11-14,4,1612709910,Noblesville Boom,NOB,Sioux Falls Skyforce,AWAY,L,123.0,132.0,123.0,44.0,93.0,47.31,24.0,42.0,57.14,20.0,51.0,39.22,9.0,11.0,81.82,15.0,28.0,43.0,33.0,6.0,3.0,26.0,9.0,44.0,23.0,14.0,26.0,12.0
2052500061,2025-26,2025-11-16,5,1612709910,Noblesville Boom,NOB,Iowa Wolves,AWAY,L,133.0,137.0,133.0,47.0,88.0,53.41,34.0,53.0,64.15,13.0,35.0,37.14,15.0,18.0,83.33,9.0,26.0,35.0,36.0,8.0,7.0,16.0,15.0,66.0,11.0,21.0,35.0,9.0
2052500067,2025-26,2025-11-17,6,1612709910,Noblesville Boom,NOB,Iowa Wolves,AWAY,L,120.0,133.0,120.0,46.0,96.0,47.92,31.0,51.0,60.78,15.0,45.0,33.33,8.0,15.0,53.33,5.0,32.0,37.0,34.0,10.0,7.0,12.0,17.0,60.0,8.0,24.0,29.0,18.0
2052500090,2025-26,2025-11-22,7,1612709910,Noblesville Boom,NOB,Motor City Cruise,HOME,L,96.0,107.0,96.0,33.0,92.0,35.87,21.0,50.0,42.0,12.0,42.0,28.57,10.0,13.0,76.92,9.0,33.0,42.0,20.0,14.0,5.0,15.0,19.0,36.0,4.0,25.0,35.0,28.0
2052500095,2025-26,2025-11-23,8,1612709910,Noblesville Boom,NOB,Motor City Cruise,HOME,W,104.0,88.0,104.0,31.0,74.0,41.89,25.0,45.0,55.56,6.0,29.0,20.69,19.0,21.0,90.48,10.0,36.0,46.0,20.0,12.0,4.0,23.0,16.0,46.0,13.0,22.0,31.0,14.0
2052500126,2025-26,2025-11-30,9,1612709910,Noblesville Boom,NOB,Wisconsin Herd,HOME,W,111.0,109.0,111.0,39.0,82.0,47.56,27.0,50.0,54.0,12.0,32.0,37.5,11.0,13.0,84.62,4.0,39.0,43.0,27.0,6.0,0.0,12.0,6.0,50.0,6.0,13.0,26.0,12.0
2052500142,2025-26,2025-12-03,10,1612709910,Noblesville Boom,NOB,Cleveland Charge,AWAY,W,140.0,128.0,140.0,48.0,78.0,61.54,30.0,42.0,71.43,18.0,36.0,50.0,17.0,17.0,100.0,4.0,32.0,36.0,33.0,10.0,3.0,22.0,13.0,48.0,4.0,24.0,30.0,8.0
2052500151,2025-26,2025-12-05,11,1612709910,Noblesville Boom,NOB,Cleveland Charge,AWAY,L,102.0,114.0,102.0,37.0,80.0,46.25,25.0,48.0,52.08,12.0,32.0,37.5,11.0,16.0,68.75,11.0,28.0,39.0,23.0,15.0,2.0,22.0,17.0,46.0,10.0,29.0,21.0,13.0
2052500182,2025-26,2025-12-11,12,1612709910,Noblesville Boom,NOB,Wisconsin Herd,HOME,W,118.0,98.0,118.0,42.0,80.0,52.5,29.0,47.0,61.7,13.0,33.0,39.39,13.0,17.0,76.47,12.0,33.0,45.0,25.0,11.0,11.0,21.0,22.0,56.0,18.0,23.0,50.0,25.0
2052500196,2025-26,2025-12-13,13,1612709910,Noblesville Boom,NOB,Windy City Bulls,HOME,W,130.0,114.0,130.0,49.0,95.0,51.58,37.0,61.0,60.66,12.0,34.0,35.29,10.0,13.0,76.92,7.0,29.0,36.0,35.0,15.0,4.0,8.0,19.0,74.0,15.0,32.0,24.0,21.0
2052500206,2025-26,2025-12-14,14,1612709910,Noblesville Boom,NOB,Windy City Bulls,HOME,L,134.0,137.0,134.0,44.0,85.0,51.76,24.0,42.0,57.14,20.0,43.0,46.51,16.0,19.0,84.21,4.0,26.0,30.0,29.0,10.0,2.0,14.0,12.0,46.0,2.0,25.0,29.0,16.0
2022500006,2025-26,2025-12-19,15,1612709910,Noblesville Boom,NOB,Osceola Magic,HOME,W,112.0,99.0,112.0,40.0,84.0,47.62,29.0,44.0,65.91,11.0,40.0,27.5,13.0,19.0,68.42,12.0,43.0,55.0,28.0,7.0,7.0,21.0,14.0,56.0,14.0,14.0,27.0,18.0
2022500021,2025-26,2025-12-21,16,1612709910,Noblesville Boom,NOB,Santa Cruz Warriors,AWAY,L,100.0,108.0,100.0,39.0,95.0,41.05,28.0,53.0,52.83,11.0,42.0,26.19,6.0,6.0,100.0,10.0,26.0,36.0,24.0,16.0,2.0,13.0,18.0,54.0,14.0,24.0,40.0,10.0
2022500037,2025-26,2025-12-27,17,1612709910,Noblesville Boom,NOB,Texas Legends,HOME,L,112.0,122.0,112.0,48.0,93.0,51.61,38.0,59.0,64.41,10.0,34.0,29.41,4.0,14.0,28.57,15.0,32.0,47.0,34.0,9.0,4.0,18.0,13.0,66.0,25.0,18.0,20.0,16.0
2022500047,2025-26,2025-12-28,18,1612709910,Noblesville Boom,NOB,Grand Rapids Gold,HOME,W,149.0,145.0,149.0,54.0,98.0,55.1,34.0,56.0,60.71,20.0,42.0,47.62,12.0,16.0,75.0,12.0,26.0,38.0,39.0,9.0,11.0,13.0,20.0,60.0,21.0,22.0,57.0,16.0
2022500065,2025-26,2025-12-31,19,1612709910,Noblesville Boom,NOB,Maine Celtics,AWAY,W,123.0,122.0,123.0,46.0,91.0,50.55,34.0,65.0,52.31,12.0,26.0,46.15,10.0,14.0,71.43,13.0,27.0,40.0,28.0,10.0,2.0,17.0,12.0,66.0,12.0,28.0,43.0,17.0
2022500074,2025-26,2026-01-02,20,1612709910,Noblesville Boom,NOB,Maine Celtics,AWAY,L,100.0,108.0,100.0,39.0,78.0,50.0,31.0,54.0,57.41,8.0,24.0,33.33,7.0,12.0,58.33,5.0,31.0,36.0,28.0,8.0,6.0,17.0,14.0,56.0,11.0,22.0,41.0,13.0
2022500099,2025-26,2026-01-06,21,1612709910,Noblesville Boom,NOB,Raptors 905,AWAY,L,95.0,107.0,95.0,33.0,79.0,41.77,20.0,43.0,46.51,13.0,36.0,36.11,8.0,17.0,47.06,12.0,37.0,49.0,22.0,6.0,13.0,17.0,19.0,36.0,8.0,9.0,35.0,7.0
2022500110,2025-26,2026-01-08,22,1612709910,Noblesville Boom,NOB,Raptors 905,AWAY,L,98.0,117.0,98.0,33.0,76.0,43.42,26.0,47.0,55.32,7.0,29.0,24.14,13.0,19.0,68.42,13.0,31.0,44.0,18.0,13.0,10.0,24.0,23.0,48.0,12.0,27.0,25.0,24.0
2022500136,2025-26,2026-01-11,23,1612709910,Noblesville Boom,NOB,Windy City Bulls,AWAY,W,128.0,120.0,128.0,47.0,86.0,54.65,28.0,44.0,63.64,19.0,42.0,45.24,9.0,12.0,75.0,5.0,31.0,36.0,34.0,7.0,6.0,14.0,13.0,54.0,7.0,21.0,47.0,16.0
2022500152,2025-26,2026-01-15,24,1612709910,Noblesville Boom,NOB,Grand Rapids Gold,HOME,L,92.0,102.0,92.0,35.0,91.0,38.46,24.0,51.0,47.06,11.0,40.0,27.5,8.0,12.0,66.67,11.0,44.0,55.0,20.0,6.0,6.0,18.0,12.0,40.0,8.0,12.0,29.0,11.0
2022500170,2025-26,2026-01-18,25,1612709910,Noblesville Boom,NOB,Delaware Blue Coats,HOME,W,126.0,102.0,126.0,47.0,99.0,47.47,36.0,59.0,61.02,11.0,40.0,27.5,15.0,15.0,100.0,14.0,31.0,45.0,31.0,14.0,5.0,14.0,19.0,72.0,18.0,34.0,54.0,32.0
2022500181,2025-26,2026-01-19,26,1612709910,Noblesville Boom,NOB,Delaware Blue Coats,HOME,W,127.0,112.0,127.0,46.0,84.0,54.76,31.0,51.0,60.78,15.0,33.0,45.45,13.0,16.0,81.25,7.0,37.0,44.0,29.0,7.0,3.0,16.0,10.0,58.0,8.0,17.0,54.0,23.0
2022500191,2025-26,2026-01-22,27,1612709910,Noblesville Boom,NOB,Wisconsin Herd,AWAY,W,95.0,90.0,95.0,35.0,81.0,43.21,21.0,48.0,43.75,14.0,33.0,42.42,6.0,8.0,75.0,5.0,29.0,34.0,27.0,13.0,8.0,18.0,21.0,38.0,5.0,29.0,32.0,10.0
2022500209,2025-26,2026-01-24,28,1612709910,Noblesville Boom,NOB,Wisconsin Herd,AWAY,W,117.0,115.0,117.0,34.0,77.0,44.16,22.0,44.0,50.0,12.0,33.0,36.36,25.0,30.0,83.33,10.0,27.0,37.0,22.0,8.0,6.0,18.0,14.0,36.0,15.0,25.0,50.0,15.0
2022500237,2025-26,2026-01-30,29,1612709910,Noblesville Boom,NOB,Birmingham Squadron,HOME,W,124.0,111.0,124.0,42.0,87.0,48.28,24.0,53.0,45.28,18.0,34.0,52.94,13.0,13.0,100.0,11.0,33.0,44.0,32.0,9.0,4.0,15.0,13.0,48.0,20.0,32.0,51.0,19.0
2022500251,2025-26,2026-02-01,30,1612709910,Noblesville Boom,NOB,Birmingham Squadron,HOME,W,125.0,109.0,125.0,45.0,95.0,47.37,24.0,48.0,50.0,21.0,47.0,44.68,8.0,11.0,72.73,10.0,42.0,52.0,32.0,8.0,5.0,17.0,13.0,44.0,15.0,25.0,47.0,17.0
2022500269,2025-26,2026-02-04,31,1612709910,Noblesville Boom,NOB,Osceola Magic,AWAY,W,129.0,117.0,129.0,44.0,90.0,48.89,32.0,56.0,57.14,12.0,34.0,35.29,18.0,20.0,90.0,14.0,32.0,46.0,22.0,13.0,4.0,18.0,17.0,62.0,23.0,18.0,72.0,6.0
2022500277,2025-26,2026-02-06,32,1612709910,Noblesville Boom,NOB,Osceola Magic,AWAY,L,114.0,119.0,114.0,44.0,91.0,48.35,33.0,56.0,58.93,11.0,35.0,31.43,11.0,15.0,73.33,16.0,26.0,42.0,29.0,10.0,7.0,19.0,17.0,64.0,18.0,31.0,41.0,15.0
2022500292,2025-26,2026-02-08,33,1612709910,Noblesville Boom,NOB,Long Island Nets,AWAY,L,94.0,110.0,94.0,35.0,86.0,40.7,27.0,54.0,50.0,8.0,32.0,25.0,8.0,11.0,72.73,13.0,33.0,46.0,27.0,11.0,4.0,23.0,15.0,52.0,18.0,21.0,27.0,14.0
2022500300,2025-26,2026-02-10,34,1612709910,Noblesville Boom,NOB,Long Island Nets,AWAY,W,121.0,117.0,121.0,44.0,91.0,48.35,33.0,69.0,47.83,11.0,22.0,50.0,15.0,19.0,78.95,16.0,28.0,44.0,27.0,10.0,11.0,15.0,21.0,66.0,14.0,17.0,40.0,23.0
2022500312,2025-26,2026-02-12,35,1612709910,Noblesville Boom,NOB,College Park Skyhawks,HOME,W,130.0,129.0,130.0,45.0,81.0,55.56,39.0,56.0,69.64,6.0,25.0,24.0,21.0,25.0,84.0,9.0,29.0,38.0,26.0,10.0,3.0,15.0,13.0,72.0,16.0,19.0,12.0,10.0
2022500325,2025-26,2026-02-19,36,1612709910,Noblesville Boom,NOB,Cleveland Charge,HOME,L,120.0,124.0,120.0,44.0,83.0,53.01,31.0,55.0,56.36,13.0,28.0,46.43,13.0,13.0,100.0,9.0,33.0,42.0,26.0,10.0,5.0,23.0,15.0,60.0,19.0,22.0,27.0,16.0
2022500342,2025-26,2026-02-21,37,1612709910,Noblesville Boom,NOB,Capital City Go-Go,HOME,W,128.0,125.0,128.0,51.0,100.0,51.0,36.0,69.0,52.17,15.0,31.0,48.39,6.0,9.0,66.67,15.0,25.0,40.0,31.0,9.0,0.0,12.0,9.0,70.0,17.0,32.0,39.0,14.0
2022500347,2025-26,2026-02-22,38,1612709910,Noblesville Boom,NOB,Capital City Go-Go,HOME,L,114.0,130.0,114.0,41.0,74.0,55.41,33.0,49.0,67.35,8.0,25.0,32.0,14.0,17.0,82.35,6.0,21.0,27.0,29.0,9.0,1.0,17.0,10.0,64.0,12.0,17.0,40.0,17.0
2022500381,2025-26,2026-02-27,39,1612709910,Noblesville Boom,NOB,Rio Grande Valley Vipers,AWAY,L,133.0,135.0,133.0,44.0,86.0,51.16,32.0,57.0,56.14,12.0,29.0,41.38,18.0,22.0,81.82,10.0,30.0,40.0,26.0,12.0,9.0,21.0,21.0,60.0,19.0,21.0,27.0,11.0
2022500396,2025-26,2026-03-01,40,1612709910,Noblesville Boom,NOB,Mexico City Capitanes,AWAY,L,114.0,118.0,114.0,40.0,87.0,45.98,25.0,50.0,50.0,15.0,37.0,40.54,13.0,18.0,72.22,13.0,35.0,48.0,26.0,4.0,9.0,20.0,13.0,48.0,15.0,20.0,33.0,13.0
2022500404,2025-26,2026-03-03,41,1612709910,Noblesville Boom,NOB,Mexico City Capitanes,AWAY,L,110.0,122.0,110.0,40.0,72.0,55.56,28.0,47.0,59.57,12.0,25.0,48.0,9.0,12.0,75.0,4.0,26.0,30.0,22.0,8.0,9.0,17.0,17.0,54.0,6.0,18.0,25.0,16.0
2022500412,2025-26,2026-03-05,42,1612709910,Noblesville Boom,NOB,College Park Skyhawks,HOME,L,121.0,140.0,121.0,41.0,82.0,50.0,25.0,42.0,59.52,16.0,40.0,40.0,15.0,19.0,78.95,7.0,25.0,32.0,23.0,5.0,4.0,22.0,9.0,42.0,18.0,8.0,73.0,12.0
2022500440,2025-26,2026-03-10,43,1612709910,Noblesville Boom,NOB,Motor City Cruise,AWAY,L,131.0,135.0,131.0,50.0,89.0,56.18,34.0,54.0,62.96,16.0,35.0,45.71,10.0,16.0,62.5,10.0,28.0,38.0,27.0,11.0,6.0,21.0,17.0,62.0,20.0,30.0,37.0,23.0
2022500452,2025-26,2026-03-11,44,1612709910,Noblesville Boom,NOB,Motor City Cruise,AWAY,L,128.0,135.0,128.0,50.0,88.0,56.82,37.0,57.0,64.91,13.0,31.0,41.94,10.0,13.0,76.92,12.0,28.0,40.0,27.0,6.0,3.0,18.0,9.0,66.0,13.0,14.0,26.0,12.0
2022500463,2025-26,2026-03-14,45,1612709910,Noblesville Boom,NOB,Westchester Knicks,HOME,W,141.0,115.0,141.0,53.0,91.0,58.24,36.0,60.0,60.0,17.0,31.0,54.84,9.0,10.0,90.0,5.0,31.0,36.0,38.0,11.0,4.0,16.0,15.0,50.0,4.0,24.0,50.0,13.0
2022500469,2025-26,2026-03-15,46,1612709910,Noblesville Boom,NOB,Westchester Knicks,HOME,L,110.0,120.0,110.0,43.0,88.0,48.86,31.0,57.0,54.39,12.0,31.0,38.71,7.0,12.0,58.33,9.0,24.0,33.0,27.0,9.0,4.0,10.0,13.0,50.0,7.0,15.0,40.0,6.0
2022500490,2025-26,2026-03-18,47,1612709910,Noblesville Boom,NOB,Greensboro Swarm,AWAY,L,107.0,111.0,107.0,42.0,82.0,51.22,29.0,52.0,55.77,13.0,30.0,43.33,5.0,7.0,71.43,8.0,37.0,45.0,24.0,7.0,4.0,18.0,11.0,50.0,8.0,22.0,25.0,14.0
2022500496,2025-26,2026-03-20,48,1612709910,Noblesville Boom,NOB,Austin Spurs,HOME,L,107.0,121.0,107.0,40.0,80.0,50.0,31.0,52.0,59.62,9.0,28.0,32.14,12.0,17.0,70.59,8.0,26.0,34.0,19.0,5.0,4.0,13.0,9.0,56.0,13.0,21.0,37.0,11.0
2022500514,2025-26,2026-03-22,49,1612709910,Noblesville Boom,NOB,Austin Spurs,HOME,L,97.0,117.0,97.0,39.0,93.0,41.94,30.0,59.0,50.85,9.0,34.0,26.47,7.0,11.0,63.64,6.0,28.0,34.0,28.0,9.0,6.0,15.0,15.0,58.0,15.0,19.0,36.0,12.0
2022500536,2025-26,2026-03-26,50,1612709910,Noblesville Boom,NOB,Cleveland Charge,HOME,W,134.0,112.0,134.0,50.0,83.0,60.24,35.0,54.0,64.81,15.0,29.0,51.72,11.0,14.0,78.57,9.0,29.0,38.0,30.0,8.0,7.0,16.0,15.0,62.0,18.0,31.0,56.0,23.0
2052500009,2025-26,2025-11-07,1,1612709889,Oklahoma City Blue,OKL,Rio Grande Valley Vipers,AWAY,W,116.0,114.0,116.0,41.0,82.0,50.0,32.0,52.0,61.54,9.0,30.0,30.0,15.0,22.0,68.18,6.0,35.0,41.0,19.0,14.0,9.0,13.0,23.0,62.0,4.0,21.0,35.0,14.0
2052500028,2025-26,2025-11-11,2,1612709889,Oklahoma City Blue,OKL,Birmingham Squadron,HOME,L,97.0,106.0,97.0,38.0,98.0,38.78,23.0,51.0,45.1,15.0,47.0,31.91,4.0,6.0,66.67,21.0,30.0,51.0,21.0,7.0,8.0,17.0,15.0,44.0,27.0,26.0,39.0,16.0
2052500039,2025-26,2025-11-13,3,1612709889,Oklahoma City Blue,OKL,Memphis Hustle,HOME,L,119.0,122.0,119.0,43.0,85.0,50.59,30.0,51.0,58.82,13.0,34.0,38.24,11.0,14.0,78.57,7.0,38.0,45.0,26.0,10.0,10.0,24.0,20.0,58.0,13.0,18.0,42.0,10.0
2052500063,2025-26,2025-11-16,4,1612709889,Oklahoma City Blue,OKL,Mexico City Capitanes,AWAY,L,107.0,121.0,107.0,37.0,86.0,43.02,25.0,47.0,53.19,12.0,39.0,30.77,13.0,17.0,76.47,13.0,22.0,35.0,23.0,8.0,4.0,13.0,12.0,42.0,17.0,26.0,43.0,3.0
2052500066,2025-26,2025-11-17,5,1612709889,Oklahoma City Blue,OKL,Mexico City Capitanes,AWAY,L,91.0,106.0,91.0,34.0,80.0,42.5,27.0,51.0,52.94,7.0,29.0,24.14,10.0,20.0,50.0,13.0,31.0,44.0,20.0,12.0,8.0,13.0,20.0,52.0,12.0,21.0,14.0,4.0
2052500085,2025-26,2025-11-21,6,1612709889,Oklahoma City Blue,OKL,Texas Legends,AWAY,W,129.0,127.0,129.0,50.0,110.0,45.45,39.0,68.0,57.35,11.0,42.0,26.19,13.0,21.0,61.9,19.0,37.0,56.0,41.0,12.0,8.0,14.0,20.0,72.0,26.0,32.0,54.0,20.0
2052500093,2025-26,2025-11-22,7,1612709889,Oklahoma City Blue,OKL,Texas Legends,AWAY,W,112.0,110.0,112.0,44.0,86.0,51.16,30.0,51.0,58.82,14.0,35.0,40.0,5.0,11.0,45.45,11.0,37.0,48.0,34.0,8.0,3.0,17.0,11.0,50.0,18.0,22.0,43.0,24.0
2052500105,2025-26,2025-11-25,8,1612709889,Oklahoma City Blue,OKL,Memphis Hustle,HOME,W,114.0,84.0,114.0,40.0,75.0,53.33,30.0,45.0,66.67,10.0,30.0,33.33,14.0,15.0,93.33,7.0,46.0,53.0,26.0,5.0,7.0,17.0,12.0,56.0,8.0,15.0,58.0,11.0
2052500113,2025-26,2025-11-28,9,1612709889,Oklahoma City Blue,OKL,Austin Spurs,AWAY,L,110.0,116.0,110.0,40.0,86.0,46.51,24.0,46.0,52.17,16.0,40.0,40.0,8.0,15.0,53.33,8.0,28.0,36.0,26.0,11.0,12.0,12.0,23.0,42.0,9.0,14.0,37.0,21.0
2052500129,2025-26,2025-11-30,10,1612709889,Oklahoma City Blue,OKL,Austin Spurs,AWAY,L,96.0,110.0,96.0,34.0,82.0,41.46,27.0,52.0,51.92,7.0,30.0,23.33,11.0,12.0,91.67,8.0,22.0,30.0,20.0,13.0,7.0,15.0,20.0,48.0,8.0,28.0,37.0,4.0
2052500146,2025-26,2025-12-04,11,1612709889,Oklahoma City Blue,OKL,Osceola Magic,HOME,L,101.0,113.0,101.0,32.0,83.0,38.55,19.0,46.0,41.3,13.0,37.0,35.14,12.0,16.0,75.0,17.0,34.0,51.0,23.0,9.0,6.0,21.0,15.0,38.0,24.0,14.0,25.0,6.0
2052500158,2025-26,2025-12-06,12,1612709889,Oklahoma City Blue,OKL,Osceola Magic,HOME,L,123.0,139.0,123.0,43.0,92.0,46.74,24.0,48.0,50.0,19.0,44.0,43.18,11.0,14.0,78.57,10.0,23.0,33.0,31.0,8.0,3.0,10.0,11.0,46.0,12.0,23.0,31.0,14.0
2052500185,2025-26,2025-12-11,13,1612709889,Oklahoma City Blue,OKL,Birmingham Squadron,HOME,L,101.0,103.0,101.0,34.0,87.0,39.08,17.0,42.0,40.48,17.0,45.0,37.78,9.0,15.0,60.0,14.0,29.0,43.0,23.0,15.0,7.0,16.0,22.0,34.0,13.0,14.0,32.0,12.0
2052500192,2025-26,2025-12-12,14,1612709889,Oklahoma City Blue,OKL,Rio Grande Valley Vipers,HOME,L,119.0,120.0,119.0,47.0,92.0,51.09,38.0,65.0,58.46,9.0,27.0,33.33,9.0,14.0,64.29,17.0,31.0,48.0,30.0,14.0,9.0,18.0,23.0,68.0,19.0,25.0,33.0,25.0
2022500012,2025-26,2025-12-20,15,1612709889,Oklahoma City Blue,OKL,Capital City Go-Go,HOME,L,86.0,125.0,86.0,35.0,90.0,38.89,28.0,58.0,48.28,7.0,32.0,21.88,7.0,15.0,46.67,15.0,32.0,47.0,22.0,7.0,8.0,14.0,15.0,52.0,6.0,5.0,10.0,10.0
2022500027,2025-26,2025-12-22,16,1612709889,Oklahoma City Blue,OKL,Long Island Nets,AWAY,L,97.0,116.0,97.0,36.0,76.0,47.37,23.0,39.0,58.97,13.0,37.0,35.14,8.0,9.0,88.89,10.0,35.0,45.0,26.0,7.0,9.0,33.0,16.0,44.0,9.0,15.0,27.0,15.0
2022500042,2025-26,2025-12-27,17,1612709889,Oklahoma City Blue,OKL,South Bay Lakers,HOME,W,124.0,123.0,124.0,44.0,100.0,44.0,30.0,59.0,50.85,14.0,41.0,34.15,17.0,20.0,85.0,12.0,41.0,53.0,24.0,11.0,10.0,15.0,21.0,52.0,20.0,8.0,51.0,8.0
2022500053,2025-26,2025-12-29,18,1612709889,Oklahoma City Blue,OKL,Mexico City Capitanes,HOME,L,123.0,130.0,123.0,45.0,77.0,58.44,28.0,45.0,62.22,17.0,32.0,53.12,11.0,19.0,57.89,8.0,28.0,36.0,28.0,3.0,5.0,21.0,8.0,50.0,16.0,10.0,16.0,2.0
2022500062,2025-26,2025-12-30,19,1612709889,Oklahoma City Blue,OKL,Mexico City Capitanes,HOME,L,90.0,102.0,90.0,34.0,85.0,40.0,22.0,49.0,44.9,12.0,36.0,33.33,6.0,9.0,66.67,13.0,32.0,45.0,21.0,7.0,7.0,17.0,14.0,42.0,13.0,16.0,5.0,4.0
2022500076,2025-26,2026-01-02,20,1612709889,Oklahoma City Blue,OKL,Texas Legends,HOME,L,84.0,110.0,84.0,34.0,99.0,34.34,28.0,76.0,36.84,6.0,23.0,26.09,7.0,9.0,77.78,15.0,35.0,50.0,20.0,7.0,6.0,16.0,13.0,54.0,11.0,12.0,15.0,14.0
2022500091,2025-26,2026-01-04,21,1612709889,Oklahoma City Blue,OKL,Santa Cruz Warriors,HOME,L,71.0,106.0,71.0,24.0,88.0,27.27,14.0,50.0,28.0,10.0,38.0,26.32,8.0,12.0,66.67,5.0,35.0,40.0,17.0,7.0,8.0,8.0,15.0,22.0,4.0,11.0,29.0,4.0
2022500101,2025-26,2026-01-06,22,1612709889,Oklahoma City Blue,OKL,Valley Suns,AWAY,W,114.0,109.0,114.0,41.0,81.0,50.62,31.0,53.0,58.49,10.0,28.0,35.71,13.0,15.0,86.67,8.0,35.0,43.0,21.0,11.0,2.0,16.0,13.0,48.0,10.0,20.0,19.0,11.0
2022500105,2025-26,2026-01-07,23,1612709889,Oklahoma City Blue,OKL,Valley Suns,AWAY,L,102.0,124.0,102.0,41.0,89.0,46.07,34.0,66.0,51.52,7.0,23.0,30.43,7.0,11.0,63.64,8.0,32.0,40.0,19.0,8.0,6.0,12.0,14.0,56.0,10.0,6.0,29.0,9.0
2022500149,2025-26,2026-01-14,24,1612709889,Oklahoma City Blue,OKL,Rip City Remix,AWAY,L,99.0,123.0,99.0,37.0,83.0,44.58,25.0,42.0,59.52,12.0,41.0,29.27,6.0,9.0,66.67,6.0,30.0,36.0,28.0,15.0,6.0,19.0,21.0,48.0,4.0,32.0,33.0,24.0
2022500160,2025-26,2026-01-16,25,1612709889,Oklahoma City Blue,OKL,Rip City Remix,AWAY,L,111.0,127.0,111.0,42.0,85.0,49.41,31.0,51.0,60.78,11.0,34.0,32.35,10.0,15.0,66.67,11.0,27.0,38.0,26.0,9.0,3.0,16.0,12.0,56.0,14.0,15.0,28.0,10.0
2022500175,2025-26,2026-01-18,26,1612709889,Oklahoma City Blue,OKL,Stockton Kings,AWAY,L,110.0,117.0,110.0,43.0,90.0,47.78,30.0,57.0,52.63,13.0,33.0,39.39,6.0,10.0,60.0,12.0,34.0,46.0,24.0,7.0,2.0,13.0,9.0,56.0,19.0,22.0,33.0,20.0
2022500184,2025-26,2026-01-20,27,1612709889,Oklahoma City Blue,OKL,Austin Spurs,HOME,L,112.0,127.0,112.0,44.0,101.0,43.56,34.0,64.0,53.12,10.0,37.0,27.03,9.0,11.0,81.82,14.0,31.0,45.0,33.0,6.0,6.0,9.0,12.0,58.0,17.0,14.0,7.0,14.0
2022500203,2025-26,2026-01-23,28,1612709889,Oklahoma City Blue,OKL,San Diego Clippers,AWAY,W,113.0,109.0,113.0,42.0,88.0,47.73,29.0,59.0,49.15,13.0,29.0,44.83,11.0,16.0,68.75,8.0,31.0,39.0,25.0,8.0,5.0,7.0,13.0,52.0,10.0,19.0,23.0,12.0
2022500212,2025-26,2026-01-24,29,1612709889,Oklahoma City Blue,OKL,San Diego Clippers,AWAY,W,113.0,92.0,113.0,47.0,81.0,58.02,36.0,52.0,69.23,11.0,29.0,37.93,5.0,8.0,62.5,6.0,31.0,37.0,27.0,12.0,3.0,9.0,15.0,64.0,7.0,20.0,21.0,28.0
2022500220,2025-26,2026-01-26,30,1612709889,Oklahoma City Blue,OKL,Windy City Bulls,HOME,L,103.0,116.0,103.0,41.0,92.0,44.57,29.0,55.0,52.73,12.0,37.0,32.43,6.0,9.0,66.67,11.0,38.0,49.0,27.0,10.0,6.0,17.0,16.0,54.0,10.0,21.0,19.0,8.0
2022500226,2025-26,2026-01-28,31,1612709889,Oklahoma City Blue,OKL,Windy City Bulls,HOME,L,102.0,123.0,102.0,37.0,93.0,39.78,27.0,56.0,48.21,10.0,37.0,27.03,11.0,13.0,84.62,14.0,32.0,46.0,23.0,9.0,7.0,14.0,16.0,44.0,15.0,11.0,27.0,11.0
2022500252,2025-26,2026-02-01,32,1612709889,Oklahoma City Blue,OKL,Rio Grande Valley Vipers,HOME,L,94.0,109.0,94.0,33.0,81.0,40.74,26.0,53.0,49.06,7.0,28.0,25.0,13.0,18.0,72.22,10.0,33.0,43.0,20.0,12.0,4.0,19.0,16.0,42.0,16.0,14.0,12.0,11.0
2022500261,2025-26,2026-02-03,33,1612709889,Oklahoma City Blue,OKL,Santa Cruz Warriors,HOME,W,130.0,110.0,130.0,49.0,89.0,55.06,30.0,54.0,55.56,19.0,35.0,54.29,8.0,10.0,80.0,8.0,39.0,47.0,37.0,7.0,3.0,12.0,10.0,58.0,7.0,11.0,38.0,15.0
2022500297,2025-26,2026-02-09,34,1612709889,Oklahoma City Blue,OKL,Sioux Falls Skyforce,HOME,W,137.0,135.0,137.0,51.0,94.0,54.26,37.0,62.0,59.68,14.0,32.0,43.75,13.0,20.0,65.0,9.0,33.0,42.0,36.0,9.0,5.0,14.0,14.0,68.0,10.0,21.0,47.0,15.0
2022500302,2025-26,2026-02-10,35,1612709889,Oklahoma City Blue,OKL,Sioux Falls Skyforce,HOME,W,127.0,118.0,127.0,44.0,79.0,55.7,29.0,45.0,64.44,15.0,34.0,44.12,14.0,18.0,77.78,6.0,36.0,42.0,27.0,6.0,4.0,14.0,10.0,50.0,11.0,20.0,58.0,6.0
2022500328,2025-26,2026-02-19,36,1612709889,Oklahoma City Blue,OKL,Salt Lake City Stars,AWAY,L,126.0,137.0,126.0,48.0,98.0,48.98,33.0,60.0,55.0,15.0,38.0,39.47,9.0,11.0,81.82,11.0,35.0,46.0,33.0,5.0,3.0,11.0,8.0,66.0,8.0,9.0,50.0,18.0
2022500336,2025-26,2026-02-20,37,1612709889,Oklahoma City Blue,OKL,Salt Lake City Stars,AWAY,L,106.0,123.0,106.0,40.0,86.0,46.51,29.0,44.0,65.91,11.0,42.0,26.19,10.0,17.0,58.82,12.0,32.0,44.0,25.0,6.0,2.0,16.0,8.0,52.0,17.0,12.0,48.0,21.0
2022500353,2025-26,2026-02-22,38,1612709889,Oklahoma City Blue,OKL,Stockton Kings,AWAY,W,114.0,107.0,114.0,43.0,92.0,46.74,33.0,59.0,55.93,10.0,33.0,30.3,12.0,18.0,66.67,14.0,36.0,50.0,22.0,11.0,4.0,11.0,15.0,64.0,11.0,20.0,18.0,14.0
2022500358,2025-26,2026-02-24,39,1612709889,Oklahoma City Blue,OKL,Austin Spurs,HOME,W,109.0,100.0,109.0,35.0,79.0,44.3,26.0,47.0,55.32,9.0,32.0,28.12,19.0,26.0,73.08,8.0,41.0,49.0,23.0,7.0,6.0,19.0,13.0,48.0,8.0,22.0,33.0,12.0
2022500393,2025-26,2026-03-01,40,1612709889,Oklahoma City Blue,OKL,Motor City Cruise,HOME,L,121.0,129.0,121.0,44.0,88.0,50.0,34.0,62.0,54.84,10.0,26.0,38.46,14.0,18.0,77.78,13.0,33.0,46.0,30.0,13.0,4.0,17.0,17.0,68.0,19.0,28.0,44.0,20.0
2022500408,2025-26,2026-03-04,41,1612709889,Oklahoma City Blue,OKL,South Bay Lakers,HOME,L,120.0,129.0,120.0,46.0,100.0,46.0,37.0,67.0,55.22,9.0,33.0,27.27,11.0,15.0,73.33,17.0,30.0,47.0,26.0,10.0,8.0,15.0,18.0,72.0,15.0,10.0,23.0,22.0
2022500422,2025-26,2026-03-07,42,1612709889,Oklahoma City Blue,OKL,Texas Legends,HOME,L,117.0,123.0,117.0,47.0,99.0,47.47,32.0,59.0,54.24,15.0,40.0,37.5,6.0,8.0,75.0,15.0,30.0,45.0,31.0,8.0,2.0,14.0,10.0,64.0,19.0,13.0,37.0,12.0
2022500457,2025-26,2026-03-13,43,1612709889,Oklahoma City Blue,OKL,Delaware Blue Coats,AWAY,W,135.0,129.0,135.0,52.0,84.0,61.9,41.0,58.0,70.69,11.0,26.0,42.31,12.0,14.0,85.71,8.0,31.0,39.0,34.0,11.0,6.0,26.0,17.0,78.0,10.0,31.0,64.0,14.0
2022500468,2025-26,2026-03-15,44,1612709889,Oklahoma City Blue,OKL,Grand Rapids Gold,AWAY,L,125.0,131.0,125.0,47.0,95.0,49.47,33.0,59.0,55.93,14.0,36.0,38.89,11.0,12.0,91.67,13.0,35.0,48.0,26.0,6.0,2.0,12.0,8.0,64.0,13.0,15.0,46.0,8.0
2022500482,2025-26,2026-03-17,45,1612709889,Oklahoma City Blue,OKL,Grand Rapids Gold,AWAY,W,130.0,127.0,130.0,54.0,90.0,60.0,49.0,69.0,71.01,5.0,21.0,23.81,9.0,13.0,69.23,7.0,51.0,58.0,31.0,2.0,9.0,16.0,11.0,86.0,12.0,6.0,47.0,20.0
2022500506,2025-26,2026-03-21,46,1612709889,Oklahoma City Blue,OKL,Memphis Hustle,AWAY,L,108.0,115.0,108.0,39.0,89.0,43.82,27.0,56.0,48.21,12.0,33.0,36.36,12.0,19.0,63.16,9.0,35.0,44.0,25.0,6.0,6.0,20.0,12.0,52.0,22.0,13.0,29.0,21.0
2022500518,2025-26,2026-03-22,47,1612709889,Oklahoma City Blue,OKL,Memphis Hustle,AWAY,W,125.0,115.0,125.0,50.0,85.0,58.82,38.0,59.0,64.41,12.0,26.0,46.15,10.0,13.0,76.92,11.0,32.0,43.0,33.0,10.0,3.0,18.0,13.0,70.0,5.0,21.0,51.0,37.0
2022500526,2025-26,2026-03-24,48,1612709889,Oklahoma City Blue,OKL,Rio Grande Valley Vipers,HOME,L,105.0,120.0,105.0,39.0,77.0,50.65,24.0,45.0,53.33,15.0,32.0,46.88,7.0,15.0,46.67,10.0,35.0,45.0,24.0,8.0,6.0,28.0,14.0,46.0,9.0,19.0,56.0,13.0
2022500537,2025-26,2026-03-26,49,1612709889,Oklahoma City Blue,OKL,Iowa Wolves,AWAY,L,106.0,133.0,106.0,41.0,81.0,50.62,29.0,47.0,61.7,12.0,34.0,35.29,7.0,11.0,63.64,4.0,32.0,36.0,28.0,9.0,5.0,18.0,14.0,54.0,8.0,10.0,29.0,19.0
2022500553,2025-26,2026-03-28,50,1612709889,Oklahoma City Blue,OKL,Iowa Wolves,AWAY,L,117.0,132.0,117.0,45.0,89.0,50.56,38.0,65.0,58.46,7.0,24.0,29.17,13.0,16.0,81.25,6.0,30.0,36.0,35.0,8.0,3.0,11.0,11.0,70.0,9.0,18.0,23.0,15.0
2052500005,2025-26,2025-11-07,1,1612709925,Osceola Magic,OSC,Texas Legends,HOME,W,134.0,113.0,134.0,52.0,100.0,52.0,38.0,57.0,66.67,14.0,43.0,32.56,10.0,13.0,76.92,15.0,36.0,51.0,31.0,14.0,6.0,17.0,20.0,72.0,21.0,23.0,39.0,18.0
2052500015,2025-26,2025-11-08,2,1612709925,Osceola Magic,OSC,Texas Legends,HOME,W,144.0,112.0,144.0,51.0,97.0,52.58,34.0,56.0,60.71,17.0,41.0,41.46,14.0,17.0,82.35,13.0,40.0,53.0,36.0,10.0,4.0,13.0,14.0,68.0,18.0,21.0,57.0,23.0
2052500036,2025-26,2025-11-13,3,1612709925,Osceola Magic,OSC,Mexico City Capitanes,HOME,W,117.0,111.0,117.0,38.0,79.0,48.1,29.0,49.0,59.18,9.0,30.0,30.0,18.0,25.0,72.0,14.0,29.0,43.0,25.0,8.0,5.0,20.0,13.0,48.0,19.0,12.0,40.0,8.0
2052500044,2025-26,2025-11-14,4,1612709925,Osceola Magic,OSC,Birmingham Squadron,HOME,W,120.0,77.0,120.0,43.0,94.0,45.74,25.0,43.0,58.14,18.0,51.0,35.29,10.0,12.0,83.33,13.0,49.0,62.0,26.0,9.0,6.0,10.0,15.0,44.0,22.0,29.0,64.0,21.0
2052500059,2025-26,2025-11-16,5,1612709925,Osceola Magic,OSC,Birmingham Squadron,HOME,L,118.0,122.0,118.0,40.0,91.0,43.96,26.0,46.0,56.52,14.0,45.0,31.11,13.0,17.0,76.47,8.0,33.0,41.0,29.0,9.0,5.0,14.0,14.0,46.0,4.0,30.0,48.0,9.0
2052500073,2025-26,2025-11-19,6,1612709925,Osceola Magic,OSC,Austin Spurs,AWAY,L,120.0,134.0,120.0,35.0,81.0,43.21,17.0,33.0,51.52,18.0,48.0,37.5,17.0,19.0,89.47,15.0,29.0,44.0,25.0,7.0,7.0,18.0,14.0,34.0,14.0,9.0,52.0,16.0
2052500078,2025-26,2025-11-20,7,1612709925,Osceola Magic,OSC,Austin Spurs,AWAY,W,110.0,102.0,110.0,38.0,79.0,48.1,25.0,43.0,58.14,13.0,36.0,36.11,14.0,17.0,82.35,7.0,34.0,41.0,20.0,11.0,10.0,19.0,21.0,50.0,11.0,18.0,49.0,14.0
2052500120,2025-26,2025-11-29,8,1612709925,Osceola Magic,OSC,Rio Grande Valley Vipers,AWAY,W,134.0,125.0,134.0,44.0,94.0,46.81,31.0,58.0,53.45,13.0,36.0,36.11,19.0,21.0,90.48,15.0,36.0,51.0,25.0,14.0,8.0,20.0,22.0,58.0,22.0,25.0,29.0,15.0
2052500134,2025-26,2025-12-01,9,1612709925,Osceola Magic,OSC,Rio Grande Valley Vipers,AWAY,L,108.0,113.0,108.0,38.0,86.0,44.19,31.0,45.0,68.89,7.0,41.0,17.07,16.0,19.0,84.21,16.0,26.0,42.0,16.0,17.0,4.0,17.0,21.0,58.0,19.0,27.0,21.0,14.0
2052500146,2025-26,2025-12-04,10,1612709925,Osceola Magic,OSC,Oklahoma City Blue,AWAY,W,113.0,101.0,113.0,37.0,87.0,42.53,21.0,43.0,48.84,16.0,44.0,36.36,13.0,19.0,68.42,12.0,29.0,41.0,24.0,11.0,7.0,12.0,18.0,42.0,22.0,22.0,43.0,8.0
2052500158,2025-26,2025-12-06,11,1612709925,Osceola Magic,OSC,Oklahoma City Blue,AWAY,W,139.0,123.0,139.0,46.0,77.0,59.74,25.0,40.0,62.5,21.0,37.0,56.76,15.0,19.0,78.95,10.0,36.0,46.0,30.0,8.0,6.0,20.0,14.0,46.0,17.0,22.0,33.0,8.0
2052500184,2025-26,2025-12-11,12,1612709925,Osceola Magic,OSC,Memphis Hustle,AWAY,L,121.0,132.0,121.0,46.0,101.0,45.54,38.0,60.0,63.33,8.0,41.0,19.51,14.0,18.0,77.78,10.0,24.0,34.0,26.0,18.0,3.0,12.0,21.0,76.0,15.0,24.0,42.0,23.0
2052500204,2025-26,2025-12-14,13,1612709925,Osceola Magic,OSC,Memphis Hustle,HOME,L,119.0,121.0,119.0,40.0,90.0,44.44,30.0,53.0,56.6,10.0,37.0,27.03,18.0,20.0,90.0,10.0,31.0,41.0,22.0,12.0,3.0,18.0,15.0,58.0,6.0,33.0,37.0,11.0
2052500212,2025-26,2025-12-16,14,1612709925,Osceola Magic,OSC,Memphis Hustle,HOME,L,122.0,125.0,122.0,39.0,82.0,47.56,26.0,40.0,65.0,13.0,42.0,30.95,20.0,26.0,76.92,17.0,27.0,44.0,22.0,12.0,8.0,28.0,20.0,44.0,34.0,26.0,41.0,7.0
2022500006,2025-26,2025-12-19,15,1612709925,Osceola Magic,OSC,Noblesville Boom,AWAY,L,99.0,112.0,99.0,36.0,92.0,39.13,26.0,50.0,52.0,10.0,42.0,23.81,10.0,15.0,66.67,11.0,36.0,47.0,24.0,14.0,6.0,17.0,20.0,52.0,11.0,22.0,46.0,17.0
2022500030,2025-26,2025-12-22,16,1612709925,Osceola Magic,OSC,Mexico City Capitanes,HOME,W,119.0,112.0,119.0,42.0,79.0,53.16,22.0,41.0,53.66,20.0,38.0,52.63,10.0,14.0,71.43,13.0,30.0,43.0,34.0,8.0,5.0,24.0,13.0,42.0,18.0,23.0,39.0,20.0
2022500045,2025-26,2025-12-27,17,1612709925,Osceola Magic,OSC,Santa Cruz Warriors,AWAY,W,122.0,97.0,122.0,46.0,91.0,50.55,31.0,52.0,59.62,15.0,39.0,38.46,9.0,10.0,90.0,12.0,29.0,41.0,26.0,14.0,2.0,9.0,16.0,54.0,6.0,24.0,36.0,9.0
2022500052,2025-26,2025-12-28,18,1612709925,Osceola Magic,OSC,Santa Cruz Warriors,AWAY,W,106.0,96.0,106.0,35.0,93.0,37.63,20.0,44.0,45.45,15.0,49.0,30.61,12.0,15.0,80.0,19.0,23.0,42.0,24.0,10.0,1.0,8.0,11.0,36.0,19.0,21.0,38.0,16.0
2022500066,2025-26,2025-12-31,19,1612709925,Osceola Magic,OSC,Rip City Remix,AWAY,W,129.0,126.0,129.0,43.0,89.0,48.31,26.0,44.0,59.09,17.0,45.0,37.78,18.0,22.0,81.82,10.0,37.0,47.0,24.0,8.0,9.0,12.0,17.0,50.0,9.0,14.0,35.0,21.0
2022500077,2025-26,2026-01-02,20,1612709925,Osceola Magic,OSC,Windy City Bulls,AWAY,L,121.0,128.0,121.0,47.0,95.0,49.47,38.0,62.0,61.29,9.0,33.0,27.27,9.0,13.0,69.23,11.0,24.0,35.0,21.0,14.0,13.0,15.0,27.0,76.0,15.0,38.0,36.0,23.0
2022500085,2025-26,2026-01-03,21,1612709925,Osceola Magic,OSC,Windy City Bulls,AWAY,W,130.0,114.0,130.0,51.0,96.0,53.12,38.0,64.0,59.38,13.0,32.0,40.62,8.0,12.0,66.67,14.0,25.0,39.0,27.0,12.0,5.0,7.0,17.0,76.0,27.0,30.0,47.0,23.0
2022500111,2025-26,2026-01-08,22,1612709925,Osceola Magic,OSC,Birmingham Squadron,AWAY,W,111.0,106.0,111.0,40.0,81.0,49.38,31.0,50.0,62.0,9.0,31.0,29.03,15.0,21.0,71.43,11.0,27.0,38.0,19.0,13.0,3.0,13.0,16.0,60.0,18.0,22.0,52.0,13.0
2022500125,2025-26,2026-01-10,23,1612709925,Osceola Magic,OSC,Birmingham Squadron,AWAY,W,112.0,95.0,112.0,42.0,84.0,50.0,27.0,43.0,62.79,15.0,41.0,36.59,8.0,11.0,72.73,8.0,23.0,31.0,32.0,21.0,5.0,18.0,26.0,54.0,10.0,44.0,41.0,34.0
2022500137,2025-26,2026-01-12,24,1612709925,Osceola Magic,OSC,College Park Skyhawks,AWAY,W,130.0,109.0,130.0,46.0,96.0,47.92,30.0,59.0,50.85,16.0,37.0,43.24,11.0,12.0,91.67,16.0,35.0,51.0,22.0,10.0,4.0,11.0,14.0,60.0,24.0,20.0,46.0,20.0
2022500161,2025-26,2026-01-17,25,1612709925,Osceola Magic,OSC,Greensboro Swarm,AWAY,L,123.0,125.0,123.0,47.0,106.0,44.34,33.0,55.0,60.0,14.0,51.0,27.45,11.0,15.0,73.33,13.0,34.0,47.0,31.0,12.0,8.0,9.0,20.0,66.0,20.0,32.0,46.0,14.0
2022500204,2025-26,2026-01-24,26,1612709925,Osceola Magic,OSC,Westchester Knicks,AWAY,W,124.0,103.0,124.0,46.0,83.0,55.42,34.0,55.0,61.82,12.0,28.0,42.86,12.0,14.0,85.71,15.0,23.0,38.0,29.0,13.0,4.0,15.0,17.0,68.0,22.0,28.0,41.0,18.0
2022500217,2025-26,2026-01-26,27,1612709925,Osceola Magic,OSC,Raptors 905,HOME,W,112.0,109.0,112.0,40.0,91.0,43.96,29.0,56.0,51.79,11.0,35.0,31.43,15.0,17.0,88.24,14.0,35.0,49.0,26.0,8.0,8.0,15.0,16.0,52.0,10.0,28.0,37.0,7.0
2022500228,2025-26,2026-01-28,28,1612709925,Osceola Magic,OSC,Raptors 905,HOME,W,118.0,109.0,118.0,42.0,85.0,49.41,32.0,55.0,58.18,10.0,30.0,33.33,15.0,18.0,83.33,14.0,30.0,44.0,24.0,12.0,4.0,18.0,16.0,60.0,14.0,26.0,41.0,19.0
2022500232,2025-26,2026-01-29,29,1612709925,Osceola Magic,OSC,Westchester Knicks,HOME,W,110.0,102.0,110.0,37.0,77.0,48.05,21.0,41.0,51.22,16.0,36.0,44.44,11.0,14.0,78.57,10.0,31.0,41.0,21.0,6.0,2.0,13.0,8.0,42.0,10.0,19.0,47.0,8.0
2022500259,2025-26,2026-02-02,30,1612709925,Osceola Magic,OSC,South Bay Lakers,HOME,W,137.0,133.0,137.0,50.0,84.0,59.52,38.0,60.0,63.33,12.0,24.0,50.0,16.0,22.0,72.73,9.0,32.0,41.0,26.0,8.0,1.0,18.0,9.0,70.0,19.0,22.0,34.0,10.0
2022500269,2025-26,2026-02-04,31,1612709925,Osceola Magic,OSC,Noblesville Boom,HOME,L,117.0,129.0,117.0,38.0,80.0,47.5,24.0,46.0,52.17,14.0,34.0,41.18,15.0,21.0,71.43,9.0,29.0,38.0,17.0,10.0,5.0,22.0,15.0,44.0,16.0,22.0,21.0,6.0
2022500277,2025-26,2026-02-06,32,1612709925,Osceola Magic,OSC,Noblesville Boom,HOME,W,119.0,114.0,119.0,42.0,77.0,54.55,27.0,45.0,60.0,15.0,32.0,46.88,13.0,16.0,81.25,6.0,31.0,37.0,26.0,10.0,6.0,21.0,16.0,54.0,10.0,19.0,37.0,12.0
2022500323,2025-26,2026-02-19,33,1612709925,Osceola Magic,OSC,Capital City Go-Go,AWAY,L,110.0,113.0,110.0,45.0,93.0,48.39,35.0,62.0,56.45,10.0,31.0,32.26,6.0,11.0,54.55,15.0,32.0,47.0,25.0,9.0,3.0,11.0,12.0,70.0,20.0,25.0,47.0,13.0
2022500341,2025-26,2026-02-21,34,1612709925,Osceola Magic,OSC,Grand Rapids Gold,AWAY,W,121.0,95.0,121.0,44.0,89.0,49.44,27.0,48.0,56.25,17.0,41.0,41.46,9.0,13.0,69.23,14.0,36.0,50.0,29.0,10.0,11.0,14.0,21.0,52.0,21.0,25.0,51.0,10.0
2022500354,2025-26,2026-02-23,35,1612709925,Osceola Magic,OSC,Grand Rapids Gold,AWAY,W,109.0,97.0,109.0,40.0,88.0,45.45,27.0,45.0,60.0,13.0,43.0,30.23,8.0,12.0,66.67,17.0,25.0,42.0,19.0,10.0,5.0,12.0,15.0,44.0,20.0,22.0,17.0,19.0
2022500374,2025-26,2026-02-26,36,1612709925,Osceola Magic,OSC,Cleveland Charge,HOME,L,107.0,129.0,107.0,39.0,89.0,43.82,30.0,57.0,52.63,9.0,32.0,28.12,12.0,15.0,80.0,14.0,28.0,42.0,25.0,7.0,6.0,14.0,13.0,60.0,15.0,18.0,33.0,17.0
2022500369,2025-26,2026-02-27,37,1612709925,Osceola Magic,OSC,Cleveland Charge,HOME,W,128.0,111.0,128.0,46.0,88.0,52.27,35.0,56.0,62.5,11.0,32.0,34.38,16.0,21.0,76.19,10.0,28.0,38.0,33.0,17.0,5.0,14.0,22.0,68.0,19.0,32.0,52.0,18.0
2022500392,2025-26,2026-03-01,38,1612709925,Osceola Magic,OSC,Sioux Falls Skyforce,HOME,L,108.0,123.0,108.0,37.0,89.0,41.57,27.0,47.0,57.45,10.0,42.0,23.81,13.0,16.0,81.25,16.0,26.0,42.0,21.0,10.0,4.0,21.0,14.0,54.0,16.0,17.0,35.0,8.0
2022500402,2025-26,2026-03-03,39,1612709925,Osceola Magic,OSC,Sioux Falls Skyforce,HOME,W,113.0,106.0,113.0,41.0,94.0,43.62,24.0,53.0,45.28,17.0,41.0,41.46,10.0,12.0,83.33,15.0,32.0,47.0,25.0,13.0,7.0,20.0,20.0,48.0,20.0,30.0,57.0,4.0
2022500430,2025-26,2026-03-08,40,1612709925,Osceola Magic,OSC,Maine Celtics,HOME,W,134.0,103.0,134.0,47.0,83.0,56.63,35.0,51.0,68.63,12.0,32.0,37.5,15.0,16.0,93.75,5.0,41.0,46.0,30.0,14.0,2.0,18.0,16.0,70.0,9.0,26.0,58.0,24.0
2022500441,2025-26,2026-03-10,41,1612709925,Osceola Magic,OSC,Maine Celtics,HOME,L,112.0,119.0,112.0,37.0,85.0,43.53,22.0,38.0,57.89,15.0,47.0,31.91,13.0,19.0,68.42,12.0,29.0,41.0,20.0,13.0,5.0,14.0,18.0,44.0,14.0,21.0,31.0,12.0
2022500447,2025-26,2026-03-11,42,1612709925,Osceola Magic,OSC,Wisconsin Herd,HOME,W,126.0,113.0,126.0,39.0,72.0,54.17,28.0,39.0,71.79,11.0,33.0,33.33,18.0,20.0,90.0,11.0,36.0,47.0,20.0,6.0,2.0,19.0,8.0,50.0,17.0,12.0,43.0,13.0
2022500458,2025-26,2026-03-13,43,1612709925,Osceola Magic,OSC,Greensboro Swarm,AWAY,L,120.0,127.0,120.0,41.0,89.0,46.07,26.0,51.0,50.98,15.0,38.0,39.47,12.0,18.0,66.67,13.0,27.0,40.0,19.0,9.0,4.0,16.0,13.0,50.0,21.0,14.0,41.0,7.0
2022500470,2025-26,2026-03-15,44,1612709925,Osceola Magic,OSC,Long Island Nets,HOME,W,126.0,107.0,126.0,40.0,81.0,49.38,29.0,49.0,59.18,11.0,32.0,34.38,19.0,25.0,76.0,12.0,40.0,52.0,20.0,8.0,1.0,13.0,9.0,56.0,29.0,18.0,38.0,6.0
2022500483,2025-26,2026-03-17,45,1612709925,Osceola Magic,OSC,Long Island Nets,HOME,W,129.0,109.0,129.0,41.0,73.0,56.16,22.0,35.0,62.86,19.0,38.0,50.0,16.0,17.0,94.12,12.0,31.0,43.0,27.0,6.0,4.0,17.0,10.0,44.0,18.0,14.0,37.0,14.0
2022500497,2025-26,2026-03-20,46,1612709925,Osceola Magic,OSC,Delaware Blue Coats,HOME,W,113.0,106.0,113.0,42.0,92.0,45.65,31.0,57.0,54.39,11.0,35.0,31.43,11.0,15.0,73.33,14.0,32.0,46.0,24.0,10.0,2.0,14.0,12.0,56.0,17.0,21.0,18.0,16.0
2022500505,2025-26,2026-03-21,47,1612709925,Osceola Magic,OSC,Delaware Blue Coats,HOME,W,124.0,107.0,124.0,42.0,89.0,47.19,28.0,51.0,54.9,14.0,38.0,36.84,15.0,18.0,83.33,14.0,33.0,47.0,21.0,3.0,5.0,11.0,8.0,54.0,30.0,18.0,39.0,6.0
2022500531,2025-26,2026-03-25,48,1612709925,Osceola Magic,OSC,College Park Skyhawks,AWAY,W,129.0,120.0,129.0,40.0,87.0,45.98,24.0,51.0,47.06,16.0,36.0,44.44,20.0,25.0,80.0,15.0,43.0,58.0,30.0,7.0,9.0,16.0,16.0,48.0,13.0,18.0,51.0,23.0
2022500543,2025-26,2026-03-27,49,1612709925,Osceola Magic,OSC,Motor City Cruise,AWAY,L,118.0,132.0,118.0,39.0,86.0,45.35,26.0,44.0,59.09,13.0,42.0,30.95,15.0,22.0,68.18,10.0,28.0,38.0,19.0,8.0,6.0,15.0,14.0,52.0,13.0,23.0,39.0,15.0
2022500552,2025-26,2026-03-28,50,1612709925,Osceola Magic,OSC,Motor City Cruise,AWAY,W,125.0,119.0,125.0,45.0,75.0,60.0,35.0,47.0,74.47,10.0,28.0,35.71,18.0,24.0,75.0,8.0,30.0,38.0,21.0,7.0,2.0,17.0,9.0,68.0,9.0,25.0,42.0,6.0
2052500006,2025-26,2025-11-07,1,1612709920,Raptors 905,RAP,College Park Skyhawks,HOME,W,130.0,94.0,130.0,47.0,87.0,54.02,30.0,48.0,62.5,17.0,39.0,43.59,12.0,20.0,60.0,16.0,33.0,49.0,24.0,14.0,4.0,25.0,18.0,56.0,26.0,39.0,50.0,14.0
2052500022,2025-26,2025-11-09,2,1612709920,Raptors 905,RAP,College Park Skyhawks,HOME,W,124.0,92.0,124.0,43.0,83.0,51.81,28.0,50.0,56.0,15.0,33.0,45.45,13.0,15.0,86.67,9.0,36.0,45.0,31.0,14.0,4.0,16.0,18.0,48.0,12.0,27.0,66.0,27.0
2052500034,2025-26,2025-11-12,3,1612709920,Raptors 905,RAP,Maine Celtics,HOME,W,111.0,75.0,111.0,42.0,83.0,50.6,32.0,54.0,59.26,10.0,29.0,34.48,9.0,12.0,75.0,13.0,36.0,49.0,28.0,8.0,16.0,17.0,24.0,64.0,23.0,25.0,32.0,14.0
2052500045,2025-26,2025-11-14,4,1612709920,Raptors 905,RAP,Westchester Knicks,AWAY,W,113.0,110.0,113.0,37.0,87.0,42.53,22.0,49.0,44.9,15.0,38.0,39.47,13.0,17.0,76.47,9.0,28.0,37.0,28.0,15.0,3.0,21.0,18.0,38.0,15.0,36.0,39.0,22.0
2052500070,2025-26,2025-11-19,5,1612709920,Raptors 905,RAP,Greensboro Swarm,AWAY,W,124.0,116.0,124.0,47.0,88.0,53.41,33.0,50.0,66.0,14.0,38.0,36.84,11.0,14.0,78.57,10.0,28.0,38.0,26.0,11.0,3.0,15.0,14.0,60.0,16.0,30.0,33.0,16.0
2052500076,2025-26,2025-11-20,6,1612709920,Raptors 905,RAP,Greensboro Swarm,AWAY,W,114.0,103.0,114.0,44.0,98.0,44.9,36.0,65.0,55.38,8.0,33.0,24.24,10.0,10.0,100.0,12.0,27.0,39.0,22.0,12.0,3.0,17.0,15.0,70.0,18.0,44.0,44.0,6.0
2052500119,2025-26,2025-11-29,7,1612709920,Raptors 905,RAP,Long Island Nets,AWAY,W,130.0,102.0,130.0,52.0,93.0,55.91,42.0,63.0,66.67,10.0,30.0,33.33,10.0,11.0,90.91,14.0,35.0,49.0,31.0,17.0,8.0,24.0,25.0,82.0,23.0,40.0,50.0,27.0
2052500133,2025-26,2025-12-01,8,1612709920,Raptors 905,RAP,Long Island Nets,AWAY,W,120.0,113.0,120.0,40.0,70.0,57.14,30.0,46.0,65.22,10.0,24.0,41.67,19.0,21.0,90.48,9.0,34.0,43.0,25.0,4.0,4.0,20.0,8.0,56.0,18.0,26.0,27.0,12.0
2052500143,2025-26,2025-12-03,9,1612709920,Raptors 905,RAP,Capital City Go-Go,HOME,W,123.0,104.0,123.0,48.0,95.0,50.53,39.0,65.0,60.0,9.0,30.0,30.0,9.0,11.0,81.82,13.0,31.0,44.0,23.0,12.0,7.0,9.0,19.0,68.0,10.0,24.0,42.0,41.0
2052500150,2025-26,2025-12-05,10,1612709920,Raptors 905,RAP,Capital City Go-Go,HOME,W,124.0,120.0,124.0,40.0,83.0,48.19,25.0,43.0,58.14,15.0,40.0,37.5,16.0,18.0,88.89,11.0,24.0,35.0,28.0,9.0,5.0,12.0,14.0,50.0,16.0,21.0,27.0,13.0
2052500178,2025-26,2025-12-10,11,1612709920,Raptors 905,RAP,Delaware Blue Coats,HOME,W,115.0,108.0,115.0,44.0,83.0,53.01,34.0,54.0,62.96,10.0,29.0,34.48,12.0,16.0,75.0,9.0,33.0,42.0,27.0,7.0,6.0,16.0,13.0,58.0,17.0,12.0,45.0,20.0
2052500183,2025-26,2025-12-11,12,1612709920,Raptors 905,RAP,Delaware Blue Coats,HOME,W,111.0,102.0,111.0,42.0,86.0,48.84,28.0,53.0,52.83,14.0,33.0,42.42,10.0,13.0,76.92,10.0,26.0,36.0,24.0,11.0,6.0,12.0,17.0,46.0,16.0,22.0,62.0,16.0
2052500200,2025-26,2025-12-14,13,1612709920,Raptors 905,RAP,Maine Celtics,AWAY,W,112.0,107.0,112.0,39.0,79.0,49.37,24.0,45.0,53.33,15.0,34.0,44.12,10.0,15.0,66.67,12.0,22.0,34.0,31.0,13.0,5.0,14.0,18.0,40.0,10.0,31.0,42.0,11.0
2052500210,2025-26,2025-12-16,14,1612709920,Raptors 905,RAP,Westchester Knicks,AWAY,W,126.0,99.0,126.0,43.0,91.0,47.25,29.0,55.0,52.73,14.0,36.0,38.89,15.0,21.0,71.43,18.0,20.0,38.0,25.0,17.0,8.0,10.0,25.0,54.0,26.0,40.0,54.0,20.0
2022500004,2025-26,2025-12-19,15,1612709920,Raptors 905,RAP,San Diego Clippers,HOME,W,110.0,89.0,110.0,42.0,86.0,48.84,31.0,54.0,57.41,11.0,32.0,34.38,10.0,12.0,83.33,9.0,39.0,48.0,24.0,6.0,5.0,15.0,11.0,56.0,19.0,21.0,41.0,15.0
2022500018,2025-26,2025-12-21,16,1612709920,Raptors 905,RAP,Grand Rapids Gold,HOME,W,103.0,101.0,103.0,39.0,90.0,43.33,23.0,56.0,41.07,16.0,34.0,47.06,5.0,9.0,55.56,14.0,36.0,50.0,25.0,5.0,4.0,18.0,9.0,46.0,13.0,18.0,33.0,2.0
2022500039,2025-26,2025-12-27,17,1612709920,Raptors 905,RAP,Maine Celtics,HOME,W,125.0,92.0,125.0,47.0,91.0,51.65,34.0,58.0,58.62,13.0,33.0,39.39,11.0,15.0,73.33,10.0,30.0,40.0,35.0,11.0,7.0,12.0,18.0,64.0,11.0,30.0,54.0,24.0
2022500050,2025-26,2025-12-28,18,1612709920,Raptors 905,RAP,Maine Celtics,HOME,W,124.0,100.0,124.0,45.0,90.0,50.0,35.0,56.0,62.5,10.0,34.0,29.41,14.0,17.0,82.35,8.0,37.0,45.0,36.0,16.0,7.0,14.0,23.0,70.0,15.0,28.0,55.0,27.0
2022500061,2025-26,2025-12-30,19,1612709920,Raptors 905,RAP,Westchester Knicks,HOME,W,120.0,109.0,120.0,45.0,89.0,50.56,35.0,61.0,57.38,10.0,28.0,35.71,12.0,17.0,70.59,18.0,38.0,56.0,29.0,9.0,8.0,20.0,17.0,66.0,19.0,13.0,50.0,23.0
2022500072,2025-26,2026-01-02,20,1612709920,Raptors 905,RAP,San Diego Clippers,HOME,L,110.0,114.0,110.0,38.0,85.0,44.71,27.0,47.0,57.45,11.0,38.0,28.95,12.0,12.0,100.0,19.0,34.0,53.0,24.0,6.0,2.0,20.0,8.0,52.0,19.0,14.0,34.0,10.0
2022500099,2025-26,2026-01-06,21,1612709920,Raptors 905,RAP,Noblesville Boom,HOME,W,107.0,95.0,107.0,42.0,91.0,46.15,36.0,65.0,55.38,6.0,26.0,23.08,9.0,15.0,60.0,11.0,33.0,44.0,23.0,8.0,4.0,11.0,12.0,68.0,10.0,21.0,44.0,19.0
2022500110,2025-26,2026-01-08,22,1612709920,Raptors 905,RAP,Noblesville Boom,HOME,W,117.0,98.0,117.0,43.0,93.0,46.24,31.0,61.0,50.82,12.0,32.0,37.5,13.0,18.0,72.22,14.0,31.0,45.0,30.0,15.0,3.0,19.0,18.0,60.0,20.0,28.0,36.0,16.0
2022500135,2025-26,2026-01-11,23,1612709920,Raptors 905,RAP,Birmingham Squadron,AWAY,W,118.0,73.0,118.0,40.0,86.0,46.51,21.0,41.0,51.22,19.0,45.0,42.22,11.0,11.0,100.0,11.0,44.0,55.0,26.0,10.0,3.0,17.0,13.0,34.0,16.0,29.0,47.0,22.0
2022500139,2025-26,2026-01-13,24,1612709920,Raptors 905,RAP,Birmingham Squadron,AWAY,W,99.0,98.0,99.0,36.0,90.0,40.0,26.0,58.0,44.83,10.0,32.0,31.25,10.0,12.0,83.33,13.0,33.0,46.0,21.0,8.0,4.0,17.0,12.0,48.0,13.0,19.0,42.0,4.0
2022500151,2025-26,2026-01-15,25,1612709920,Raptors 905,RAP,Capital City Go-Go,AWAY,W,115.0,104.0,115.0,39.0,79.0,49.37,28.0,54.0,51.85,11.0,25.0,44.0,14.0,19.0,73.68,17.0,34.0,51.0,26.0,10.0,4.0,21.0,14.0,54.0,25.0,23.0,43.0,8.0
2022500162,2025-26,2026-01-17,26,1612709920,Raptors 905,RAP,Capital City Go-Go,AWAY,L,99.0,101.0,99.0,35.0,82.0,42.68,29.0,58.0,50.0,6.0,24.0,25.0,14.0,20.0,70.0,14.0,36.0,50.0,20.0,9.0,4.0,15.0,13.0,46.0,17.0,22.0,49.0,2.0
2022500197,2025-26,2026-01-23,27,1612709920,Raptors 905,RAP,Long Island Nets,AWAY,L,93.0,109.0,93.0,31.0,79.0,39.24,25.0,50.0,50.0,6.0,29.0,20.69,14.0,21.0,66.67,7.0,34.0,41.0,20.0,8.0,3.0,18.0,11.0,50.0,13.0,14.0,34.0,11.0
2022500217,2025-26,2026-01-26,28,1612709920,Raptors 905,RAP,Osceola Magic,AWAY,L,109.0,112.0,109.0,41.0,81.0,50.62,31.0,50.0,62.0,10.0,31.0,32.26,10.0,19.0,52.63,10.0,35.0,45.0,30.0,8.0,4.0,20.0,12.0,54.0,7.0,19.0,45.0,22.0
2022500228,2025-26,2026-01-28,29,1612709920,Raptors 905,RAP,Osceola Magic,AWAY,L,109.0,118.0,109.0,39.0,92.0,42.39,28.0,53.0,52.83,11.0,39.0,28.21,12.0,17.0,70.59,14.0,29.0,43.0,24.0,8.0,8.0,19.0,16.0,54.0,25.0,22.0,38.0,13.0
2022500273,2025-26,2026-02-05,30,1612709920,Raptors 905,RAP,Grand Rapids Gold,HOME,W,137.0,109.0,137.0,51.0,99.0,51.52,31.0,56.0,55.36,20.0,43.0,46.51,11.0,15.0,73.33,18.0,21.0,39.0,36.0,7.0,4.0,9.0,11.0,58.0,35.0,27.0,36.0,14.0
2022500283,2025-26,2026-02-07,31,1612709920,Raptors 905,RAP,Grand Rapids Gold,HOME,W,125.0,124.0,125.0,43.0,92.0,46.74,29.0,52.0,55.77,14.0,40.0,35.0,14.0,18.0,77.78,16.0,25.0,41.0,28.0,9.0,3.0,16.0,12.0,54.0,29.0,31.0,55.0,17.0
2022500293,2025-26,2026-02-08,32,1612709920,Raptors 905,RAP,Motor City Cruise,HOME,W,112.0,99.0,112.0,42.0,91.0,46.15,35.0,52.0,67.31,7.0,39.0,17.95,14.0,19.0,73.68,13.0,25.0,38.0,19.0,12.0,4.0,11.0,16.0,68.0,22.0,30.0,37.0,10.0
2022500299,2025-26,2026-02-10,33,1612709920,Raptors 905,RAP,Cleveland Charge,AWAY,L,122.0,126.0,122.0,49.0,91.0,53.85,39.0,63.0,61.9,10.0,28.0,35.71,8.0,14.0,57.14,12.0,29.0,41.0,25.0,6.0,8.0,17.0,14.0,74.0,22.0,20.0,26.0,8.0
2022500314,2025-26,2026-02-12,34,1612709920,Raptors 905,RAP,Cleveland Charge,AWAY,L,124.0,134.0,124.0,47.0,87.0,54.02,33.0,55.0,60.0,14.0,32.0,43.75,8.0,14.0,57.14,8.0,27.0,35.0,31.0,8.0,3.0,12.0,11.0,60.0,10.0,26.0,32.0,10.0
2022500331,2025-26,2026-02-20,35,1612709920,Raptors 905,RAP,Windy City Bulls,AWAY,W,141.0,135.0,141.0,50.0,95.0,52.63,32.0,55.0,58.18,18.0,40.0,45.0,15.0,20.0,75.0,16.0,26.0,42.0,40.0,10.0,9.0,14.0,19.0,62.0,25.0,23.0,38.0,11.0
2022500343,2025-26,2026-02-21,36,1612709920,Raptors 905,RAP,Windy City Bulls,AWAY,W,141.0,138.0,141.0,50.0,95.0,52.63,31.0,62.0,50.0,19.0,33.0,57.58,15.0,20.0,75.0,12.0,30.0,42.0,38.0,10.0,4.0,11.0,14.0,58.0,12.0,20.0,55.0,35.0
2022500360,2025-26,2026-02-24,37,1612709920,Raptors 905,RAP,College Park Skyhawks,AWAY,L,129.0,132.0,129.0,49.0,87.0,56.32,35.0,51.0,68.63,14.0,36.0,38.89,11.0,13.0,84.62,8.0,23.0,31.0,31.0,8.0,4.0,16.0,12.0,66.0,11.0,30.0,47.0,8.0
2022500372,2025-26,2026-02-26,38,1612709920,Raptors 905,RAP,College Park Skyhawks,AWAY,W,116.0,111.0,116.0,39.0,80.0,48.75,31.0,58.0,53.45,8.0,22.0,36.36,20.0,27.0,74.07,5.0,42.0,47.0,27.0,11.0,2.0,23.0,13.0,62.0,4.0,25.0,58.0,12.0
2022500384,2025-26,2026-02-28,39,1612709920,Raptors 905,RAP,Greensboro Swarm,HOME,L,114.0,126.0,114.0,43.0,88.0,48.86,25.0,47.0,53.19,18.0,41.0,43.9,5.0,9.0,55.56,9.0,30.0,39.0,32.0,5.0,6.0,15.0,11.0,46.0,20.0,9.0,42.0,11.0
2022500390,2025-26,2026-03-01,40,1612709920,Raptors 905,RAP,Greensboro Swarm,HOME,L,106.0,141.0,106.0,38.0,94.0,40.43,28.0,55.0,50.91,10.0,39.0,25.64,13.0,15.0,86.67,6.0,25.0,31.0,24.0,5.0,6.0,10.0,11.0,52.0,11.0,6.0,31.0,15.0
2022500407,2025-26,2026-03-04,41,1612709920,Raptors 905,RAP,Rio Grande Valley Vipers,HOME,L,121.0,123.0,121.0,46.0,82.0,56.1,32.0,52.0,61.54,14.0,30.0,46.67,8.0,14.0,57.14,5.0,27.0,32.0,38.0,16.0,3.0,20.0,19.0,64.0,3.0,13.0,50.0,24.0
2022500418,2025-26,2026-03-06,42,1612709920,Raptors 905,RAP,Rio Grande Valley Vipers,HOME,W,128.0,120.0,128.0,43.0,85.0,50.59,31.0,54.0,57.41,12.0,31.0,38.71,20.0,23.0,86.96,10.0,27.0,37.0,28.0,11.0,9.0,16.0,20.0,56.0,20.0,28.0,41.0,11.0
2022500427,2025-26,2026-03-08,43,1612709920,Raptors 905,RAP,Delaware Blue Coats,HOME,W,137.0,113.0,137.0,51.0,90.0,56.67,38.0,62.0,61.29,13.0,28.0,46.43,13.0,17.0,76.47,8.0,29.0,37.0,35.0,7.0,4.0,13.0,11.0,68.0,16.0,27.0,62.0,16.0
2022500451,2025-26,2026-03-12,44,1612709920,Raptors 905,RAP,Westchester Knicks,AWAY,W,124.0,120.0,124.0,41.0,79.0,51.9,27.0,50.0,54.0,14.0,29.0,48.28,17.0,23.0,73.91,5.0,37.0,42.0,24.0,7.0,4.0,13.0,11.0,48.0,7.0,18.0,54.0,21.0
2022500480,2025-26,2026-03-17,45,1612709920,Raptors 905,RAP,Motor City Cruise,HOME,W,123.0,122.0,123.0,42.0,83.0,50.6,33.0,62.0,53.23,9.0,21.0,42.86,16.0,22.0,72.73,8.0,34.0,42.0,29.0,15.0,5.0,18.0,20.0,66.0,13.0,27.0,38.0,26.0
2022500501,2025-26,2026-03-20,46,1612709920,Raptors 905,RAP,Rip City Remix,AWAY,W,126.0,117.0,126.0,46.0,81.0,56.79,31.0,51.0,60.78,15.0,30.0,50.0,12.0,22.0,54.55,6.0,33.0,39.0,32.0,8.0,2.0,7.0,10.0,62.0,11.0,27.0,47.0,12.0
2022500504,2025-26,2026-03-21,47,1612709920,Raptors 905,RAP,Rip City Remix,AWAY,L,107.0,115.0,107.0,37.0,82.0,45.12,27.0,48.0,56.25,10.0,34.0,29.41,12.0,13.0,92.31,5.0,28.0,33.0,21.0,4.0,4.0,9.0,8.0,52.0,8.0,24.0,36.0,22.0
2022500521,2025-26,2026-03-23,48,1612709920,Raptors 905,RAP,Salt Lake City Stars,AWAY,W,116.0,101.0,116.0,44.0,81.0,54.32,35.0,59.0,59.32,9.0,22.0,40.91,10.0,17.0,58.82,10.0,34.0,44.0,28.0,9.0,3.0,15.0,12.0,64.0,13.0,24.0,59.0,17.0
2022500535,2025-26,2026-03-26,49,1612709920,Raptors 905,RAP,Wisconsin Herd,HOME,L,104.0,106.0,104.0,37.0,96.0,38.54,28.0,69.0,40.58,9.0,27.0,33.33,11.0,14.0,78.57,12.0,33.0,45.0,24.0,9.0,6.0,7.0,15.0,56.0,18.0,22.0,37.0,6.0
2022500550,2025-26,2026-03-28,50,1612709920,Raptors 905,RAP,Wisconsin Herd,HOME,W,138.0,115.0,138.0,48.0,102.0,47.06,30.0,54.0,55.56,18.0,48.0,37.5,13.0,16.0,81.25,16.0,33.0,49.0,35.0,12.0,5.0,12.0,17.0,56.0,25.0,27.0,40.0,20.0
2052500009,2025-26,2025-11-07,1,1612709908,Rio Grande Valley Vipers,RGV,Oklahoma City Blue,HOME,L,114.0,116.0,114.0,38.0,95.0,40.0,21.0,46.0,45.65,17.0,49.0,34.69,12.0,13.0,92.31,18.0,34.0,52.0,22.0,8.0,4.0,19.0,12.0,42.0,28.0,10.0,22.0,9.0
2052500040,2025-26,2025-11-13,2,1612709908,Rio Grande Valley Vipers,RGV,Texas Legends,HOME,L,110.0,119.0,110.0,41.0,99.0,41.41,27.0,50.0,54.0,14.0,49.0,28.57,9.0,14.0,64.29,13.0,39.0,52.0,23.0,9.0,9.0,14.0,18.0,52.0,11.0,17.0,23.0,16.0
2052500055,2025-26,2025-11-15,3,1612709908,Rio Grande Valley Vipers,RGV,Texas Legends,HOME,W,133.0,126.0,133.0,44.0,88.0,50.0,33.0,56.0,58.93,11.0,32.0,34.38,22.0,28.0,78.57,13.0,36.0,49.0,29.0,11.0,5.0,17.0,16.0,64.0,14.0,24.0,34.0,15.0
2052500071,2025-26,2025-11-19,4,1612709908,Rio Grande Valley Vipers,RGV,Memphis Hustle,AWAY,W,130.0,125.0,130.0,41.0,85.0,48.24,21.0,42.0,50.0,20.0,43.0,46.51,16.0,21.0,76.19,9.0,26.0,35.0,23.0,15.0,9.0,18.0,24.0,42.0,15.0,33.0,45.0,21.0
2052500083,2025-26,2025-11-21,5,1612709908,Rio Grande Valley Vipers,RGV,Memphis Hustle,AWAY,W,110.0,107.0,110.0,35.0,80.0,43.75,24.0,45.0,53.33,11.0,35.0,31.43,17.0,20.0,85.0,12.0,29.0,41.0,14.0,11.0,11.0,23.0,22.0,44.0,13.0,21.0,19.0,10.0
2052500096,2025-26,2025-11-23,6,1612709908,Rio Grande Valley Vipers,RGV,Austin Spurs,AWAY,L,123.0,130.0,123.0,37.0,85.0,43.53,22.0,45.0,48.89,15.0,40.0,37.5,18.0,21.0,85.71,12.0,21.0,33.0,22.0,11.0,5.0,18.0,16.0,44.0,22.0,23.0,40.0,9.0
2052500101,2025-26,2025-11-24,7,1612709908,Rio Grande Valley Vipers,RGV,Austin Spurs,AWAY,L,100.0,118.0,100.0,36.0,100.0,36.0,28.0,64.0,43.75,8.0,36.0,22.22,12.0,16.0,75.0,21.0,27.0,48.0,16.0,10.0,1.0,14.0,11.0,56.0,25.0,16.0,17.0,8.0
2052500120,2025-26,2025-11-29,8,1612709908,Rio Grande Valley Vipers,RGV,Osceola Magic,HOME,L,125.0,134.0,125.0,41.0,88.0,46.59,25.0,44.0,56.82,16.0,44.0,36.36,15.0,23.0,65.22,12.0,28.0,40.0,20.0,16.0,3.0,17.0,19.0,50.0,15.0,28.0,47.0,10.0
2052500134,2025-26,2025-12-01,9,1612709908,Rio Grande Valley Vipers,RGV,Osceola Magic,HOME,W,113.0,108.0,113.0,40.0,90.0,44.44,29.0,53.0,54.72,11.0,37.0,29.73,13.0,22.0,59.09,23.0,31.0,54.0,25.0,11.0,1.0,21.0,12.0,58.0,29.0,32.0,34.0,4.0
2052500147,2025-26,2025-12-04,10,1612709908,Rio Grande Valley Vipers,RGV,Mexico City Capitanes,HOME,W,125.0,107.0,125.0,44.0,88.0,50.0,27.0,46.0,58.7,17.0,42.0,40.48,12.0,14.0,85.71,13.0,26.0,39.0,37.0,19.0,4.0,13.0,23.0,52.0,20.0,43.0,23.0,19.0
2052500159,2025-26,2025-12-06,11,1612709908,Rio Grande Valley Vipers,RGV,Mexico City Capitanes,HOME,L,113.0,118.0,113.0,39.0,78.0,50.0,25.0,40.0,62.5,14.0,38.0,36.84,13.0,25.0,52.0,8.0,23.0,31.0,26.0,10.0,4.0,10.0,14.0,50.0,12.0,22.0,13.0,10.0
2052500192,2025-26,2025-12-12,12,1612709908,Rio Grande Valley Vipers,RGV,Oklahoma City Blue,AWAY,W,120.0,119.0,120.0,40.0,88.0,45.45,28.0,51.0,54.9,12.0,37.0,32.43,14.0,17.0,82.35,12.0,30.0,42.0,19.0,12.0,3.0,19.0,15.0,56.0,27.0,29.0,7.0,14.0
2052500205,2025-26,2025-12-14,13,1612709908,Rio Grande Valley Vipers,RGV,Birmingham Squadron,AWAY,W,133.0,127.0,133.0,42.0,89.0,47.19,19.0,40.0,47.5,23.0,49.0,46.94,17.0,20.0,85.0,15.0,24.0,39.0,26.0,13.0,5.0,17.0,18.0,36.0,27.0,22.0,36.0,18.0
2052500214,2025-26,2025-12-16,14,1612709908,Rio Grande Valley Vipers,RGV,Birmingham Squadron,AWAY,L,111.0,142.0,111.0,35.0,85.0,41.18,14.0,36.0,38.89,21.0,49.0,42.86,11.0,14.0,78.57,10.0,11.0,21.0,27.0,16.0,4.0,14.0,20.0,28.0,14.0,39.0,42.0,9.0
2022500011,2025-26,2025-12-20,15,1612709908,Rio Grande Valley Vipers,RGV,Westchester Knicks,HOME,W,127.0,101.0,127.0,43.0,85.0,50.59,25.0,46.0,54.35,18.0,39.0,46.15,12.0,16.0,75.0,12.0,25.0,37.0,31.0,19.0,5.0,24.0,24.0,50.0,17.0,44.0,46.0,25.0
2022500031,2025-26,2025-12-22,16,1612709908,Rio Grande Valley Vipers,RGV,Wisconsin Herd,AWAY,W,118.0,103.0,118.0,44.0,90.0,48.89,32.0,49.0,65.31,12.0,41.0,29.27,10.0,14.0,71.43,14.0,35.0,49.0,24.0,6.0,3.0,12.0,9.0,62.0,18.0,18.0,31.0,17.0
2022500068,2025-26,2025-12-31,17,1612709908,Rio Grande Valley Vipers,RGV,Sioux Falls Skyforce,AWAY,L,114.0,121.0,114.0,40.0,95.0,42.11,25.0,45.0,55.56,15.0,50.0,30.0,10.0,13.0,76.92,12.0,33.0,45.0,24.0,8.0,6.0,17.0,14.0,46.0,16.0,18.0,10.0,15.0
2022500084,2025-26,2026-01-03,18,1612709908,Rio Grande Valley Vipers,RGV,Valley Suns,HOME,W,130.0,115.0,130.0,46.0,82.0,56.1,28.0,43.0,65.12,18.0,39.0,46.15,10.0,14.0,71.43,10.0,40.0,50.0,27.0,8.0,7.0,17.0,15.0,54.0,17.0,8.0,41.0,8.0
2022500097,2025-26,2026-01-05,19,1612709908,Rio Grande Valley Vipers,RGV,Stockton Kings,AWAY,L,104.0,110.0,104.0,39.0,86.0,45.35,28.0,48.0,58.33,11.0,38.0,28.95,10.0,13.0,76.92,8.0,23.0,31.0,22.0,12.0,6.0,12.0,18.0,56.0,12.0,33.0,24.0,23.0
2022500106,2025-26,2026-01-07,20,1612709908,Rio Grande Valley Vipers,RGV,Stockton Kings,AWAY,L,115.0,128.0,115.0,42.0,91.0,46.15,30.0,53.0,56.6,12.0,38.0,31.58,10.0,12.0,83.33,10.0,19.0,29.0,24.0,11.0,4.0,8.0,15.0,56.0,16.0,23.0,43.0,17.0
2022500118,2025-26,2026-01-09,21,1612709908,Rio Grande Valley Vipers,RGV,Greensboro Swarm,HOME,W,120.0,115.0,120.0,44.0,90.0,48.89,34.0,54.0,62.96,10.0,36.0,27.78,13.0,21.0,61.9,13.0,29.0,42.0,25.0,21.0,7.0,19.0,28.0,66.0,8.0,30.0,28.0,9.0
2022500127,2025-26,2026-01-10,22,1612709908,Rio Grande Valley Vipers,RGV,Greensboro Swarm,HOME,W,131.0,119.0,131.0,43.0,102.0,42.16,29.0,62.0,46.77,14.0,40.0,35.0,17.0,20.0,85.0,16.0,31.0,47.0,25.0,14.0,8.0,10.0,22.0,56.0,21.0,23.0,36.0,17.0
2022500142,2025-26,2026-01-13,23,1612709908,Rio Grande Valley Vipers,RGV,Mexico City Capitanes,AWAY,L,97.0,122.0,97.0,33.0,84.0,39.29,20.0,45.0,44.44,13.0,39.0,33.33,11.0,16.0,68.75,9.0,21.0,30.0,18.0,18.0,4.0,18.0,22.0,40.0,14.0,27.0,40.0,25.0
2022500148,2025-26,2026-01-14,24,1612709908,Rio Grande Valley Vipers,RGV,Mexico City Capitanes,AWAY,L,102.0,139.0,102.0,35.0,90.0,38.89,20.0,42.0,47.62,15.0,48.0,31.25,10.0,15.0,66.67,11.0,26.0,37.0,24.0,2.0,3.0,15.0,5.0,38.0,10.0,18.0,39.0,16.0
2022500164,2025-26,2026-01-17,25,1612709908,Rio Grande Valley Vipers,RGV,South Bay Lakers,HOME,W,126.0,121.0,126.0,47.0,90.0,52.22,32.0,53.0,60.38,15.0,37.0,40.54,12.0,16.0,75.0,15.0,27.0,42.0,31.0,14.0,7.0,15.0,21.0,62.0,16.0,27.0,21.0,13.0
2022500185,2025-26,2026-01-20,26,1612709908,Rio Grande Valley Vipers,RGV,South Bay Lakers,HOME,W,126.0,119.0,126.0,47.0,92.0,51.09,36.0,54.0,66.67,11.0,38.0,28.95,15.0,22.0,68.18,15.0,31.0,46.0,28.0,12.0,3.0,11.0,15.0,70.0,14.0,20.0,43.0,6.0
2022500195,2025-26,2026-01-22,27,1612709908,Rio Grande Valley Vipers,RGV,Rip City Remix,HOME,W,108.0,99.0,108.0,37.0,96.0,38.54,31.0,58.0,53.45,6.0,38.0,15.79,15.0,18.0,83.33,21.0,35.0,56.0,19.0,14.0,6.0,17.0,20.0,58.0,19.0,23.0,23.0,15.0
2022500208,2025-26,2026-01-24,28,1612709908,Rio Grande Valley Vipers,RGV,Rip City Remix,HOME,W,134.0,112.0,134.0,51.0,93.0,54.84,32.0,48.0,66.67,19.0,45.0,42.22,8.0,12.0,66.67,11.0,32.0,43.0,36.0,8.0,8.0,12.0,16.0,60.0,15.0,29.0,38.0,8.0
2022500218,2025-26,2026-01-26,29,1612709908,Rio Grande Valley Vipers,RGV,Iowa Wolves,AWAY,L,129.0,136.0,129.0,50.0,97.0,51.55,40.0,63.0,63.49,10.0,34.0,29.41,13.0,19.0,68.42,11.0,30.0,41.0,29.0,13.0,4.0,12.0,17.0,72.0,10.0,24.0,12.0,15.0
2022500252,2025-26,2026-02-01,30,1612709908,Rio Grande Valley Vipers,RGV,Oklahoma City Blue,AWAY,W,109.0,94.0,109.0,35.0,77.0,45.45,20.0,34.0,58.82,15.0,43.0,34.88,13.0,17.0,76.47,10.0,33.0,43.0,24.0,11.0,7.0,17.0,18.0,36.0,4.0,23.0,49.0,14.0
2022500266,2025-26,2026-02-04,31,1612709908,Rio Grande Valley Vipers,RGV,Valley Suns,HOME,W,130.0,116.0,130.0,45.0,92.0,48.91,30.0,51.0,58.82,15.0,41.0,36.59,15.0,20.0,75.0,12.0,31.0,43.0,36.0,13.0,4.0,12.0,17.0,56.0,24.0,30.0,45.0,19.0
2022500289,2025-26,2026-02-07,32,1612709908,Rio Grande Valley Vipers,RGV,Austin Spurs,HOME,W,112.0,111.0,112.0,40.0,90.0,44.44,28.0,55.0,50.91,12.0,35.0,34.29,11.0,14.0,78.57,8.0,27.0,35.0,22.0,9.0,6.0,13.0,15.0,56.0,9.0,29.0,16.0,8.0
2022500319,2025-26,2026-02-12,33,1612709908,Rio Grande Valley Vipers,RGV,Texas Legends,AWAY,W,121.0,120.0,121.0,48.0,99.0,48.48,32.0,60.0,53.33,16.0,39.0,41.03,6.0,15.0,40.0,15.0,28.0,43.0,33.0,13.0,3.0,11.0,16.0,62.0,21.0,22.0,15.0,14.0
2022500327,2025-26,2026-02-19,34,1612709908,Rio Grande Valley Vipers,RGV,Sioux Falls Skyforce,AWAY,L,106.0,123.0,106.0,34.0,90.0,37.78,25.0,52.0,48.08,9.0,38.0,23.68,18.0,20.0,90.0,13.0,38.0,51.0,19.0,9.0,6.0,19.0,15.0,50.0,16.0,15.0,21.0,15.0
2022500349,2025-26,2026-02-22,35,1612709908,Rio Grande Valley Vipers,RGV,Iowa Wolves,AWAY,W,117.0,115.0,117.0,37.0,92.0,40.22,29.0,65.0,44.62,8.0,27.0,29.63,22.0,26.0,84.62,12.0,33.0,45.0,27.0,13.0,6.0,18.0,19.0,56.0,17.0,24.0,42.0,18.0
2022500362,2025-26,2026-02-24,36,1612709908,Rio Grande Valley Vipers,RGV,San Diego Clippers,HOME,L,122.0,123.0,122.0,42.0,86.0,48.84,28.0,43.0,65.12,14.0,43.0,32.56,12.0,16.0,75.0,12.0,22.0,34.0,29.0,9.0,6.0,13.0,15.0,56.0,21.0,11.0,43.0,8.0
2022500370,2025-26,2026-02-25,37,1612709908,Rio Grande Valley Vipers,RGV,San Diego Clippers,HOME,W,109.0,102.0,109.0,41.0,84.0,48.81,26.0,39.0,66.67,15.0,45.0,33.33,9.0,12.0,75.0,16.0,37.0,53.0,28.0,9.0,8.0,24.0,17.0,50.0,21.0,14.0,28.0,8.0
2022500381,2025-26,2026-02-27,38,1612709908,Rio Grande Valley Vipers,RGV,Noblesville Boom,HOME,W,135.0,133.0,135.0,51.0,92.0,55.43,39.0,57.0,68.42,12.0,35.0,34.29,15.0,19.0,78.95,6.0,30.0,36.0,30.0,13.0,7.0,18.0,20.0,78.0,11.0,21.0,36.0,11.0
2022500407,2025-26,2026-03-04,39,1612709908,Rio Grande Valley Vipers,RGV,Raptors 905,AWAY,W,123.0,121.0,123.0,42.0,89.0,47.19,32.0,49.0,65.31,10.0,40.0,25.0,17.0,20.0,85.0,12.0,31.0,43.0,28.0,15.0,8.0,20.0,23.0,62.0,24.0,25.0,46.0,16.0
2022500418,2025-26,2026-03-06,40,1612709908,Rio Grande Valley Vipers,RGV,Raptors 905,AWAY,L,120.0,128.0,120.0,43.0,88.0,48.86,35.0,56.0,62.5,8.0,32.0,25.0,17.0,21.0,80.95,15.0,29.0,44.0,31.0,8.0,7.0,20.0,15.0,70.0,26.0,24.0,31.0,15.0
2022500429,2025-26,2026-03-08,41,1612709908,Rio Grande Valley Vipers,RGV,Windy City Bulls,AWAY,W,137.0,100.0,137.0,52.0,99.0,52.53,41.0,65.0,63.08,11.0,34.0,32.35,13.0,17.0,76.47,15.0,39.0,54.0,31.0,11.0,12.0,12.0,23.0,80.0,21.0,31.0,57.0,13.0
2022500442,2025-26,2026-03-10,42,1612709908,Rio Grande Valley Vipers,RGV,Austin Spurs,HOME,L,86.0,94.0,86.0,27.0,85.0,31.76,16.0,42.0,38.1,11.0,43.0,25.58,11.0,18.0,61.11,17.0,24.0,41.0,19.0,15.0,5.0,16.0,20.0,32.0,14.0,23.0,32.0,2.0
2022500460,2025-26,2026-03-13,43,1612709908,Rio Grande Valley Vipers,RGV,Salt Lake City Stars,HOME,W,128.0,101.0,128.0,52.0,100.0,52.0,43.0,65.0,66.15,9.0,35.0,25.71,10.0,17.0,58.82,16.0,41.0,57.0,34.0,12.0,8.0,11.0,20.0,86.0,16.0,21.0,40.0,16.0
2022500465,2025-26,2026-03-14,44,1612709908,Rio Grande Valley Vipers,RGV,Salt Lake City Stars,HOME,W,116.0,105.0,116.0,44.0,81.0,54.32,34.0,57.0,59.65,10.0,24.0,41.67,10.0,15.0,66.67,13.0,38.0,51.0,33.0,9.0,4.0,16.0,13.0,64.0,16.0,18.0,28.0,6.0
2022500485,2025-26,2026-03-17,45,1612709908,Rio Grande Valley Vipers,RGV,Texas Legends,AWAY,L,104.0,108.0,104.0,36.0,96.0,37.5,26.0,55.0,47.27,10.0,41.0,24.39,12.0,17.0,70.59,21.0,29.0,50.0,25.0,8.0,5.0,16.0,13.0,48.0,18.0,21.0,25.0,22.0
2022500494,2025-26,2026-03-19,46,1612709908,Rio Grande Valley Vipers,RGV,Santa Cruz Warriors,AWAY,W,108.0,99.0,108.0,40.0,96.0,41.67,28.0,56.0,50.0,12.0,40.0,30.0,10.0,17.0,58.82,18.0,33.0,51.0,25.0,13.0,4.0,9.0,17.0,56.0,11.0,24.0,25.0,12.0
2022500512,2025-26,2026-03-21,47,1612709908,Rio Grande Valley Vipers,RGV,Santa Cruz Warriors,AWAY,L,115.0,123.0,115.0,41.0,94.0,43.62,31.0,64.0,48.44,10.0,30.0,33.33,13.0,18.0,72.22,14.0,30.0,44.0,19.0,14.0,3.0,11.0,17.0,60.0,17.0,19.0,19.0,19.0
2022500526,2025-26,2026-03-24,48,1612709908,Rio Grande Valley Vipers,RGV,Oklahoma City Blue,AWAY,W,120.0,105.0,120.0,38.0,87.0,43.68,28.0,53.0,52.83,10.0,34.0,29.41,18.0,24.0,75.0,12.0,28.0,40.0,24.0,16.0,4.0,15.0,20.0,56.0,15.0,36.0,36.0,20.0
2022500538,2025-26,2026-03-26,49,1612709908,Rio Grande Valley Vipers,RGV,Memphis Hustle,HOME,W,121.0,107.0,121.0,41.0,84.0,48.81,29.0,45.0,64.44,12.0,39.0,30.77,16.0,22.0,72.73,6.0,33.0,39.0,31.0,21.0,3.0,15.0,24.0,58.0,6.0,38.0,24.0,25.0
2022500554,2025-26,2026-03-28,50,1612709908,Rio Grande Valley Vipers,RGV,Memphis Hustle,HOME,L,118.0,120.0,118.0,42.0,94.0,44.68,36.0,67.0,53.73,6.0,27.0,22.22,19.0,27.0,70.37,12.0,29.0,41.0,22.0,16.0,1.0,10.0,17.0,72.0,12.0,22.0,18.0,6.0
2052500010,2025-26,2025-11-07,1,1612709933,Rip City Remix,RCR,Santa Cruz Warriors,AWAY,W,120.0,107.0,120.0,45.0,98.0,45.92,33.0,50.0,66.0,12.0,48.0,25.0,10.0,12.0,83.33,17.0,33.0,50.0,22.0,11.0,5.0,16.0,16.0,46.0,20.0,26.0,40.0,8.0
2052500021,2025-26,2025-11-08,2,1612709933,Rip City Remix,RCR,Santa Cruz Warriors,AWAY,W,131.0,118.0,131.0,45.0,102.0,44.12,23.0,42.0,54.76,22.0,60.0,36.67,14.0,16.0,87.5,13.0,30.0,43.0,26.0,8.0,4.0,11.0,12.0,44.0,19.0,26.0,39.0,5.0
2052500047,2025-26,2025-11-14,3,1612709933,Rip City Remix,RCR,Valley Suns,AWAY,W,107.0,104.0,107.0,41.0,97.0,42.27,32.0,61.0,52.46,9.0,36.0,25.0,11.0,18.0,61.11,15.0,33.0,48.0,21.0,15.0,3.0,14.0,18.0,56.0,19.0,30.0,32.0,9.0
2052500064,2025-26,2025-11-16,4,1612709933,Rip City Remix,RCR,South Bay Lakers,AWAY,L,111.0,113.0,111.0,41.0,100.0,41.0,24.0,48.0,50.0,17.0,52.0,32.69,8.0,13.0,61.54,17.0,31.0,48.0,25.0,7.0,7.0,22.0,14.0,48.0,13.0,29.0,26.0,4.0
2052500099,2025-26,2025-11-23,5,1612709933,Rip City Remix,RCR,San Diego Clippers,AWAY,L,118.0,129.0,118.0,44.0,102.0,43.14,29.0,56.0,51.79,15.0,46.0,32.61,9.0,13.0,69.23,13.0,30.0,43.0,27.0,11.0,6.0,14.0,17.0,56.0,16.0,20.0,30.0,24.0
2052500106,2025-26,2025-11-25,6,1612709933,Rip City Remix,RCR,Valley Suns,AWAY,W,112.0,101.0,112.0,41.0,96.0,42.71,27.0,51.0,52.94,14.0,45.0,31.11,8.0,11.0,72.73,13.0,38.0,51.0,22.0,10.0,5.0,13.0,15.0,46.0,14.0,16.0,36.0,12.0
2052500138,2025-26,2025-12-02,7,1612709933,Rip City Remix,RCR,San Diego Clippers,HOME,W,146.0,108.0,146.0,51.0,101.0,50.5,24.0,40.0,60.0,27.0,61.0,44.26,12.0,15.0,80.0,16.0,47.0,63.0,38.0,4.0,4.0,14.0,8.0,44.0,12.0,12.0,50.0,20.0
2052500148,2025-26,2025-12-04,8,1612709933,Rip City Remix,RCR,San Diego Clippers,HOME,L,128.0,135.0,128.0,43.0,91.0,47.25,24.0,45.0,53.33,19.0,46.0,41.3,14.0,20.0,70.0,7.0,34.0,41.0,33.0,10.0,7.0,17.0,17.0,42.0,5.0,17.0,40.0,19.0
2052500167,2025-26,2025-12-07,9,1612709933,Rip City Remix,RCR,South Bay Lakers,HOME,L,130.0,141.0,130.0,45.0,96.0,46.88,31.0,56.0,55.36,14.0,40.0,35.0,16.0,21.0,76.19,14.0,28.0,42.0,28.0,10.0,3.0,25.0,13.0,62.0,26.0,32.0,34.0,21.0
2052500173,2025-26,2025-12-09,10,1612709933,Rip City Remix,RCR,Salt Lake City Stars,HOME,W,133.0,122.0,133.0,50.0,97.0,51.55,33.0,50.0,66.0,17.0,47.0,36.17,9.0,13.0,69.23,9.0,34.0,43.0,27.0,14.0,5.0,11.0,19.0,60.0,16.0,17.0,33.0,22.0
2052500187,2025-26,2025-12-11,11,1612709933,Rip City Remix,RCR,Salt Lake City Stars,HOME,L,146.0,174.0,146.0,54.0,90.0,60.0,30.0,45.0,66.67,24.0,45.0,53.33,8.0,10.0,80.0,5.0,31.0,36.0,40.0,5.0,6.0,25.0,11.0,56.0,9.0,12.0,43.0,14.0
2052500197,2025-26,2025-12-13,12,1612709933,Rip City Remix,RCR,South Bay Lakers,AWAY,W,122.0,116.0,122.0,37.0,92.0,40.22,19.0,45.0,42.22,18.0,47.0,38.3,18.0,21.0,85.71,12.0,30.0,42.0,29.0,11.0,6.0,18.0,17.0,36.0,18.0,38.0,53.0,18.0
2052500208,2025-26,2025-12-15,13,1612709933,Rip City Remix,RCR,Stockton Kings,HOME,W,116.0,110.0,116.0,39.0,83.0,46.99,21.0,47.0,44.68,18.0,36.0,50.0,14.0,19.0,73.68,11.0,40.0,51.0,27.0,8.0,9.0,18.0,17.0,42.0,19.0,11.0,27.0,6.0
2052500216,2025-26,2025-12-16,14,1612709933,Rip City Remix,RCR,Stockton Kings,HOME,L,100.0,129.0,100.0,35.0,91.0,38.46,25.0,48.0,52.08,10.0,43.0,23.26,10.0,12.0,83.33,8.0,30.0,38.0,19.0,15.0,4.0,13.0,19.0,48.0,10.0,30.0,51.0,16.0
2022500013,2025-26,2025-12-20,15,1612709933,Rip City Remix,RCR,Cleveland Charge,AWAY,L,122.0,127.0,122.0,39.0,90.0,43.33,21.0,40.0,52.5,18.0,50.0,36.0,14.0,18.0,77.78,15.0,25.0,40.0,27.0,7.0,5.0,14.0,12.0,40.0,17.0,14.0,48.0,14.0
2022500028,2025-26,2025-12-22,16,1612709933,Rip City Remix,RCR,Windy City Bulls,HOME,W,121.0,119.0,121.0,46.0,107.0,42.99,28.0,55.0,50.91,18.0,52.0,34.62,7.0,9.0,77.78,17.0,31.0,48.0,29.0,7.0,6.0,14.0,13.0,54.0,26.0,12.0,38.0,19.0
2022500043,2025-26,2025-12-27,17,1612709933,Rip City Remix,RCR,Stockton Kings,AWAY,W,118.0,112.0,118.0,41.0,91.0,45.05,27.0,48.0,56.25,14.0,43.0,32.56,13.0,14.0,92.86,16.0,32.0,48.0,24.0,10.0,3.0,16.0,13.0,52.0,19.0,22.0,31.0,12.0
2022500048,2025-26,2025-12-28,18,1612709933,Rip City Remix,RCR,Stockton Kings,AWAY,L,101.0,120.0,101.0,37.0,88.0,42.05,27.0,53.0,50.94,10.0,35.0,28.57,9.0,15.0,60.0,10.0,34.0,44.0,22.0,8.0,4.0,13.0,12.0,54.0,13.0,18.0,24.0,13.0
2022500066,2025-26,2025-12-31,19,1612709933,Rip City Remix,RCR,Osceola Magic,HOME,L,126.0,129.0,126.0,42.0,100.0,42.0,23.0,52.0,44.23,19.0,48.0,39.58,14.0,23.0,60.87,17.0,33.0,50.0,26.0,6.0,6.0,11.0,12.0,46.0,28.0,14.0,12.0,13.0
2022500078,2025-26,2026-01-02,20,1612709933,Rip City Remix,RCR,Salt Lake City Stars,AWAY,W,138.0,124.0,138.0,50.0,95.0,52.63,28.0,46.0,60.87,22.0,49.0,44.9,13.0,18.0,72.22,9.0,40.0,49.0,31.0,5.0,3.0,15.0,8.0,52.0,12.0,27.0,26.0,10.0
2022500086,2025-26,2026-01-03,21,1612709933,Rip City Remix,RCR,Salt Lake City Stars,AWAY,L,120.0,143.0,120.0,43.0,94.0,45.74,30.0,42.0,71.43,13.0,52.0,25.0,12.0,14.0,85.71,10.0,28.0,38.0,22.0,2.0,2.0,10.0,4.0,54.0,14.0,4.0,24.0,10.0
2022500119,2025-26,2026-01-09,22,1612709933,Rip City Remix,RCR,Sioux Falls Skyforce,AWAY,L,128.0,136.0,128.0,45.0,106.0,42.45,28.0,52.0,53.85,17.0,54.0,31.48,13.0,15.0,86.67,23.0,23.0,46.0,32.0,11.0,3.0,13.0,14.0,52.0,29.0,19.0,20.0,22.0
2022500131,2025-26,2026-01-11,23,1612709933,Rip City Remix,RCR,Sioux Falls Skyforce,AWAY,W,117.0,98.0,117.0,41.0,89.0,46.07,22.0,45.0,48.89,19.0,44.0,43.18,10.0,15.0,66.67,15.0,35.0,50.0,32.0,12.0,2.0,18.0,14.0,42.0,9.0,25.0,31.0,5.0
2022500149,2025-26,2026-01-14,24,1612709933,Rip City Remix,RCR,Oklahoma City Blue,HOME,W,123.0,99.0,123.0,43.0,95.0,45.26,29.0,51.0,56.86,14.0,44.0,31.82,14.0,16.0,87.5,15.0,42.0,57.0,28.0,9.0,3.0,20.0,12.0,54.0,23.0,26.0,29.0,10.0
2022500160,2025-26,2026-01-16,25,1612709933,Rip City Remix,RCR,Oklahoma City Blue,HOME,W,127.0,111.0,127.0,44.0,88.0,50.0,30.0,48.0,62.5,14.0,40.0,35.0,13.0,14.0,92.86,11.0,32.0,43.0,23.0,9.0,5.0,14.0,14.0,58.0,13.0,26.0,29.0,13.0
2022500174,2025-26,2026-01-18,26,1612709933,Rip City Remix,RCR,Memphis Hustle,HOME,W,108.0,105.0,108.0,33.0,82.0,40.24,21.0,45.0,46.67,12.0,37.0,32.43,18.0,25.0,72.0,8.0,39.0,47.0,21.0,6.0,6.0,13.0,12.0,40.0,20.0,27.0,24.0,6.0
2022500180,2025-26,2026-01-19,27,1612709933,Rip City Remix,RCR,Memphis Hustle,HOME,W,119.0,109.0,119.0,32.0,64.0,50.0,19.0,28.0,67.86,13.0,36.0,36.11,23.0,25.0,92.0,9.0,42.0,51.0,19.0,4.0,5.0,30.0,9.0,36.0,15.0,12.0,33.0,11.0
2022500195,2025-26,2026-01-22,28,1612709933,Rip City Remix,RCR,Rio Grande Valley Vipers,AWAY,L,99.0,108.0,99.0,36.0,84.0,42.86,28.0,47.0,59.57,8.0,37.0,21.62,9.0,14.0,64.29,10.0,33.0,43.0,21.0,12.0,3.0,20.0,15.0,52.0,17.0,15.0,28.0,10.0
2022500208,2025-26,2026-01-24,29,1612709933,Rip City Remix,RCR,Rio Grande Valley Vipers,AWAY,L,112.0,134.0,112.0,41.0,92.0,44.57,30.0,52.0,57.69,11.0,40.0,27.5,13.0,15.0,86.67,15.0,30.0,45.0,28.0,6.0,3.0,18.0,9.0,60.0,20.0,15.0,44.0,13.0
2022500222,2025-26,2026-01-27,30,1612709933,Rip City Remix,RCR,Texas Legends,HOME,W,117.0,115.0,117.0,42.0,97.0,43.3,24.0,45.0,53.33,18.0,52.0,34.62,8.0,11.0,72.73,13.0,40.0,53.0,28.0,7.0,6.0,12.0,13.0,46.0,8.0,9.0,39.0,11.0
2022500230,2025-26,2026-01-28,31,1612709933,Rip City Remix,RCR,Texas Legends,HOME,W,126.0,119.0,126.0,44.0,100.0,44.0,24.0,53.0,45.28,20.0,47.0,42.55,11.0,14.0,78.57,17.0,43.0,60.0,26.0,5.0,5.0,14.0,10.0,44.0,19.0,9.0,65.0,21.0
2022500256,2025-26,2026-02-01,32,1612709933,Rip City Remix,RCR,Mexico City Capitanes,AWAY,L,104.0,130.0,104.0,34.0,79.0,43.04,28.0,47.0,59.57,6.0,32.0,18.75,19.0,24.0,79.17,10.0,26.0,36.0,20.0,6.0,3.0,21.0,9.0,52.0,11.0,18.0,47.0,11.0
2022500263,2025-26,2026-02-03,33,1612709933,Rip City Remix,RCR,Mexico City Capitanes,AWAY,W,133.0,119.0,133.0,44.0,92.0,47.83,27.0,45.0,60.0,17.0,47.0,36.17,20.0,31.0,64.52,14.0,33.0,47.0,28.0,7.0,3.0,11.0,10.0,50.0,21.0,25.0,37.0,16.0
2022500284,2025-26,2026-02-07,34,1612709933,Rip City Remix,RCR,College Park Skyhawks,AWAY,L,136.0,141.0,136.0,46.0,99.0,46.46,32.0,51.0,62.75,14.0,48.0,29.17,19.0,21.0,90.48,12.0,38.0,50.0,26.0,7.0,3.0,15.0,10.0,62.0,26.0,20.0,37.0,18.0
2022500295,2025-26,2026-02-09,35,1612709933,Rip City Remix,RCR,College Park Skyhawks,AWAY,W,133.0,108.0,133.0,57.0,108.0,52.78,48.0,73.0,65.75,9.0,35.0,25.71,5.0,8.0,62.5,18.0,52.0,70.0,44.0,6.0,12.0,15.0,18.0,94.0,33.0,8.0,60.0,24.0
2022500317,2025-26,2026-02-12,36,1612709933,Rip City Remix,RCR,Birmingham Squadron,AWAY,W,141.0,103.0,141.0,49.0,99.0,49.49,28.0,54.0,51.85,21.0,45.0,46.67,13.0,16.0,81.25,18.0,42.0,60.0,36.0,9.0,6.0,10.0,15.0,52.0,25.0,25.0,27.0,19.0
2022500352,2025-26,2026-02-22,37,1612709933,Rip City Remix,RCR,Santa Cruz Warriors,HOME,L,113.0,118.0,113.0,46.0,99.0,46.46,33.0,52.0,63.46,13.0,47.0,27.66,6.0,13.0,46.15,17.0,40.0,57.0,21.0,6.0,6.0,18.0,12.0,64.0,26.0,18.0,27.0,11.0
2022500365,2025-26,2026-02-24,38,1612709933,Rip City Remix,RCR,Santa Cruz Warriors,HOME,W,128.0,126.0,128.0,48.0,100.0,48.0,27.0,45.0,60.0,21.0,55.0,38.18,8.0,10.0,80.0,13.0,34.0,47.0,31.0,8.0,3.0,13.0,11.0,50.0,20.0,10.0,50.0,12.0
2022500398,2025-26,2026-03-02,39,1612709933,Rip City Remix,RCR,Iowa Wolves,HOME,L,95.0,122.0,95.0,37.0,94.0,39.36,28.0,49.0,57.14,9.0,45.0,20.0,8.0,12.0,66.67,12.0,32.0,44.0,21.0,6.0,8.0,13.0,14.0,50.0,9.0,11.0,47.0,12.0
2022500409,2025-26,2026-03-04,40,1612709933,Rip City Remix,RCR,Iowa Wolves,HOME,L,117.0,136.0,117.0,44.0,91.0,48.35,31.0,58.0,53.45,13.0,33.0,39.39,11.0,16.0,68.75,10.0,26.0,36.0,20.0,4.0,8.0,12.0,12.0,52.0,14.0,14.0,29.0,9.0
2022500420,2025-26,2026-03-06,41,1612709933,Rip City Remix,RCR,Valley Suns,HOME,W,132.0,122.0,132.0,51.0,94.0,54.26,45.0,59.0,76.27,6.0,35.0,17.14,14.0,18.0,77.78,20.0,39.0,59.0,25.0,7.0,5.0,13.0,12.0,88.0,22.0,15.0,45.0,11.0
2022500424,2025-26,2026-03-07,42,1612709933,Rip City Remix,RCR,Valley Suns,HOME,W,126.0,125.0,126.0,50.0,90.0,55.56,40.0,65.0,61.54,10.0,25.0,40.0,10.0,18.0,55.56,12.0,37.0,49.0,27.0,5.0,2.0,16.0,7.0,80.0,21.0,10.0,52.0,15.0
2022500450,2025-26,2026-03-11,43,1612709933,Rip City Remix,RCR,San Diego Clippers,AWAY,L,118.0,128.0,118.0,45.0,90.0,50.0,35.0,46.0,76.09,10.0,44.0,22.73,12.0,15.0,80.0,14.0,40.0,54.0,28.0,2.0,4.0,16.0,6.0,68.0,18.0,5.0,29.0,15.0
2022500455,2025-26,2026-03-12,44,1612709933,Rip City Remix,RCR,San Diego Clippers,AWAY,L,115.0,126.0,115.0,43.0,97.0,44.33,22.0,47.0,46.81,21.0,50.0,42.0,5.0,5.0,100.0,19.0,31.0,50.0,29.0,6.0,2.0,17.0,8.0,44.0,14.0,17.0,36.0,26.0
2022500472,2025-26,2026-03-15,45,1612709933,Rip City Remix,RCR,South Bay Lakers,HOME,L,122.0,129.0,122.0,42.0,83.0,50.6,23.0,35.0,65.71,19.0,48.0,39.58,14.0,18.0,77.78,13.0,32.0,45.0,24.0,8.0,6.0,22.0,14.0,46.0,21.0,16.0,23.0,24.0
2022500486,2025-26,2026-03-17,46,1612709933,Rip City Remix,RCR,South Bay Lakers,HOME,W,133.0,126.0,133.0,48.0,78.0,61.54,36.0,47.0,76.6,12.0,31.0,38.71,12.0,16.0,75.0,7.0,33.0,40.0,28.0,5.0,3.0,20.0,8.0,68.0,15.0,12.0,39.0,11.0
2022500501,2025-26,2026-03-20,47,1612709933,Rip City Remix,RCR,Raptors 905,HOME,L,117.0,126.0,117.0,39.0,84.0,46.43,28.0,45.0,62.22,11.0,39.0,28.21,17.0,20.0,85.0,12.0,35.0,47.0,20.0,4.0,3.0,14.0,7.0,54.0,15.0,12.0,25.0,13.0
2022500504,2025-26,2026-03-21,48,1612709933,Rip City Remix,RCR,Raptors 905,HOME,W,115.0,107.0,115.0,38.0,78.0,48.72,22.0,38.0,57.89,16.0,40.0,40.0,13.0,14.0,92.86,5.0,39.0,44.0,24.0,4.0,5.0,14.0,9.0,44.0,9.0,13.0,23.0,11.0
2022500533,2025-26,2026-03-25,49,1612709933,Rip City Remix,RCR,Austin Spurs,AWAY,L,93.0,99.0,93.0,36.0,84.0,42.86,24.0,44.0,54.55,12.0,40.0,30.0,6.0,10.0,60.0,10.0,34.0,44.0,26.0,6.0,4.0,13.0,10.0,44.0,6.0,15.0,27.0,8.0
2022500544,2025-26,2026-03-27,50,1612709933,Rip City Remix,RCR,Austin Spurs,AWAY,W,106.0,101.0,106.0,36.0,75.0,48.0,25.0,46.0,54.35,11.0,29.0,37.93,14.0,19.0,73.68,12.0,38.0,50.0,18.0,8.0,2.0,17.0,10.0,46.0,16.0,21.0,20.0,14.0
2052500029,2025-26,2025-11-11,1,1612709903,Salt Lake City Stars,SLC,Santa Cruz Warriors,HOME,W,121.0,101.0,121.0,42.0,90.0,46.67,27.0,44.0,61.36,15.0,46.0,32.61,12.0,15.0,80.0,12.0,34.0,46.0,33.0,10.0,3.0,9.0,13.0,54.0,22.0,25.0,48.0,14.0
2052500049,2025-26,2025-11-14,2,1612709903,Salt Lake City Stars,SLC,San Diego Clippers,AWAY,L,106.0,113.0,106.0,37.0,86.0,43.02,27.0,48.0,56.25,10.0,38.0,26.32,12.0,16.0,75.0,12.0,30.0,42.0,26.0,12.0,6.0,12.0,18.0,50.0,11.0,19.0,38.0,13.0
2052500065,2025-26,2025-11-16,3,1612709903,Salt Lake City Stars,SLC,San Diego Clippers,AWAY,W,120.0,92.0,120.0,44.0,91.0,48.35,36.0,62.0,58.06,8.0,29.0,27.59,14.0,17.0,82.35,19.0,36.0,55.0,24.0,9.0,6.0,13.0,15.0,56.0,17.0,23.0,44.0,16.0
2052500069,2025-26,2025-11-18,4,1612709903,Salt Lake City Stars,SLC,South Bay Lakers,HOME,W,132.0,126.0,132.0,48.0,82.0,58.54,40.0,63.0,63.49,8.0,19.0,42.11,19.0,20.0,95.0,10.0,31.0,41.0,28.0,5.0,9.0,19.0,14.0,78.0,16.0,17.0,49.0,8.0
2052500092,2025-26,2025-11-22,5,1612709903,Salt Lake City Stars,SLC,Stockton Kings,HOME,W,139.0,132.0,139.0,38.0,88.0,43.18,25.0,54.0,46.3,13.0,34.0,38.24,29.0,32.0,90.62,18.0,38.0,56.0,25.0,13.0,7.0,16.0,20.0,42.0,22.0,26.0,77.0,10.0
2052500102,2025-26,2025-11-24,6,1612709903,Salt Lake City Stars,SLC,Stockton Kings,HOME,W,149.0,122.0,149.0,50.0,98.0,51.02,30.0,54.0,55.56,20.0,44.0,45.45,17.0,22.0,77.27,19.0,32.0,51.0,27.0,11.0,5.0,13.0,16.0,56.0,23.0,28.0,62.0,22.0
2052500116,2025-26,2025-11-28,7,1612709903,Salt Lake City Stars,SLC,Santa Cruz Warriors,AWAY,W,126.0,112.0,126.0,44.0,91.0,48.35,25.0,47.0,53.19,19.0,44.0,43.18,10.0,11.0,90.91,9.0,38.0,47.0,35.0,10.0,4.0,13.0,14.0,46.0,6.0,20.0,40.0,11.0
2052500124,2025-26,2025-11-29,8,1612709903,Salt Lake City Stars,SLC,Santa Cruz Warriors,AWAY,W,133.0,103.0,133.0,45.0,92.0,48.91,22.0,37.0,59.46,23.0,55.0,41.82,10.0,13.0,76.92,9.0,35.0,44.0,30.0,10.0,6.0,9.0,16.0,36.0,22.0,22.0,55.0,0.0
2052500136,2025-26,2025-12-02,9,1612709903,Salt Lake City Stars,SLC,South Bay Lakers,HOME,W,136.0,105.0,136.0,47.0,95.0,49.47,31.0,55.0,56.36,16.0,40.0,40.0,15.0,17.0,88.24,14.0,38.0,52.0,25.0,7.0,8.0,11.0,15.0,56.0,24.0,31.0,59.0,39.0
2052500149,2025-26,2025-12-04,10,1612709903,Salt Lake City Stars,SLC,Stockton Kings,AWAY,W,132.0,118.0,132.0,44.0,87.0,50.57,32.0,54.0,59.26,12.0,33.0,36.36,17.0,19.0,89.47,11.0,28.0,39.0,19.0,10.0,5.0,16.0,15.0,54.0,18.0,26.0,40.0,20.0
2052500173,2025-26,2025-12-09,11,1612709903,Salt Lake City Stars,SLC,Rip City Remix,AWAY,L,122.0,133.0,122.0,40.0,85.0,47.06,28.0,53.0,52.83,12.0,32.0,37.5,20.0,27.0,74.07,13.0,37.0,50.0,16.0,5.0,2.0,20.0,7.0,46.0,20.0,16.0,42.0,22.0
2052500187,2025-26,2025-12-11,12,1612709903,Salt Lake City Stars,SLC,Rip City Remix,AWAY,W,174.0,146.0,174.0,62.0,110.0,56.36,44.0,69.0,63.77,18.0,41.0,43.9,18.0,24.0,75.0,18.0,30.0,48.0,35.0,15.0,2.0,10.0,17.0,80.0,26.0,37.0,70.0,27.0
2052500209,2025-26,2025-12-15,13,1612709903,Salt Lake City Stars,SLC,Valley Suns,HOME,W,140.0,127.0,140.0,52.0,96.0,54.17,32.0,54.0,59.26,20.0,42.0,47.62,11.0,14.0,78.57,12.0,31.0,43.0,29.0,5.0,6.0,11.0,11.0,52.0,19.0,21.0,58.0,22.0
2052500215,2025-26,2025-12-16,14,1612709903,Salt Lake City Stars,SLC,Valley Suns,HOME,W,141.0,125.0,141.0,43.0,74.0,58.11,29.0,42.0,69.05,14.0,32.0,43.75,25.0,31.0,80.65,13.0,30.0,43.0,31.0,11.0,8.0,21.0,19.0,56.0,12.0,30.0,48.0,10.0
2022500003,2025-26,2025-12-19,15,1612709903,Salt Lake City Stars,SLC,Maine Celtics,HOME,W,123.0,107.0,123.0,44.0,97.0,45.36,33.0,57.0,57.89,11.0,40.0,27.5,12.0,13.0,92.31,17.0,41.0,58.0,20.0,9.0,3.0,19.0,12.0,52.0,18.0,20.0,51.0,6.0
2022500020,2025-26,2025-12-21,16,1612709903,Salt Lake City Stars,SLC,Stockton Kings,HOME,W,127.0,123.0,127.0,48.0,102.0,47.06,38.0,63.0,60.32,10.0,39.0,25.64,14.0,14.0,100.0,19.0,34.0,53.0,21.0,6.0,2.0,12.0,8.0,64.0,25.0,9.0,49.0,7.0
2022500069,2025-26,2025-12-31,17,1612709903,Salt Lake City Stars,SLC,Memphis Hustle,HOME,W,144.0,130.0,144.0,47.0,88.0,53.41,31.0,54.0,57.41,16.0,34.0,47.06,17.0,18.0,94.44,12.0,36.0,48.0,24.0,8.0,1.0,20.0,9.0,60.0,10.0,20.0,46.0,24.0
2022500078,2025-26,2026-01-02,18,1612709903,Salt Lake City Stars,SLC,Rip City Remix,HOME,L,124.0,138.0,124.0,43.0,91.0,47.25,31.0,61.0,50.82,12.0,30.0,40.0,15.0,21.0,71.43,8.0,34.0,42.0,21.0,10.0,3.0,14.0,13.0,54.0,11.0,22.0,56.0,21.0
2022500086,2025-26,2026-01-03,19,1612709903,Salt Lake City Stars,SLC,Rip City Remix,HOME,W,143.0,120.0,143.0,52.0,95.0,54.74,42.0,58.0,72.41,10.0,37.0,27.03,18.0,21.0,85.71,9.0,38.0,47.0,35.0,3.0,4.0,4.0,7.0,68.0,18.0,11.0,56.0,12.0
2022500109,2025-26,2026-01-08,20,1612709903,Salt Lake City Stars,SLC,Maine Celtics,AWAY,L,94.0,102.0,94.0,36.0,83.0,43.37,30.0,53.0,56.6,6.0,30.0,20.0,9.0,10.0,90.0,7.0,36.0,43.0,20.0,8.0,6.0,17.0,14.0,54.0,12.0,19.0,33.0,11.0
2022500115,2025-26,2026-01-09,21,1612709903,Salt Lake City Stars,SLC,Maine Celtics,AWAY,L,102.0,107.0,102.0,37.0,86.0,43.02,23.0,43.0,53.49,14.0,43.0,32.56,8.0,11.0,72.73,15.0,26.0,41.0,27.0,13.0,2.0,12.0,15.0,40.0,19.0,21.0,33.0,8.0
2022500134,2025-26,2026-01-11,22,1612709903,Salt Lake City Stars,SLC,Motor City Cruise,AWAY,L,102.0,108.0,102.0,31.0,93.0,33.33,18.0,55.0,32.73,13.0,38.0,34.21,15.0,17.0,88.24,21.0,27.0,48.0,19.0,14.0,3.0,15.0,17.0,34.0,36.0,32.0,33.0,20.0
2022500141,2025-26,2026-01-13,23,1612709903,Salt Lake City Stars,SLC,Austin Spurs,HOME,L,113.0,118.0,113.0,40.0,89.0,44.94,24.0,42.0,57.14,16.0,47.0,34.04,9.0,13.0,69.23,14.0,40.0,54.0,29.0,5.0,4.0,19.0,9.0,42.0,21.0,9.0,40.0,21.0
2022500155,2025-26,2026-01-15,24,1612709903,Salt Lake City Stars,SLC,Austin Spurs,HOME,L,118.0,121.0,118.0,40.0,88.0,45.45,33.0,58.0,56.9,7.0,30.0,23.33,19.0,22.0,86.36,15.0,25.0,40.0,24.0,11.0,2.0,14.0,13.0,56.0,21.0,27.0,41.0,16.0
2022500165,2025-26,2026-01-17,25,1612709903,Salt Lake City Stars,SLC,Sioux Falls Skyforce,AWAY,L,110.0,122.0,110.0,41.0,103.0,39.81,23.0,54.0,42.59,18.0,49.0,36.73,6.0,6.0,100.0,18.0,29.0,47.0,28.0,10.0,3.0,16.0,13.0,42.0,20.0,18.0,44.0,12.0
2022500172,2025-26,2026-01-18,26,1612709903,Salt Lake City Stars,SLC,Sioux Falls Skyforce,AWAY,W,115.0,108.0,115.0,46.0,89.0,51.69,33.0,54.0,61.11,13.0,35.0,37.14,7.0,10.0,70.0,13.0,32.0,45.0,29.0,10.0,6.0,14.0,16.0,56.0,21.0,19.0,40.0,17.0
2022500189,2025-26,2026-01-21,27,1612709903,Salt Lake City Stars,SLC,Memphis Hustle,HOME,L,116.0,117.0,116.0,39.0,88.0,44.32,21.0,51.0,41.18,18.0,37.0,48.65,14.0,18.0,77.78,11.0,27.0,38.0,24.0,10.0,8.0,17.0,18.0,38.0,20.0,18.0,48.0,14.0
2022500211,2025-26,2026-01-24,28,1612709903,Salt Lake City Stars,SLC,Stockton Kings,AWAY,L,134.0,138.0,134.0,46.0,88.0,52.27,34.0,56.0,60.71,12.0,32.0,37.5,16.0,18.0,88.89,9.0,31.0,40.0,21.0,8.0,6.0,13.0,14.0,56.0,15.0,18.0,59.0,21.0
2022500221,2025-26,2026-01-26,29,1612709903,Salt Lake City Stars,SLC,Santa Cruz Warriors,HOME,W,126.0,113.0,126.0,49.0,100.0,49.0,36.0,60.0,60.0,13.0,40.0,32.5,9.0,13.0,69.23,15.0,43.0,58.0,29.0,6.0,2.0,12.0,8.0,64.0,11.0,19.0,47.0,16.0
2022500234,2025-26,2026-01-29,30,1612709903,Salt Lake City Stars,SLC,South Bay Lakers,AWAY,L,118.0,125.0,118.0,41.0,88.0,46.59,31.0,58.0,53.45,10.0,30.0,33.33,15.0,17.0,88.24,10.0,36.0,46.0,19.0,7.0,7.0,16.0,14.0,54.0,16.0,7.0,72.0,16.0
2022500246,2025-26,2026-01-31,31,1612709903,Salt Lake City Stars,SLC,South Bay Lakers,AWAY,L,104.0,146.0,104.0,37.0,96.0,38.54,30.0,65.0,46.15,7.0,31.0,22.58,15.0,22.0,68.18,17.0,29.0,46.0,23.0,5.0,3.0,14.0,8.0,52.0,10.0,17.0,50.0,7.0
2022500260,2025-26,2026-02-02,32,1612709903,Salt Lake City Stars,SLC,San Diego Clippers,HOME,L,139.0,140.0,139.0,45.0,95.0,47.37,24.0,50.0,48.0,21.0,45.0,46.67,15.0,16.0,93.75,20.0,29.0,49.0,26.0,6.0,3.0,13.0,9.0,44.0,32.0,12.0,54.0,20.0
2022500271,2025-26,2026-02-04,33,1612709903,Salt Lake City Stars,SLC,San Diego Clippers,HOME,W,128.0,120.0,128.0,45.0,91.0,49.45,31.0,54.0,57.41,14.0,37.0,37.84,16.0,21.0,76.19,9.0,38.0,47.0,26.0,3.0,7.0,6.0,10.0,52.0,15.0,2.0,54.0,8.0
2022500281,2025-26,2026-02-06,34,1612709903,Salt Lake City Stars,SLC,Westchester Knicks,HOME,W,131.0,107.0,131.0,46.0,89.0,51.69,30.0,51.0,58.82,16.0,38.0,42.11,13.0,16.0,81.25,12.0,35.0,47.0,32.0,9.0,2.0,11.0,11.0,56.0,17.0,23.0,63.0,30.0
2022500290,2025-26,2026-02-07,35,1612709903,Salt Lake City Stars,SLC,Westchester Knicks,HOME,W,132.0,124.0,132.0,43.0,88.0,48.86,26.0,57.0,45.61,17.0,31.0,54.84,19.0,22.0,86.36,13.0,31.0,44.0,30.0,9.0,3.0,9.0,12.0,50.0,17.0,12.0,59.0,18.0
2022500313,2025-26,2026-02-12,36,1612709903,Salt Lake City Stars,SLC,Valley Suns,AWAY,L,120.0,123.0,120.0,47.0,88.0,53.41,36.0,58.0,62.07,11.0,30.0,36.67,10.0,14.0,71.43,8.0,30.0,38.0,20.0,6.0,1.0,11.0,7.0,68.0,14.0,19.0,42.0,11.0
2022500328,2025-26,2026-02-19,37,1612709903,Salt Lake City Stars,SLC,Oklahoma City Blue,HOME,W,137.0,126.0,137.0,48.0,83.0,57.83,34.0,49.0,69.39,14.0,34.0,41.18,15.0,25.0,60.0,2.0,36.0,38.0,24.0,8.0,5.0,8.0,13.0,62.0,15.0,20.0,34.0,29.0
2022500336,2025-26,2026-02-20,38,1612709903,Salt Lake City Stars,SLC,Oklahoma City Blue,HOME,W,123.0,106.0,123.0,42.0,81.0,51.85,26.0,46.0,56.52,16.0,35.0,45.71,12.0,15.0,80.0,5.0,37.0,42.0,26.0,7.0,7.0,13.0,14.0,50.0,4.0,20.0,27.0,20.0
2022500351,2025-26,2026-02-22,39,1612709903,Salt Lake City Stars,SLC,Mexico City Capitanes,AWAY,L,119.0,120.0,119.0,43.0,79.0,54.43,25.0,41.0,60.98,18.0,38.0,47.37,8.0,10.0,80.0,7.0,29.0,36.0,19.0,12.0,4.0,18.0,16.0,48.0,12.0,27.0,24.0,27.0
2022500364,2025-26,2026-02-24,40,1612709903,Salt Lake City Stars,SLC,Mexico City Capitanes,AWAY,L,118.0,122.0,118.0,36.0,73.0,49.32,24.0,44.0,54.55,12.0,29.0,41.38,20.0,26.0,76.92,10.0,27.0,37.0,17.0,6.0,2.0,17.0,8.0,44.0,23.0,25.0,16.0,12.0
2022500397,2025-26,2026-03-02,41,1612709903,Salt Lake City Stars,SLC,Valley Suns,AWAY,W,121.0,112.0,121.0,48.0,87.0,55.17,38.0,57.0,66.67,10.0,30.0,33.33,12.0,16.0,75.0,3.0,34.0,37.0,22.0,10.0,4.0,8.0,14.0,68.0,10.0,20.0,23.0,18.0
2022500435,2025-26,2026-03-09,42,1612709903,Salt Lake City Stars,SLC,Texas Legends,HOME,L,114.0,121.0,114.0,42.0,86.0,48.84,29.0,49.0,59.18,13.0,37.0,35.14,11.0,20.0,55.0,8.0,36.0,44.0,25.0,9.0,3.0,14.0,12.0,50.0,8.0,20.0,26.0,22.0
2022500444,2025-26,2026-03-10,43,1612709903,Salt Lake City Stars,SLC,Texas Legends,HOME,W,134.0,125.0,134.0,51.0,98.0,52.04,34.0,56.0,60.71,17.0,42.0,40.48,8.0,12.0,66.67,14.0,28.0,42.0,32.0,14.0,2.0,12.0,16.0,62.0,19.0,22.0,36.0,21.0
2022500460,2025-26,2026-03-13,44,1612709903,Salt Lake City Stars,SLC,Rio Grande Valley Vipers,AWAY,L,101.0,128.0,101.0,35.0,82.0,42.68,26.0,48.0,54.17,9.0,34.0,26.47,12.0,14.0,85.71,1.0,38.0,39.0,19.0,5.0,3.0,17.0,8.0,42.0,7.0,13.0,42.0,10.0
2022500465,2025-26,2026-03-14,45,1612709903,Salt Lake City Stars,SLC,Rio Grande Valley Vipers,AWAY,L,105.0,116.0,105.0,38.0,82.0,46.34,25.0,38.0,65.79,13.0,44.0,29.55,9.0,18.0,50.0,11.0,26.0,37.0,17.0,11.0,3.0,13.0,14.0,40.0,14.0,22.0,21.0,5.0
2022500475,2025-26,2026-03-16,46,1612709903,Salt Lake City Stars,SLC,Iowa Wolves,AWAY,L,106.0,132.0,106.0,33.0,85.0,38.82,23.0,49.0,46.94,10.0,36.0,27.78,17.0,19.0,89.47,9.0,33.0,42.0,24.0,12.0,2.0,19.0,14.0,44.0,11.0,9.0,32.0,17.0
2022500491,2025-26,2026-03-18,47,1612709903,Salt Lake City Stars,SLC,Iowa Wolves,AWAY,L,110.0,132.0,110.0,43.0,102.0,42.16,33.0,68.0,48.53,10.0,34.0,29.41,9.0,11.0,81.82,16.0,33.0,49.0,26.0,7.0,7.0,9.0,14.0,58.0,8.0,11.0,42.0,22.0
2022500510,2025-26,2026-03-21,48,1612709903,Salt Lake City Stars,SLC,Stockton Kings,AWAY,L,116.0,121.0,116.0,44.0,88.0,50.0,38.0,59.0,64.41,6.0,29.0,20.69,14.0,18.0,77.78,9.0,34.0,43.0,18.0,8.0,4.0,12.0,12.0,62.0,10.0,19.0,46.0,10.0
2022500521,2025-26,2026-03-23,49,1612709903,Salt Lake City Stars,SLC,Raptors 905,HOME,L,101.0,116.0,101.0,37.0,83.0,44.58,27.0,52.0,51.92,10.0,31.0,32.26,11.0,16.0,68.75,10.0,29.0,39.0,23.0,9.0,5.0,16.0,14.0,52.0,15.0,21.0,41.0,10.0
2022500527,2025-26,2026-03-24,50,1612709903,Salt Lake City Stars,SLC,Santa Cruz Warriors,HOME,W,131.0,119.0,131.0,50.0,89.0,56.18,35.0,53.0,66.04,15.0,36.0,41.67,9.0,10.0,90.0,7.0,30.0,37.0,27.0,7.0,4.0,9.0,11.0,64.0,8.0,14.0,35.0,18.0
2052500020,2025-26,2025-11-08,1,1612709924,San Diego Clippers,SDC,Stockton Kings,AWAY,W,102.0,97.0,102.0,37.0,96.0,38.54,21.0,54.0,38.89,16.0,42.0,38.1,9.0,14.0,64.29,16.0,31.0,47.0,17.0,8.0,3.0,12.0,11.0,36.0,21.0,22.0,35.0,15.0
2052500026,2025-26,2025-11-09,2,1612709924,San Diego Clippers,SDC,Stockton Kings,AWAY,L,108.0,117.0,108.0,43.0,94.0,45.74,31.0,48.0,64.58,12.0,46.0,26.09,6.0,7.0,85.71,14.0,34.0,48.0,18.0,7.0,5.0,17.0,12.0,60.0,15.0,15.0,26.0,15.0
2052500049,2025-26,2025-11-14,3,1612709924,San Diego Clippers,SDC,Salt Lake City Stars,HOME,W,113.0,106.0,113.0,38.0,81.0,46.91,23.0,43.0,53.49,15.0,38.0,39.47,12.0,16.0,75.0,11.0,29.0,40.0,27.0,7.0,5.0,17.0,12.0,38.0,12.0,20.0,41.0,28.0
2052500065,2025-26,2025-11-16,4,1612709924,San Diego Clippers,SDC,Salt Lake City Stars,HOME,L,92.0,120.0,92.0,36.0,90.0,40.0,21.0,45.0,46.67,15.0,45.0,33.33,4.0,6.0,66.67,9.0,26.0,35.0,25.0,3.0,4.0,15.0,7.0,40.0,11.0,7.0,27.0,10.0
2052500099,2025-26,2025-11-23,5,1612709924,San Diego Clippers,SDC,Rip City Remix,HOME,W,129.0,118.0,129.0,50.0,92.0,54.35,37.0,60.0,61.67,13.0,32.0,40.62,11.0,15.0,73.33,11.0,43.0,54.0,31.0,11.0,9.0,17.0,20.0,70.0,14.0,18.0,28.0,45.0
2052500123,2025-26,2025-11-29,6,1612709924,San Diego Clippers,SDC,South Bay Lakers,HOME,W,124.0,113.0,124.0,49.0,99.0,49.49,38.0,74.0,51.35,11.0,25.0,44.0,8.0,15.0,53.33,11.0,40.0,51.0,28.0,10.0,3.0,12.0,13.0,62.0,12.0,25.0,30.0,31.0
2052500132,2025-26,2025-11-30,7,1612709924,San Diego Clippers,SDC,South Bay Lakers,HOME,W,108.0,107.0,108.0,38.0,88.0,43.18,26.0,57.0,45.61,12.0,31.0,38.71,12.0,14.0,85.71,13.0,41.0,54.0,28.0,7.0,2.0,14.0,9.0,48.0,17.0,15.0,28.0,12.0
2052500138,2025-26,2025-12-02,8,1612709924,San Diego Clippers,SDC,Rip City Remix,AWAY,L,108.0,146.0,108.0,37.0,100.0,37.0,28.0,63.0,44.44,9.0,37.0,24.32,15.0,16.0,93.75,14.0,31.0,45.0,20.0,9.0,4.0,8.0,13.0,44.0,21.0,23.0,30.0,17.0
2052500148,2025-26,2025-12-04,9,1612709924,San Diego Clippers,SDC,Rip City Remix,AWAY,W,135.0,128.0,135.0,44.0,90.0,48.89,25.0,47.0,53.19,19.0,43.0,44.19,16.0,19.0,84.21,9.0,38.0,47.0,28.0,9.0,4.0,17.0,13.0,46.0,13.0,14.0,42.0,24.0
2052500172,2025-26,2025-12-09,10,1612709924,San Diego Clippers,SDC,Valley Suns,AWAY,W,124.0,116.0,124.0,45.0,80.0,56.25,28.0,46.0,60.87,17.0,34.0,50.0,12.0,17.0,70.59,11.0,34.0,45.0,30.0,8.0,4.0,23.0,12.0,52.0,12.0,21.0,30.0,19.0
2052500186,2025-26,2025-12-11,11,1612709924,San Diego Clippers,SDC,Valley Suns,AWAY,L,118.0,121.0,118.0,45.0,92.0,48.91,30.0,50.0,60.0,15.0,42.0,35.71,7.0,12.0,58.33,9.0,29.0,38.0,27.0,10.0,5.0,10.0,15.0,56.0,8.0,28.0,38.0,16.0
2052500199,2025-26,2025-12-13,12,1612709924,San Diego Clippers,SDC,Santa Cruz Warriors,HOME,W,112.0,103.0,112.0,40.0,94.0,42.55,31.0,57.0,54.39,9.0,37.0,24.32,14.0,15.0,93.33,12.0,28.0,40.0,20.0,13.0,2.0,9.0,15.0,58.0,16.0,21.0,48.0,20.0
2052500207,2025-26,2025-12-14,13,1612709924,San Diego Clippers,SDC,Santa Cruz Warriors,HOME,W,122.0,112.0,122.0,45.0,89.0,50.56,24.0,42.0,57.14,21.0,47.0,44.68,8.0,15.0,53.33,17.0,23.0,40.0,30.0,10.0,3.0,15.0,13.0,46.0,17.0,25.0,50.0,18.0
2052500217,2025-26,2025-12-16,14,1612709924,San Diego Clippers,SDC,South Bay Lakers,AWAY,L,118.0,127.0,118.0,44.0,87.0,50.57,34.0,55.0,61.82,10.0,32.0,31.25,9.0,10.0,90.0,11.0,23.0,34.0,24.0,11.0,5.0,19.0,16.0,66.0,13.0,30.0,58.0,18.0
2022500004,2025-26,2025-12-19,15,1612709924,San Diego Clippers,SDC,Raptors 905,AWAY,L,89.0,110.0,89.0,32.0,76.0,42.11,24.0,48.0,50.0,8.0,28.0,28.57,10.0,11.0,90.91,3.0,29.0,32.0,17.0,8.0,4.0,14.0,12.0,44.0,7.0,15.0,31.0,11.0
2022500019,2025-26,2025-12-21,16,1612709924,San Diego Clippers,SDC,Greensboro Swarm,HOME,L,117.0,127.0,117.0,48.0,91.0,52.75,35.0,54.0,64.81,13.0,37.0,35.14,5.0,9.0,55.56,10.0,30.0,40.0,27.0,6.0,1.0,10.0,7.0,60.0,15.0,12.0,37.0,10.0
2022500044,2025-26,2025-12-27,17,1612709924,San Diego Clippers,SDC,Sioux Falls Skyforce,HOME,W,128.0,106.0,128.0,48.0,97.0,49.48,28.0,58.0,48.28,20.0,39.0,51.28,7.0,8.0,87.5,12.0,36.0,48.0,34.0,8.0,4.0,8.0,12.0,52.0,12.0,15.0,58.0,16.0
2022500051,2025-26,2025-12-28,18,1612709924,San Diego Clippers,SDC,Sioux Falls Skyforce,HOME,L,98.0,101.0,98.0,41.0,97.0,42.27,31.0,60.0,51.67,10.0,37.0,27.03,5.0,7.0,71.43,11.0,30.0,41.0,26.0,11.0,8.0,12.0,19.0,60.0,17.0,25.0,48.0,15.0
2022500072,2025-26,2026-01-02,19,1612709924,San Diego Clippers,SDC,Raptors 905,AWAY,W,114.0,110.0,114.0,44.0,84.0,52.38,35.0,51.0,68.63,9.0,33.0,27.27,14.0,19.0,73.68,5.0,24.0,29.0,25.0,11.0,6.0,9.0,17.0,70.0,6.0,31.0,43.0,8.0
2022500090,2025-26,2026-01-04,20,1612709924,San Diego Clippers,SDC,Long Island Nets,AWAY,L,115.0,119.0,115.0,43.0,78.0,55.13,33.0,52.0,63.46,10.0,26.0,38.46,12.0,18.0,66.67,8.0,34.0,42.0,27.0,3.0,3.0,13.0,6.0,60.0,16.0,7.0,44.0,7.0
2022500098,2025-26,2026-01-06,21,1612709924,San Diego Clippers,SDC,Long Island Nets,AWAY,W,126.0,125.0,126.0,45.0,82.0,54.88,30.0,49.0,61.22,15.0,33.0,45.45,13.0,21.0,61.9,13.0,31.0,44.0,26.0,10.0,4.0,23.0,14.0,58.0,16.0,21.0,52.0,10.0
2022500122,2025-26,2026-01-09,22,1612709924,San Diego Clippers,SDC,Iowa Wolves,HOME,W,125.0,118.0,125.0,49.0,91.0,53.85,34.0,57.0,59.65,15.0,34.0,44.12,10.0,13.0,76.92,8.0,28.0,36.0,31.0,11.0,2.0,6.0,13.0,62.0,14.0,18.0,46.0,19.0
2022500129,2025-26,2026-01-10,23,1612709924,San Diego Clippers,SDC,Iowa Wolves,HOME,L,98.0,105.0,98.0,36.0,89.0,40.45,27.0,55.0,49.09,9.0,34.0,26.47,10.0,13.0,76.92,7.0,26.0,33.0,23.0,11.0,0.0,7.0,11.0,48.0,10.0,20.0,27.0,16.0
2022500150,2025-26,2026-01-14,24,1612709924,San Diego Clippers,SDC,South Bay Lakers,AWAY,L,115.0,120.0,115.0,41.0,82.0,50.0,27.0,50.0,54.0,14.0,32.0,43.75,11.0,15.0,73.33,11.0,35.0,46.0,27.0,6.0,4.0,15.0,10.0,54.0,11.0,9.0,15.0,17.0
2022500157,2025-26,2026-01-15,25,1612709924,San Diego Clippers,SDC,Windy City Bulls,HOME,L,104.0,131.0,104.0,42.0,94.0,44.68,31.0,58.0,53.45,11.0,36.0,30.56,6.0,9.0,66.67,8.0,27.0,35.0,27.0,10.0,4.0,13.0,14.0,52.0,9.0,14.0,43.0,20.0
2022500173,2025-26,2026-01-18,26,1612709924,San Diego Clippers,SDC,Mexico City Capitanes,AWAY,W,115.0,96.0,115.0,34.0,82.0,41.46,22.0,43.0,51.16,12.0,39.0,30.77,22.0,27.0,81.48,11.0,40.0,51.0,22.0,6.0,6.0,11.0,12.0,38.0,10.0,11.0,41.0,16.0
2022500186,2025-26,2026-01-20,27,1612709924,San Diego Clippers,SDC,Mexico City Capitanes,AWAY,L,101.0,113.0,101.0,35.0,86.0,40.7,20.0,45.0,44.44,15.0,41.0,36.59,10.0,13.0,76.92,12.0,30.0,42.0,18.0,10.0,5.0,17.0,15.0,40.0,11.0,17.0,28.0,13.0
2022500203,2025-26,2026-01-23,28,1612709924,San Diego Clippers,SDC,Oklahoma City Blue,HOME,L,109.0,113.0,109.0,38.0,87.0,43.68,24.0,46.0,52.17,14.0,41.0,34.15,11.0,15.0,73.33,12.0,37.0,49.0,26.0,5.0,7.0,15.0,12.0,42.0,20.0,11.0,38.0,15.0
2022500212,2025-26,2026-01-24,29,1612709924,San Diego Clippers,SDC,Oklahoma City Blue,HOME,L,92.0,113.0,92.0,35.0,75.0,46.67,25.0,39.0,64.1,10.0,36.0,27.78,7.0,9.0,77.78,7.0,29.0,36.0,19.0,3.0,4.0,16.0,7.0,50.0,13.0,10.0,29.0,12.0
2022500241,2025-26,2026-01-30,30,1612709924,San Diego Clippers,SDC,College Park Skyhawks,HOME,W,112.0,111.0,112.0,37.0,86.0,43.02,24.0,52.0,46.15,13.0,34.0,38.24,13.0,19.0,68.42,8.0,36.0,44.0,21.0,13.0,5.0,13.0,18.0,36.0,12.0,17.0,46.0,16.0
2022500248,2025-26,2026-01-31,31,1612709924,San Diego Clippers,SDC,College Park Skyhawks,HOME,W,132.0,112.0,132.0,51.0,92.0,55.43,32.0,54.0,59.26,19.0,38.0,50.0,8.0,9.0,88.89,10.0,32.0,42.0,25.0,7.0,4.0,10.0,11.0,54.0,15.0,21.0,71.0,18.0
2022500260,2025-26,2026-02-02,32,1612709924,San Diego Clippers,SDC,Salt Lake City Stars,AWAY,W,140.0,139.0,140.0,54.0,91.0,59.34,37.0,49.0,75.51,17.0,42.0,40.48,9.0,11.0,81.82,5.0,23.0,28.0,32.0,8.0,5.0,6.0,13.0,68.0,11.0,20.0,52.0,17.0
2022500271,2025-26,2026-02-04,33,1612709924,San Diego Clippers,SDC,Salt Lake City Stars,AWAY,L,120.0,128.0,120.0,43.0,95.0,45.26,29.0,53.0,54.72,14.0,42.0,33.33,12.0,16.0,75.0,12.0,37.0,49.0,24.0,3.0,5.0,5.0,8.0,44.0,17.0,11.0,45.0,10.0
2022500278,2025-26,2026-02-06,34,1612709924,San Diego Clippers,SDC,Memphis Hustle,AWAY,W,116.0,105.0,116.0,38.0,80.0,47.5,24.0,44.0,54.55,14.0,36.0,38.89,15.0,17.0,88.24,8.0,41.0,49.0,25.0,6.0,2.0,17.0,8.0,44.0,12.0,15.0,56.0,11.0
2022500294,2025-26,2026-02-08,35,1612709924,San Diego Clippers,SDC,Memphis Hustle,AWAY,W,109.0,106.0,109.0,45.0,93.0,48.39,39.0,64.0,60.94,6.0,29.0,20.69,9.0,13.0,69.23,10.0,38.0,48.0,21.0,8.0,4.0,19.0,12.0,68.0,11.0,17.0,29.0,15.0
2022500309,2025-26,2026-02-11,36,1612709924,San Diego Clippers,SDC,South Bay Lakers,AWAY,L,116.0,128.0,116.0,41.0,89.0,46.07,25.0,48.0,52.08,16.0,41.0,39.02,9.0,13.0,69.23,7.0,26.0,33.0,26.0,7.0,3.0,6.0,10.0,48.0,18.0,27.0,31.0,10.0
2022500329,2025-26,2026-02-19,37,1612709924,San Diego Clippers,SDC,Austin Spurs,HOME,L,115.0,116.0,115.0,41.0,107.0,38.32,25.0,60.0,41.67,16.0,47.0,34.04,10.0,12.0,83.33,14.0,36.0,50.0,20.0,6.0,1.0,6.0,7.0,42.0,20.0,15.0,29.0,26.0
2022500338,2025-26,2026-02-20,38,1612709924,San Diego Clippers,SDC,Austin Spurs,HOME,W,135.0,132.0,135.0,45.0,92.0,48.91,30.0,52.0,57.69,15.0,40.0,37.5,19.0,25.0,76.0,11.0,37.0,48.0,26.0,8.0,3.0,8.0,11.0,48.0,16.0,15.0,22.0,25.0
2022500362,2025-26,2026-02-24,39,1612709924,San Diego Clippers,SDC,Rio Grande Valley Vipers,AWAY,W,123.0,122.0,123.0,41.0,92.0,44.57,28.0,49.0,57.14,13.0,43.0,30.23,16.0,18.0,88.89,20.0,28.0,48.0,25.0,8.0,3.0,13.0,11.0,44.0,21.0,13.0,50.0,8.0
2022500370,2025-26,2026-02-25,40,1612709924,San Diego Clippers,SDC,Rio Grande Valley Vipers,AWAY,L,102.0,109.0,102.0,41.0,86.0,47.67,31.0,53.0,58.49,10.0,33.0,30.3,6.0,11.0,54.55,7.0,25.0,32.0,26.0,14.0,2.0,13.0,16.0,60.0,10.0,24.0,15.0,19.0
2022500382,2025-26,2026-02-27,41,1612709924,San Diego Clippers,SDC,Santa Cruz Warriors,AWAY,W,130.0,126.0,130.0,47.0,92.0,51.09,28.0,47.0,59.57,19.0,45.0,42.22,12.0,16.0,75.0,12.0,34.0,46.0,26.0,4.0,4.0,11.0,8.0,48.0,19.0,15.0,55.0,19.0
2022500395,2025-26,2026-03-01,42,1612709924,San Diego Clippers,SDC,Santa Cruz Warriors,AWAY,L,100.0,121.0,100.0,38.0,81.0,46.91,22.0,48.0,45.83,16.0,33.0,48.48,4.0,5.0,80.0,5.0,26.0,31.0,24.0,5.0,1.0,12.0,6.0,44.0,4.0,16.0,23.0,2.0
2022500450,2025-26,2026-03-11,43,1612709924,San Diego Clippers,SDC,Rip City Remix,HOME,W,128.0,118.0,128.0,48.0,100.0,48.0,31.0,60.0,51.67,17.0,40.0,42.5,10.0,12.0,83.33,11.0,31.0,42.0,27.0,13.0,3.0,3.0,16.0,50.0,16.0,23.0,34.0,23.0
2022500455,2025-26,2026-03-12,44,1612709924,San Diego Clippers,SDC,Rip City Remix,HOME,W,126.0,115.0,126.0,43.0,82.0,52.44,32.0,52.0,61.54,11.0,30.0,36.67,19.0,25.0,76.0,9.0,28.0,37.0,20.0,15.0,5.0,9.0,20.0,52.0,18.0,19.0,38.0,14.0
2022500467,2025-26,2026-03-14,45,1612709924,San Diego Clippers,SDC,Texas Legends,AWAY,L,106.0,128.0,106.0,35.0,85.0,41.18,22.0,44.0,50.0,13.0,41.0,31.71,14.0,17.0,82.35,9.0,27.0,36.0,23.0,5.0,2.0,11.0,7.0,34.0,9.0,13.0,23.0,19.0
2022500477,2025-26,2026-03-16,46,1612709924,San Diego Clippers,SDC,Texas Legends,AWAY,L,108.0,116.0,108.0,39.0,96.0,40.62,28.0,59.0,47.46,11.0,37.0,29.73,9.0,9.0,100.0,19.0,33.0,52.0,25.0,8.0,1.0,15.0,9.0,54.0,18.0,19.0,19.0,13.0
2022500492,2025-26,2026-03-19,47,1612709924,San Diego Clippers,SDC,Valley Suns,HOME,W,113.0,87.0,113.0,43.0,88.0,48.86,25.0,42.0,59.52,18.0,46.0,39.13,4.0,5.0,80.0,8.0,42.0,50.0,25.0,9.0,3.0,13.0,12.0,40.0,10.0,7.0,30.0,25.0
2022500511,2025-26,2026-03-21,48,1612709924,San Diego Clippers,SDC,Valley Suns,HOME,W,131.0,115.0,131.0,50.0,94.0,53.19,30.0,42.0,71.43,20.0,52.0,38.46,7.0,8.0,87.5,13.0,34.0,47.0,31.0,7.0,4.0,12.0,11.0,56.0,17.0,18.0,54.0,17.0
2022500546,2025-26,2026-03-27,49,1612709924,San Diego Clippers,SDC,Stockton Kings,HOME,W,120.0,112.0,120.0,44.0,86.0,51.16,28.0,52.0,53.85,16.0,34.0,47.06,10.0,13.0,76.92,6.0,36.0,42.0,31.0,10.0,8.0,10.0,18.0,54.0,9.0,26.0,29.0,32.0
2022500557,2025-26,2026-03-28,50,1612709924,San Diego Clippers,SDC,Stockton Kings,HOME,L,102.0,118.0,102.0,34.0,79.0,43.04,24.0,47.0,51.06,10.0,32.0,31.25,13.0,14.0,92.86,7.0,25.0,32.0,16.0,11.0,1.0,10.0,12.0,44.0,12.0,18.0,24.0,11.0
2052500010,2025-26,2025-11-07,1,1612709902,Santa Cruz Warriors,SCW,Rip City Remix,HOME,L,107.0,120.0,107.0,39.0,88.0,44.32,25.0,47.0,53.19,14.0,41.0,34.15,9.0,13.0,69.23,14.0,28.0,42.0,21.0,10.0,5.0,19.0,15.0,36.0,19.0,22.0,33.0,14.0
2052500021,2025-26,2025-11-08,2,1612709902,Santa Cruz Warriors,SCW,Rip City Remix,HOME,L,118.0,131.0,118.0,43.0,96.0,44.79,28.0,52.0,53.85,15.0,44.0,34.09,10.0,14.0,71.43,19.0,40.0,59.0,20.0,6.0,6.0,22.0,12.0,54.0,24.0,13.0,28.0,8.0
2052500029,2025-26,2025-11-11,3,1612709902,Santa Cruz Warriors,SCW,Salt Lake City Stars,AWAY,L,101.0,121.0,101.0,38.0,100.0,38.0,23.0,48.0,47.92,15.0,52.0,28.85,5.0,7.0,71.43,18.0,31.0,49.0,26.0,5.0,2.0,14.0,7.0,44.0,14.0,8.0,22.0,6.0
2052500048,2025-26,2025-11-14,4,1612709902,Santa Cruz Warriors,SCW,Stockton Kings,HOME,L,103.0,125.0,103.0,42.0,94.0,44.68,33.0,66.0,50.0,9.0,28.0,32.14,6.0,11.0,54.55,10.0,35.0,45.0,26.0,5.0,9.0,14.0,14.0,58.0,16.0,12.0,18.0,6.0
2052500056,2025-26,2025-11-15,5,1612709902,Santa Cruz Warriors,SCW,Stockton Kings,HOME,L,97.0,126.0,97.0,31.0,87.0,35.63,20.0,51.0,39.22,11.0,36.0,30.56,15.0,15.0,100.0,8.0,23.0,31.0,16.0,9.0,4.0,13.0,13.0,38.0,21.0,22.0,27.0,7.0
2052500086,2025-26,2025-11-21,6,1612709902,Santa Cruz Warriors,SCW,South Bay Lakers,AWAY,L,95.0,115.0,95.0,35.0,90.0,38.89,27.0,53.0,50.94,8.0,37.0,21.62,9.0,15.0,60.0,15.0,31.0,46.0,24.0,11.0,2.0,19.0,13.0,48.0,12.0,17.0,22.0,13.0
2052500098,2025-26,2025-11-23,7,1612709902,Santa Cruz Warriors,SCW,South Bay Lakers,AWAY,L,105.0,108.0,105.0,41.0,84.0,48.81,28.0,45.0,62.22,13.0,39.0,33.33,5.0,8.0,62.5,9.0,35.0,44.0,28.0,6.0,1.0,14.0,7.0,50.0,13.0,8.0,28.0,9.0
2052500116,2025-26,2025-11-28,8,1612709902,Santa Cruz Warriors,SCW,Salt Lake City Stars,HOME,L,112.0,126.0,112.0,43.0,104.0,41.35,28.0,54.0,51.85,15.0,50.0,30.0,8.0,11.0,72.73,21.0,35.0,56.0,33.0,10.0,5.0,14.0,15.0,54.0,14.0,13.0,27.0,2.0
2052500124,2025-26,2025-11-29,9,1612709902,Santa Cruz Warriors,SCW,Salt Lake City Stars,HOME,L,103.0,133.0,103.0,40.0,94.0,42.55,24.0,55.0,43.64,16.0,39.0,41.03,5.0,7.0,71.43,19.0,31.0,50.0,25.0,5.0,6.0,16.0,11.0,40.0,18.0,11.0,19.0,5.0
2052500137,2025-26,2025-12-02,10,1612709902,Santa Cruz Warriors,SCW,Valley Suns,AWAY,W,111.0,110.0,111.0,41.0,88.0,46.59,30.0,54.0,55.56,11.0,34.0,32.35,9.0,14.0,64.29,13.0,27.0,40.0,23.0,7.0,8.0,11.0,15.0,58.0,12.0,10.0,26.0,11.0
2052500144,2025-26,2025-12-03,11,1612709902,Santa Cruz Warriors,SCW,Valley Suns,AWAY,L,119.0,124.0,119.0,45.0,104.0,43.27,26.0,49.0,53.06,19.0,55.0,34.55,7.0,11.0,63.64,20.0,33.0,53.0,31.0,12.0,3.0,16.0,15.0,42.0,23.0,27.0,27.0,17.0
2052500166,2025-26,2025-12-07,12,1612709902,Santa Cruz Warriors,SCW,Valley Suns,HOME,L,106.0,114.0,106.0,41.0,88.0,46.59,29.0,48.0,60.42,12.0,40.0,30.0,8.0,13.0,61.54,12.0,30.0,42.0,23.0,10.0,7.0,21.0,17.0,50.0,14.0,14.0,31.0,4.0
2052500199,2025-26,2025-12-13,13,1612709902,Santa Cruz Warriors,SCW,San Diego Clippers,AWAY,L,103.0,112.0,103.0,38.0,83.0,45.78,24.0,45.0,53.33,14.0,38.0,36.84,9.0,12.0,75.0,10.0,33.0,43.0,25.0,5.0,5.0,23.0,10.0,44.0,18.0,2.0,18.0,0.0
2052500207,2025-26,2025-12-14,14,1612709902,Santa Cruz Warriors,SCW,San Diego Clippers,AWAY,L,112.0,122.0,112.0,37.0,76.0,48.68,18.0,40.0,45.0,19.0,36.0,52.78,11.0,14.0,78.57,14.0,30.0,44.0,26.0,11.0,3.0,21.0,14.0,24.0,21.0,22.0,30.0,8.0
2022500008,2025-26,2025-12-19,15,1612709902,Santa Cruz Warriors,SCW,Delaware Blue Coats,AWAY,W,143.0,119.0,143.0,56.0,99.0,56.57,39.0,55.0,70.91,17.0,44.0,38.64,7.0,10.0,70.0,12.0,40.0,52.0,32.0,11.0,9.0,14.0,20.0,66.0,6.0,26.0,53.0,27.0
2022500021,2025-26,2025-12-21,16,1612709902,Santa Cruz Warriors,SCW,Noblesville Boom,HOME,W,108.0,100.0,108.0,40.0,85.0,47.06,24.0,47.0,51.06,16.0,38.0,42.11,8.0,10.0,80.0,15.0,39.0,54.0,23.0,7.0,7.0,26.0,14.0,46.0,9.0,14.0,47.0,14.0
2022500045,2025-26,2025-12-27,17,1612709902,Santa Cruz Warriors,SCW,Osceola Magic,HOME,L,97.0,122.0,97.0,38.0,88.0,43.18,27.0,47.0,57.45,11.0,41.0,26.83,5.0,8.0,62.5,17.0,32.0,49.0,22.0,5.0,7.0,19.0,12.0,48.0,26.0,16.0,35.0,9.0
2022500052,2025-26,2025-12-28,18,1612709902,Santa Cruz Warriors,SCW,Osceola Magic,HOME,L,96.0,106.0,96.0,35.0,72.0,48.61,24.0,39.0,61.54,11.0,33.0,33.33,10.0,16.0,62.5,10.0,28.0,38.0,22.0,4.0,7.0,18.0,11.0,36.0,17.0,16.0,32.0,6.0
2022500067,2025-26,2025-12-31,19,1612709902,Santa Cruz Warriors,SCW,Austin Spurs,AWAY,W,111.0,102.0,111.0,41.0,93.0,44.09,30.0,57.0,52.63,11.0,36.0,30.56,13.0,19.0,68.42,17.0,43.0,60.0,25.0,9.0,13.0,17.0,22.0,54.0,21.0,18.0,24.0,13.0
2022500075,2025-26,2026-01-02,20,1612709902,Santa Cruz Warriors,SCW,Austin Spurs,AWAY,W,112.0,105.0,112.0,43.0,93.0,46.24,29.0,47.0,61.7,14.0,46.0,30.43,8.0,9.0,88.89,14.0,31.0,45.0,27.0,12.0,9.0,13.0,21.0,52.0,18.0,19.0,25.0,8.0
2022500091,2025-26,2026-01-04,21,1612709902,Santa Cruz Warriors,SCW,Oklahoma City Blue,AWAY,W,106.0,71.0,106.0,42.0,101.0,41.58,31.0,56.0,55.36,11.0,45.0,24.44,6.0,14.0,42.86,18.0,55.0,73.0,31.0,4.0,10.0,9.0,14.0,58.0,29.0,7.0,51.0,6.0
2022500121,2025-26,2026-01-09,22,1612709902,Santa Cruz Warriors,SCW,Mexico City Capitanes,AWAY,L,114.0,121.0,114.0,40.0,88.0,45.45,31.0,55.0,56.36,9.0,33.0,27.27,15.0,19.0,78.95,13.0,32.0,45.0,28.0,10.0,4.0,13.0,14.0,60.0,30.0,16.0,24.0,15.0
2022500133,2025-26,2026-01-11,23,1612709902,Santa Cruz Warriors,SCW,Mexico City Capitanes,AWAY,L,118.0,122.0,118.0,42.0,89.0,47.19,25.0,45.0,55.56,17.0,44.0,38.64,11.0,15.0,73.33,12.0,36.0,48.0,22.0,8.0,5.0,13.0,13.0,48.0,19.0,18.0,39.0,15.0
2022500167,2025-26,2026-01-17,24,1612709902,Santa Cruz Warriors,SCW,Valley Suns,HOME,W,123.0,115.0,123.0,44.0,80.0,55.0,27.0,45.0,60.0,17.0,35.0,48.57,13.0,15.0,86.67,10.0,38.0,48.0,30.0,7.0,4.0,18.0,11.0,52.0,12.0,16.0,40.0,7.0
2022500179,2025-26,2026-01-19,25,1612709902,Santa Cruz Warriors,SCW,Valley Suns,HOME,W,113.0,108.0,113.0,41.0,77.0,53.25,29.0,45.0,64.44,12.0,32.0,37.5,12.0,13.0,92.31,10.0,35.0,45.0,32.0,5.0,4.0,17.0,9.0,56.0,11.0,13.0,37.0,11.0
2022500202,2025-26,2026-01-23,26,1612709902,Santa Cruz Warriors,SCW,Sioux Falls Skyforce,HOME,W,110.0,103.0,110.0,38.0,91.0,41.76,21.0,48.0,43.75,17.0,43.0,39.53,12.0,17.0,70.59,11.0,43.0,54.0,28.0,5.0,7.0,20.0,12.0,40.0,19.0,19.0,25.0,19.0
2022500213,2025-26,2026-01-24,27,1612709902,Santa Cruz Warriors,SCW,Sioux Falls Skyforce,HOME,L,103.0,117.0,103.0,37.0,91.0,40.66,21.0,43.0,48.84,16.0,48.0,33.33,7.0,9.0,77.78,7.0,34.0,41.0,26.0,9.0,4.0,12.0,13.0,38.0,4.0,13.0,49.0,12.0
2022500221,2025-26,2026-01-26,28,1612709902,Santa Cruz Warriors,SCW,Salt Lake City Stars,AWAY,L,113.0,126.0,113.0,42.0,101.0,41.58,29.0,54.0,53.7,13.0,47.0,27.66,10.0,12.0,83.33,13.0,36.0,49.0,26.0,7.0,5.0,13.0,12.0,52.0,20.0,11.0,23.0,11.0
2022500240,2025-26,2026-01-30,29,1612709902,Santa Cruz Warriors,SCW,Iowa Wolves,HOME,W,108.0,101.0,108.0,44.0,98.0,44.9,35.0,59.0,59.32,9.0,39.0,23.08,9.0,14.0,64.29,14.0,39.0,53.0,26.0,8.0,7.0,12.0,15.0,68.0,18.0,15.0,20.0,17.0
2022500249,2025-26,2026-01-31,30,1612709902,Santa Cruz Warriors,SCW,Iowa Wolves,HOME,L,123.0,127.0,123.0,46.0,101.0,45.54,28.0,47.0,59.57,18.0,54.0,33.33,8.0,9.0,88.89,16.0,33.0,49.0,23.0,8.0,2.0,11.0,10.0,52.0,19.0,18.0,58.0,20.0
2022500261,2025-26,2026-02-03,31,1612709902,Santa Cruz Warriors,SCW,Oklahoma City Blue,AWAY,L,110.0,130.0,110.0,38.0,100.0,38.0,17.0,41.0,41.46,21.0,59.0,35.59,7.0,10.0,70.0,18.0,28.0,46.0,25.0,6.0,6.0,12.0,12.0,32.0,9.0,16.0,39.0,6.0
2022500304,2025-26,2026-02-11,32,1612709902,Santa Cruz Warriors,SCW,Memphis Hustle,AWAY,L,107.0,108.0,107.0,41.0,93.0,44.09,35.0,64.0,54.69,6.0,29.0,20.69,10.0,15.0,66.67,12.0,42.0,54.0,23.0,7.0,10.0,14.0,17.0,68.0,11.0,10.0,30.0,20.0
2022500318,2025-26,2026-02-12,33,1612709902,Santa Cruz Warriors,SCW,Memphis Hustle,AWAY,W,134.0,116.0,134.0,45.0,88.0,51.14,27.0,51.0,52.94,18.0,37.0,48.65,14.0,18.0,77.78,10.0,38.0,48.0,31.0,8.0,5.0,16.0,13.0,52.0,17.0,12.0,70.0,20.0
2022500352,2025-26,2026-02-22,34,1612709902,Santa Cruz Warriors,SCW,Rip City Remix,AWAY,W,118.0,113.0,118.0,38.0,102.0,37.25,22.0,53.0,41.51,16.0,49.0,32.65,16.0,18.0,88.89,17.0,36.0,53.0,26.0,12.0,4.0,10.0,16.0,42.0,23.0,25.0,23.0,19.0
2022500365,2025-26,2026-02-24,35,1612709902,Santa Cruz Warriors,SCW,Rip City Remix,AWAY,L,126.0,128.0,126.0,47.0,100.0,47.0,38.0,62.0,61.29,9.0,38.0,23.68,13.0,17.0,76.47,16.0,39.0,55.0,28.0,7.0,3.0,10.0,10.0,68.0,14.0,12.0,32.0,16.0
2022500382,2025-26,2026-02-27,36,1612709902,Santa Cruz Warriors,SCW,San Diego Clippers,HOME,L,126.0,130.0,126.0,49.0,107.0,45.79,32.0,58.0,55.17,17.0,49.0,34.69,6.0,8.0,75.0,21.0,30.0,51.0,29.0,8.0,2.0,7.0,10.0,62.0,30.0,18.0,33.0,14.0
2022500395,2025-26,2026-03-01,37,1612709902,Santa Cruz Warriors,SCW,San Diego Clippers,HOME,W,121.0,100.0,121.0,49.0,92.0,53.26,31.0,45.0,68.89,18.0,47.0,38.3,3.0,7.0,42.86,16.0,36.0,52.0,32.0,4.0,5.0,14.0,9.0,60.0,14.0,16.0,34.0,5.0
2022500399,2025-26,2026-03-02,38,1612709902,Santa Cruz Warriors,SCW,Stockton Kings,AWAY,L,104.0,113.0,104.0,38.0,87.0,43.68,33.0,63.0,52.38,5.0,24.0,20.83,14.0,17.0,82.35,15.0,34.0,49.0,23.0,6.0,5.0,11.0,11.0,52.0,22.0,12.0,35.0,22.0
2022500410,2025-26,2026-03-04,39,1612709902,Santa Cruz Warriors,SCW,Birmingham Squadron,HOME,W,121.0,117.0,121.0,44.0,100.0,44.0,28.0,57.0,49.12,16.0,43.0,37.21,10.0,11.0,90.91,20.0,35.0,55.0,24.0,6.0,7.0,16.0,13.0,56.0,20.0,12.0,23.0,10.0
2022500421,2025-26,2026-03-06,40,1612709902,Santa Cruz Warriors,SCW,South Bay Lakers,HOME,L,110.0,131.0,110.0,39.0,87.0,44.83,25.0,52.0,48.08,14.0,35.0,40.0,10.0,11.0,90.91,14.0,26.0,40.0,22.0,2.0,5.0,16.0,7.0,48.0,23.0,11.0,29.0,7.0
2022500434,2025-26,2026-03-08,41,1612709902,Santa Cruz Warriors,SCW,South Bay Lakers,HOME,L,104.0,113.0,104.0,38.0,92.0,41.3,29.0,59.0,49.15,9.0,33.0,27.27,12.0,17.0,70.59,17.0,35.0,52.0,22.0,6.0,8.0,12.0,14.0,54.0,29.0,11.0,23.0,9.0
2022500456,2025-26,2026-03-13,42,1612709902,Santa Cruz Warriors,SCW,Cleveland Charge,AWAY,L,116.0,138.0,116.0,38.0,90.0,42.22,19.0,42.0,45.24,19.0,48.0,39.58,12.0,18.0,66.67,11.0,27.0,38.0,28.0,4.0,3.0,11.0,7.0,30.0,28.0,12.0,29.0,6.0
2022500464,2025-26,2026-03-14,43,1612709902,Santa Cruz Warriors,SCW,Cleveland Charge,AWAY,L,100.0,130.0,100.0,37.0,92.0,40.22,31.0,53.0,58.49,6.0,39.0,15.38,12.0,13.0,92.31,11.0,25.0,36.0,15.0,9.0,3.0,12.0,12.0,52.0,13.0,23.0,37.0,6.0
2022500479,2025-26,2026-03-17,44,1612709902,Santa Cruz Warriors,SCW,Capital City Go-Go,AWAY,L,130.0,137.0,130.0,48.0,90.0,53.33,35.0,57.0,61.4,13.0,33.0,39.39,14.0,17.0,82.35,12.0,28.0,40.0,28.0,7.0,1.0,16.0,8.0,70.0,25.0,26.0,26.0,17.0
2022500494,2025-26,2026-03-19,45,1612709902,Santa Cruz Warriors,SCW,Rio Grande Valley Vipers,HOME,L,99.0,108.0,99.0,39.0,83.0,46.99,31.0,48.0,64.58,8.0,35.0,22.86,8.0,16.0,50.0,16.0,38.0,54.0,15.0,6.0,6.0,21.0,12.0,50.0,20.0,16.0,39.0,10.0
2022500512,2025-26,2026-03-21,46,1612709902,Santa Cruz Warriors,SCW,Rio Grande Valley Vipers,HOME,W,123.0,115.0,123.0,44.0,86.0,51.16,29.0,48.0,60.42,15.0,38.0,39.47,14.0,17.0,82.35,11.0,38.0,49.0,29.0,6.0,8.0,18.0,14.0,54.0,10.0,15.0,34.0,22.0
2022500520,2025-26,2026-03-22,47,1612709902,Santa Cruz Warriors,SCW,Stockton Kings,AWAY,L,103.0,121.0,103.0,42.0,94.0,44.68,31.0,56.0,55.36,11.0,38.0,28.95,5.0,7.0,71.43,15.0,32.0,47.0,29.0,4.0,4.0,15.0,8.0,56.0,17.0,9.0,37.0,13.0
2022500527,2025-26,2026-03-24,48,1612709902,Santa Cruz Warriors,SCW,Salt Lake City Stars,AWAY,L,119.0,131.0,119.0,45.0,88.0,51.14,33.0,52.0,63.46,12.0,36.0,33.33,12.0,14.0,85.71,9.0,30.0,39.0,35.0,5.0,4.0,13.0,9.0,64.0,21.0,13.0,35.0,9.0
2022500545,2025-26,2026-03-27,49,1612709902,Santa Cruz Warriors,SCW,Texas Legends,HOME,L,106.0,112.0,106.0,42.0,98.0,42.86,31.0,57.0,54.39,11.0,41.0,26.83,8.0,12.0,66.67,13.0,41.0,54.0,30.0,6.0,10.0,15.0,16.0,54.0,14.0,13.0,19.0,25.0
2022500558,2025-26,2026-03-28,50,1612709902,Santa Cruz Warriors,SCW,Texas Legends,HOME,L,116.0,134.0,116.0,44.0,112.0,39.29,25.0,54.0,46.3,19.0,58.0,32.76,7.0,9.0,77.78,17.0,31.0,48.0,23.0,5.0,5.0,5.0,10.0,46.0,32.0,16.0,56.0,9.0
2052500004,2025-26,2025-11-07,1,1612709904,Sioux Falls Skyforce,SXF,Motor City Cruise,AWAY,L,114.0,137.0,114.0,37.0,97.0,38.14,27.0,57.0,47.37,10.0,40.0,25.0,18.0,26.0,69.23,17.0,26.0,43.0,15.0,15.0,2.0,14.0,17.0,44.0,24.0,32.0,30.0,14.0
2052500013,2025-26,2025-11-08,2,1612709904,Sioux Falls Skyforce,SXF,Motor City Cruise,AWAY,W,137.0,118.0,137.0,46.0,96.0,47.92,30.0,59.0,50.85,16.0,37.0,43.24,15.0,21.0,71.43,13.0,37.0,50.0,34.0,12.0,2.0,13.0,14.0,60.0,12.0,27.0,29.0,29.0
2052500035,2025-26,2025-11-12,3,1612709904,Sioux Falls Skyforce,SXF,Noblesville Boom,HOME,W,134.0,124.0,134.0,48.0,98.0,48.98,38.0,69.0,55.07,10.0,29.0,34.48,15.0,19.0,78.95,19.0,39.0,58.0,28.0,20.0,6.0,20.0,26.0,72.0,33.0,38.0,20.0,39.0
2052500046,2025-26,2025-11-14,4,1612709904,Sioux Falls Skyforce,SXF,Noblesville Boom,HOME,W,132.0,123.0,132.0,53.0,99.0,53.54,40.0,64.0,62.5,13.0,35.0,37.14,9.0,12.0,75.0,13.0,30.0,43.0,31.0,16.0,5.0,16.0,21.0,80.0,25.0,43.0,32.0,31.0
2052500060,2025-26,2025-11-16,5,1612709904,Sioux Falls Skyforce,SXF,Windy City Bulls,AWAY,L,112.0,152.0,112.0,40.0,106.0,37.74,28.0,65.0,43.08,12.0,41.0,29.27,12.0,15.0,80.0,19.0,28.0,47.0,28.0,16.0,10.0,24.0,26.0,54.0,27.0,38.0,52.0,11.0
2052500068,2025-26,2025-11-18,6,1612709904,Sioux Falls Skyforce,SXF,Cleveland Charge,HOME,L,137.0,139.0,137.0,49.0,95.0,51.58,33.0,60.0,55.0,16.0,35.0,45.71,14.0,16.0,87.5,20.0,31.0,51.0,37.0,12.0,11.0,22.0,23.0,62.0,29.0,25.0,47.0,31.0
2052500084,2025-26,2025-11-21,7,1612709904,Sioux Falls Skyforce,SXF,Wisconsin Herd,AWAY,W,135.0,121.0,135.0,47.0,87.0,54.02,34.0,56.0,60.71,13.0,31.0,41.94,14.0,20.0,70.0,10.0,29.0,39.0,32.0,13.0,1.0,14.0,14.0,66.0,23.0,25.0,35.0,25.0
2052500091,2025-26,2025-11-22,8,1612709904,Sioux Falls Skyforce,SXF,Wisconsin Herd,AWAY,W,101.0,98.0,101.0,38.0,95.0,40.0,27.0,61.0,44.26,11.0,34.0,32.35,7.0,11.0,63.64,18.0,40.0,58.0,19.0,6.0,5.0,17.0,11.0,52.0,15.0,27.0,37.0,15.0
2052500109,2025-26,2025-11-26,9,1612709904,Sioux Falls Skyforce,SXF,Windy City Bulls,AWAY,W,129.0,122.0,129.0,45.0,91.0,49.45,33.0,60.0,55.0,12.0,31.0,38.71,17.0,21.0,80.95,11.0,36.0,47.0,32.0,11.0,5.0,20.0,16.0,62.0,9.0,30.0,42.0,20.0
2052500121,2025-26,2025-11-29,10,1612709904,Sioux Falls Skyforce,SXF,Grand Rapids Gold,HOME,W,140.0,130.0,140.0,51.0,93.0,54.84,33.0,60.0,55.0,18.0,33.0,54.55,13.0,13.0,100.0,13.0,32.0,45.0,34.0,10.0,6.0,20.0,16.0,64.0,22.0,14.0,31.0,18.0
2052500130,2025-26,2025-11-30,11,1612709904,Sioux Falls Skyforce,SXF,Grand Rapids Gold,HOME,L,115.0,126.0,115.0,42.0,109.0,38.53,29.0,64.0,45.31,13.0,45.0,28.89,11.0,16.0,68.75,20.0,31.0,51.0,24.0,8.0,4.0,12.0,12.0,56.0,30.0,27.0,39.0,21.0
2052500160,2025-26,2025-12-06,12,1612709904,Sioux Falls Skyforce,SXF,Iowa Wolves,HOME,W,133.0,121.0,133.0,47.0,97.0,48.45,31.0,59.0,52.54,16.0,38.0,42.11,11.0,17.0,64.71,14.0,35.0,49.0,29.0,6.0,5.0,13.0,11.0,60.0,20.0,20.0,42.0,12.0
2052500165,2025-26,2025-12-07,13,1612709904,Sioux Falls Skyforce,SXF,Iowa Wolves,HOME,L,110.0,115.0,110.0,40.0,91.0,43.96,25.0,56.0,44.64,15.0,35.0,42.86,9.0,13.0,69.23,11.0,37.0,48.0,20.0,4.0,9.0,12.0,13.0,50.0,22.0,19.0,24.0,25.0
2052500195,2025-26,2025-12-13,14,1612709904,Sioux Falls Skyforce,SXF,Cleveland Charge,AWAY,L,111.0,141.0,111.0,44.0,90.0,48.89,36.0,59.0,61.02,8.0,31.0,25.81,8.0,14.0,57.14,13.0,29.0,42.0,21.0,11.0,3.0,20.0,14.0,66.0,10.0,17.0,46.0,16.0
2022500009,2025-26,2025-12-20,15,1612709904,Sioux Falls Skyforce,SXF,South Bay Lakers,HOME,L,106.0,130.0,106.0,39.0,80.0,48.75,33.0,58.0,56.9,6.0,22.0,27.27,11.0,15.0,73.33,5.0,36.0,41.0,24.0,9.0,5.0,20.0,14.0,62.0,10.0,12.0,15.0,14.0
2022500026,2025-26,2025-12-22,16,1612709904,Sioux Falls Skyforce,SXF,Capital City Go-Go,AWAY,W,116.0,103.0,116.0,45.0,88.0,51.14,34.0,63.0,53.97,11.0,25.0,44.0,8.0,8.0,100.0,8.0,42.0,50.0,27.0,7.0,5.0,13.0,12.0,66.0,8.0,20.0,26.0,21.0
2022500044,2025-26,2025-12-27,17,1612709904,Sioux Falls Skyforce,SXF,San Diego Clippers,AWAY,L,106.0,128.0,106.0,45.0,98.0,45.92,39.0,68.0,57.35,6.0,30.0,20.0,6.0,8.0,75.0,16.0,32.0,48.0,24.0,4.0,3.0,12.0,7.0,78.0,15.0,8.0,48.0,19.0
2022500051,2025-26,2025-12-28,18,1612709904,Sioux Falls Skyforce,SXF,San Diego Clippers,AWAY,W,101.0,98.0,101.0,38.0,83.0,45.78,26.0,49.0,53.06,12.0,34.0,35.29,7.0,10.0,70.0,11.0,33.0,44.0,22.0,6.0,6.0,18.0,12.0,52.0,25.0,8.0,19.0,16.0
2022500068,2025-26,2025-12-31,19,1612709904,Sioux Falls Skyforce,SXF,Rio Grande Valley Vipers,HOME,W,121.0,114.0,121.0,48.0,89.0,53.93,40.0,57.0,70.18,8.0,32.0,25.0,10.0,17.0,58.82,11.0,38.0,49.0,35.0,11.0,8.0,15.0,19.0,72.0,9.0,28.0,40.0,30.0
2022500083,2025-26,2026-01-03,20,1612709904,Sioux Falls Skyforce,SXF,Iowa Wolves,AWAY,W,120.0,114.0,120.0,46.0,97.0,47.42,32.0,60.0,53.33,14.0,37.0,37.84,10.0,14.0,71.43,11.0,35.0,46.0,32.0,11.0,8.0,9.0,19.0,58.0,15.0,22.0,19.0,32.0
2022500092,2025-26,2026-01-04,21,1612709904,Sioux Falls Skyforce,SXF,Iowa Wolves,AWAY,L,110.0,120.0,110.0,38.0,83.0,45.78,27.0,56.0,48.21,11.0,27.0,40.74,12.0,14.0,85.71,8.0,29.0,37.0,20.0,11.0,6.0,12.0,17.0,50.0,8.0,18.0,16.0,25.0
2022500119,2025-26,2026-01-09,22,1612709904,Sioux Falls Skyforce,SXF,Rip City Remix,HOME,W,136.0,128.0,136.0,43.0,80.0,53.75,22.0,42.0,52.38,21.0,38.0,55.26,18.0,24.0,75.0,9.0,31.0,40.0,35.0,11.0,12.0,17.0,23.0,42.0,12.0,17.0,29.0,32.0
2022500131,2025-26,2026-01-11,23,1612709904,Sioux Falls Skyforce,SXF,Rip City Remix,HOME,L,98.0,117.0,98.0,38.0,88.0,43.18,25.0,48.0,52.08,13.0,40.0,32.5,6.0,10.0,60.0,12.0,32.0,44.0,21.0,9.0,2.0,19.0,11.0,48.0,11.0,14.0,21.0,9.0
2022500140,2025-26,2026-01-13,24,1612709904,Sioux Falls Skyforce,SXF,Memphis Hustle,AWAY,W,119.0,107.0,119.0,43.0,79.0,54.43,32.0,48.0,66.67,11.0,31.0,35.48,12.0,15.0,80.0,10.0,37.0,47.0,29.0,9.0,8.0,20.0,17.0,60.0,21.0,22.0,21.0,34.0
2022500165,2025-26,2026-01-17,25,1612709904,Sioux Falls Skyforce,SXF,Salt Lake City Stars,HOME,W,122.0,110.0,122.0,51.0,91.0,56.04,38.0,61.0,62.3,13.0,30.0,43.33,4.0,7.0,57.14,11.0,40.0,51.0,36.0,13.0,8.0,18.0,21.0,72.0,12.0,18.0,20.0,14.0
2022500172,2025-26,2026-01-18,26,1612709904,Sioux Falls Skyforce,SXF,Salt Lake City Stars,HOME,L,108.0,115.0,108.0,41.0,90.0,45.56,25.0,52.0,48.08,16.0,38.0,42.11,6.0,11.0,54.55,17.0,29.0,46.0,31.0,8.0,4.0,18.0,12.0,48.0,19.0,20.0,5.0,10.0
2022500188,2025-26,2026-01-21,27,1612709904,Sioux Falls Skyforce,SXF,Long Island Nets,HOME,W,119.0,110.0,119.0,45.0,84.0,53.57,36.0,50.0,72.0,9.0,34.0,26.47,14.0,24.0,58.33,14.0,30.0,44.0,36.0,13.0,5.0,14.0,18.0,70.0,21.0,24.0,27.0,13.0
2022500202,2025-26,2026-01-23,28,1612709904,Sioux Falls Skyforce,SXF,Santa Cruz Warriors,AWAY,L,103.0,110.0,103.0,41.0,100.0,41.0,27.0,48.0,56.25,14.0,52.0,26.92,4.0,9.0,44.44,5.0,32.0,37.0,24.0,17.0,7.0,13.0,24.0,50.0,8.0,19.0,28.0,10.0
2022500213,2025-26,2026-01-24,29,1612709904,Sioux Falls Skyforce,SXF,Santa Cruz Warriors,AWAY,W,117.0,103.0,117.0,44.0,90.0,48.89,30.0,52.0,57.69,14.0,38.0,36.84,9.0,12.0,75.0,9.0,43.0,52.0,27.0,9.0,7.0,11.0,16.0,58.0,13.0,8.0,34.0,14.0
2022500229,2025-26,2026-01-28,30,1612709904,Sioux Falls Skyforce,SXF,Birmingham Squadron,AWAY,L,97.0,115.0,97.0,35.0,90.0,38.89,25.0,53.0,47.17,10.0,37.0,27.03,10.0,14.0,71.43,12.0,34.0,46.0,24.0,10.0,5.0,16.0,15.0,44.0,8.0,19.0,34.0,19.0
2022500247,2025-26,2026-01-31,31,1612709904,Sioux Falls Skyforce,SXF,Texas Legends,AWAY,L,95.0,105.0,95.0,34.0,87.0,39.08,22.0,49.0,44.9,12.0,38.0,31.58,9.0,10.0,90.0,11.0,32.0,43.0,21.0,7.0,7.0,18.0,14.0,40.0,21.0,14.0,34.0,8.0
2022500254,2025-26,2026-02-01,32,1612709904,Sioux Falls Skyforce,SXF,Texas Legends,AWAY,W,125.0,109.0,125.0,49.0,100.0,49.0,39.0,69.0,56.52,10.0,31.0,32.26,11.0,13.0,84.62,16.0,28.0,44.0,29.0,11.0,7.0,9.0,18.0,74.0,22.0,32.0,28.0,18.0
2022500270,2025-26,2026-02-04,33,1612709904,Sioux Falls Skyforce,SXF,Maine Celtics,HOME,L,116.0,117.0,116.0,46.0,97.0,47.42,33.0,61.0,54.1,13.0,36.0,36.11,7.0,8.0,87.5,17.0,43.0,60.0,33.0,5.0,9.0,25.0,14.0,64.0,18.0,17.0,43.0,18.0
2022500279,2025-26,2026-02-06,34,1612709904,Sioux Falls Skyforce,SXF,Maine Celtics,HOME,W,134.0,112.0,134.0,54.0,84.0,64.29,45.0,59.0,76.27,9.0,25.0,36.0,12.0,15.0,80.0,6.0,28.0,34.0,40.0,14.0,6.0,17.0,20.0,88.0,14.0,24.0,59.0,20.0
2022500297,2025-26,2026-02-09,35,1612709904,Sioux Falls Skyforce,SXF,Oklahoma City Blue,AWAY,L,135.0,137.0,135.0,47.0,89.0,52.81,29.0,50.0,58.0,18.0,39.0,46.15,14.0,17.0,82.35,6.0,32.0,38.0,31.0,8.0,10.0,14.0,18.0,56.0,7.0,16.0,41.0,17.0
2022500302,2025-26,2026-02-10,36,1612709904,Sioux Falls Skyforce,SXF,Oklahoma City Blue,AWAY,L,118.0,127.0,118.0,44.0,95.0,46.32,29.0,54.0,53.7,15.0,41.0,36.59,10.0,15.0,66.67,11.0,28.0,39.0,29.0,11.0,4.0,11.0,15.0,56.0,13.0,24.0,48.0,14.0
2022500327,2025-26,2026-02-19,37,1612709904,Sioux Falls Skyforce,SXF,Rio Grande Valley Vipers,HOME,W,123.0,106.0,123.0,48.0,98.0,48.98,30.0,58.0,51.72,18.0,40.0,45.0,6.0,14.0,42.86,13.0,42.0,55.0,35.0,13.0,8.0,13.0,21.0,58.0,14.0,23.0,41.0,29.0
2022500334,2025-26,2026-02-20,38,1612709904,Sioux Falls Skyforce,SXF,Valley Suns,HOME,L,110.0,116.0,110.0,42.0,93.0,45.16,30.0,57.0,52.63,12.0,36.0,33.33,7.0,10.0,70.0,14.0,26.0,40.0,29.0,9.0,4.0,11.0,13.0,58.0,14.0,22.0,20.0,6.0
2022500350,2025-26,2026-02-22,39,1612709904,Sioux Falls Skyforce,SXF,Valley Suns,HOME,W,141.0,115.0,141.0,58.0,89.0,65.17,42.0,58.0,72.41,16.0,31.0,51.61,6.0,13.0,46.15,9.0,27.0,36.0,34.0,14.0,9.0,17.0,23.0,80.0,14.0,32.0,53.0,34.0
2022500392,2025-26,2026-03-01,40,1612709904,Sioux Falls Skyforce,SXF,Osceola Magic,AWAY,W,123.0,108.0,123.0,44.0,81.0,54.32,34.0,51.0,66.67,10.0,30.0,33.33,14.0,19.0,73.68,11.0,35.0,46.0,26.0,15.0,4.0,20.0,19.0,62.0,15.0,33.0,39.0,23.0
2022500402,2025-26,2026-03-03,41,1612709904,Sioux Falls Skyforce,SXF,Osceola Magic,AWAY,L,106.0,113.0,106.0,41.0,88.0,46.59,32.0,55.0,58.18,9.0,33.0,27.27,10.0,14.0,71.43,14.0,32.0,46.0,25.0,15.0,10.0,21.0,25.0,60.0,10.0,27.0,20.0,23.0
2022500413,2025-26,2026-03-05,42,1612709904,Sioux Falls Skyforce,SXF,Memphis Hustle,AWAY,W,119.0,82.0,119.0,46.0,93.0,49.46,29.0,58.0,50.0,17.0,35.0,48.57,5.0,7.0,71.43,9.0,47.0,56.0,32.0,15.0,4.0,19.0,19.0,54.0,9.0,20.0,43.0,30.0
2022500425,2025-26,2026-03-07,43,1612709904,Sioux Falls Skyforce,SXF,Austin Spurs,HOME,W,116.0,109.0,116.0,45.0,90.0,50.0,31.0,57.0,54.39,14.0,33.0,42.42,7.0,11.0,63.64,13.0,34.0,47.0,34.0,12.0,8.0,24.0,20.0,58.0,13.0,17.0,27.0,12.0
2022500432,2025-26,2026-03-08,44,1612709904,Sioux Falls Skyforce,SXF,Austin Spurs,HOME,L,118.0,119.0,118.0,43.0,96.0,44.79,31.0,57.0,54.39,12.0,39.0,30.77,13.0,17.0,76.47,8.0,37.0,45.0,29.0,13.0,10.0,10.0,23.0,56.0,14.0,21.0,27.0,17.0
2022500448,2025-26,2026-03-11,45,1612709904,Sioux Falls Skyforce,SXF,Stockton Kings,HOME,W,120.0,118.0,120.0,45.0,90.0,50.0,34.0,54.0,62.96,11.0,36.0,30.56,12.0,17.0,70.59,17.0,35.0,52.0,33.0,11.0,6.0,19.0,17.0,64.0,13.0,23.0,33.0,20.0
2022500461,2025-26,2026-03-13,46,1612709904,Sioux Falls Skyforce,SXF,Stockton Kings,HOME,L,121.0,123.0,121.0,45.0,105.0,42.86,32.0,68.0,47.06,13.0,37.0,35.14,11.0,13.0,84.62,15.0,29.0,44.0,31.0,14.0,3.0,15.0,17.0,60.0,26.0,32.0,29.0,20.0
2022500498,2025-26,2026-03-20,47,1612709904,Sioux Falls Skyforce,SXF,Mexico City Capitanes,HOME,W,131.0,89.0,131.0,55.0,91.0,60.44,44.0,60.0,73.33,11.0,31.0,35.48,6.0,11.0,54.55,14.0,39.0,53.0,32.0,14.0,3.0,14.0,17.0,86.0,16.0,30.0,52.0,19.0
2022500507,2025-26,2026-03-21,48,1612709904,Sioux Falls Skyforce,SXF,Mexico City Capitanes,HOME,L,105.0,116.0,105.0,40.0,93.0,43.01,23.0,50.0,46.0,17.0,43.0,39.53,4.0,7.0,57.14,11.0,24.0,35.0,35.0,11.0,5.0,9.0,16.0,44.0,11.0,22.0,39.0,17.0
2022500539,2025-26,2026-03-26,49,1612709904,Sioux Falls Skyforce,SXF,South Bay Lakers,AWAY,L,114.0,137.0,114.0,41.0,93.0,44.09,30.0,53.0,56.6,11.0,40.0,27.5,12.0,14.0,85.71,7.0,33.0,40.0,26.0,8.0,5.0,13.0,13.0,58.0,5.0,15.0,28.0,25.0
2022500555,2025-26,2026-03-28,50,1612709904,Sioux Falls Skyforce,SXF,South Bay Lakers,AWAY,L,132.0,140.0,132.0,49.0,93.0,52.69,34.0,56.0,60.71,15.0,37.0,40.54,10.0,16.0,62.5,7.0,36.0,43.0,37.0,7.0,3.0,11.0,10.0,62.0,10.0,12.0,33.0,23.0
2052500019,2025-26,2025-11-08,1,1612709905,South Bay Lakers,SBL,Valley Suns,HOME,W,144.0,105.0,144.0,47.0,93.0,50.54,30.0,59.0,50.85,17.0,34.0,50.0,18.0,23.0,78.26,10.0,41.0,51.0,28.0,12.0,8.0,9.0,20.0,54.0,9.0,17.0,53.0,30.0
2052500027,2025-26,2025-11-09,2,1612709905,South Bay Lakers,SBL,Valley Suns,HOME,W,123.0,113.0,123.0,40.0,88.0,45.45,22.0,42.0,52.38,18.0,46.0,39.13,15.0,19.0,78.95,9.0,29.0,38.0,21.0,11.0,7.0,12.0,18.0,42.0,16.0,20.0,25.0,9.0
2052500064,2025-26,2025-11-16,3,1612709905,South Bay Lakers,SBL,Rip City Remix,HOME,W,113.0,111.0,113.0,41.0,88.0,46.59,30.0,54.0,55.56,11.0,34.0,32.35,14.0,22.0,63.64,12.0,40.0,52.0,26.0,13.0,7.0,21.0,20.0,60.0,13.0,21.0,38.0,19.0
2052500069,2025-26,2025-11-18,4,1612709905,South Bay Lakers,SBL,Salt Lake City Stars,AWAY,L,126.0,132.0,126.0,44.0,92.0,47.83,28.0,52.0,53.85,16.0,40.0,40.0,13.0,18.0,72.22,11.0,17.0,28.0,25.0,10.0,4.0,9.0,14.0,50.0,26.0,25.0,48.0,10.0
2052500086,2025-26,2025-11-21,5,1612709905,South Bay Lakers,SBL,Santa Cruz Warriors,HOME,W,115.0,95.0,115.0,40.0,81.0,49.38,24.0,40.0,60.0,16.0,41.0,39.02,12.0,14.0,85.71,5.0,38.0,43.0,27.0,11.0,8.0,19.0,19.0,48.0,6.0,22.0,41.0,24.0
2052500098,2025-26,2025-11-23,6,1612709905,South Bay Lakers,SBL,Santa Cruz Warriors,HOME,W,108.0,105.0,108.0,39.0,84.0,46.43,29.0,41.0,70.73,10.0,43.0,23.26,14.0,19.0,73.68,9.0,33.0,42.0,23.0,5.0,6.0,11.0,11.0,52.0,16.0,19.0,33.0,4.0
2052500123,2025-26,2025-11-29,7,1612709905,South Bay Lakers,SBL,San Diego Clippers,AWAY,L,113.0,124.0,113.0,40.0,87.0,45.98,29.0,54.0,53.7,11.0,33.0,33.33,15.0,17.0,88.24,5.0,36.0,41.0,23.0,7.0,7.0,17.0,14.0,52.0,3.0,15.0,40.0,17.0
2052500132,2025-26,2025-11-30,8,1612709905,South Bay Lakers,SBL,San Diego Clippers,AWAY,L,107.0,108.0,107.0,40.0,85.0,47.06,28.0,50.0,56.0,12.0,35.0,34.29,9.0,14.0,64.29,4.0,37.0,41.0,25.0,11.0,6.0,11.0,17.0,56.0,9.0,30.0,29.0,32.0
2052500136,2025-26,2025-12-02,9,1612709905,South Bay Lakers,SBL,Salt Lake City Stars,AWAY,L,105.0,136.0,105.0,36.0,86.0,41.86,22.0,40.0,55.0,14.0,46.0,30.43,11.0,16.0,68.75,8.0,30.0,38.0,27.0,5.0,5.0,19.0,10.0,38.0,12.0,19.0,34.0,14.0
2052500167,2025-26,2025-12-07,10,1612709905,South Bay Lakers,SBL,Rip City Remix,AWAY,W,141.0,130.0,141.0,48.0,85.0,56.47,33.0,49.0,67.35,15.0,36.0,41.67,19.0,20.0,95.0,5.0,34.0,39.0,28.0,16.0,9.0,24.0,25.0,60.0,9.0,40.0,49.0,15.0
2052500174,2025-26,2025-12-09,11,1612709905,South Bay Lakers,SBL,Stockton Kings,AWAY,L,99.0,112.0,99.0,38.0,88.0,43.18,26.0,51.0,50.98,12.0,37.0,32.43,7.0,9.0,77.78,9.0,31.0,40.0,22.0,5.0,5.0,13.0,10.0,50.0,9.0,17.0,26.0,14.0
2052500180,2025-26,2025-12-10,12,1612709905,South Bay Lakers,SBL,Stockton Kings,AWAY,L,98.0,110.0,98.0,36.0,90.0,40.0,20.0,49.0,40.82,16.0,41.0,39.02,7.0,11.0,63.64,14.0,30.0,44.0,22.0,8.0,6.0,17.0,14.0,40.0,13.0,27.0,33.0,9.0
2052500197,2025-26,2025-12-13,13,1612709905,South Bay Lakers,SBL,Rip City Remix,HOME,L,116.0,122.0,116.0,46.0,87.0,52.87,36.0,53.0,67.92,10.0,34.0,29.41,9.0,13.0,69.23,8.0,33.0,41.0,33.0,12.0,9.0,20.0,21.0,68.0,10.0,19.0,26.0,21.0
2052500217,2025-26,2025-12-16,14,1612709905,South Bay Lakers,SBL,San Diego Clippers,HOME,W,127.0,118.0,127.0,43.0,82.0,52.44,30.0,46.0,65.22,13.0,36.0,36.11,16.0,18.0,88.89,11.0,28.0,39.0,20.0,11.0,2.0,16.0,13.0,56.0,15.0,25.0,45.0,15.0
2022500009,2025-26,2025-12-20,15,1612709905,South Bay Lakers,SBL,Sioux Falls Skyforce,AWAY,W,130.0,106.0,130.0,43.0,84.0,51.19,28.0,48.0,58.33,15.0,36.0,41.67,15.0,22.0,68.18,6.0,31.0,37.0,29.0,8.0,6.0,11.0,14.0,52.0,8.0,24.0,43.0,19.0
2022500022,2025-26,2025-12-21,16,1612709905,South Bay Lakers,SBL,Wisconsin Herd,HOME,W,131.0,119.0,131.0,50.0,89.0,56.18,31.0,48.0,64.58,19.0,41.0,46.34,6.0,8.0,75.0,10.0,29.0,39.0,31.0,13.0,5.0,17.0,18.0,58.0,19.0,18.0,75.0,17.0
2022500042,2025-26,2025-12-27,17,1612709905,South Bay Lakers,SBL,Oklahoma City Blue,AWAY,L,123.0,124.0,123.0,46.0,106.0,43.4,34.0,71.0,47.89,12.0,35.0,34.29,10.0,17.0,58.82,19.0,39.0,58.0,35.0,10.0,9.0,15.0,19.0,62.0,23.0,15.0,31.0,19.0
2022500087,2025-26,2026-01-03,18,1612709905,South Bay Lakers,SBL,Memphis Hustle,HOME,W,125.0,121.0,125.0,48.0,83.0,57.83,42.0,52.0,80.77,6.0,31.0,19.35,14.0,16.0,87.5,10.0,37.0,47.0,28.0,8.0,8.0,23.0,16.0,80.0,12.0,17.0,40.0,28.0
2022500102,2025-26,2026-01-06,19,1612709905,South Bay Lakers,SBL,Memphis Hustle,HOME,W,113.0,101.0,113.0,36.0,73.0,49.32,20.0,38.0,52.63,16.0,35.0,45.71,16.0,18.0,88.89,8.0,39.0,47.0,26.0,11.0,13.0,27.0,24.0,38.0,7.0,24.0,24.0,21.0
2022500117,2025-26,2026-01-09,20,1612709905,South Bay Lakers,SBL,Austin Spurs,AWAY,L,99.0,111.0,99.0,37.0,93.0,39.78,26.0,53.0,49.06,11.0,40.0,27.5,8.0,9.0,88.89,7.0,33.0,40.0,22.0,9.0,7.0,12.0,16.0,50.0,14.0,12.0,25.0,8.0
2022500126,2025-26,2026-01-10,21,1612709905,South Bay Lakers,SBL,Austin Spurs,AWAY,L,106.0,107.0,106.0,38.0,84.0,45.24,26.0,44.0,59.09,12.0,40.0,30.0,12.0,20.0,60.0,11.0,29.0,40.0,21.0,8.0,11.0,12.0,19.0,48.0,10.0,16.0,32.0,9.0
2022500150,2025-26,2026-01-14,22,1612709905,South Bay Lakers,SBL,San Diego Clippers,HOME,W,120.0,115.0,120.0,39.0,90.0,43.33,26.0,57.0,45.61,13.0,33.0,39.39,18.0,22.0,81.82,12.0,29.0,41.0,18.0,9.0,3.0,7.0,12.0,50.0,15.0,19.0,50.0,14.0
2022500164,2025-26,2026-01-17,23,1612709905,South Bay Lakers,SBL,Rio Grande Valley Vipers,AWAY,L,121.0,126.0,121.0,41.0,81.0,50.62,24.0,47.0,51.06,17.0,34.0,50.0,12.0,13.0,92.31,8.0,27.0,35.0,22.0,7.0,6.0,19.0,13.0,44.0,17.0,29.0,30.0,7.0
2022500185,2025-26,2026-01-20,24,1612709905,South Bay Lakers,SBL,Rio Grande Valley Vipers,AWAY,L,119.0,126.0,119.0,41.0,75.0,54.67,22.0,36.0,61.11,19.0,39.0,48.72,9.0,14.0,64.29,3.0,34.0,37.0,26.0,5.0,3.0,20.0,8.0,42.0,8.0,12.0,57.0,15.0
2022500196,2025-26,2026-01-22,25,1612709905,South Bay Lakers,SBL,Mexico City Capitanes,HOME,L,113.0,123.0,113.0,39.0,72.0,54.17,27.0,39.0,69.23,12.0,33.0,36.36,13.0,18.0,72.22,5.0,27.0,32.0,24.0,4.0,4.0,15.0,8.0,50.0,6.0,6.0,43.0,20.0
2022500210,2025-26,2026-01-24,26,1612709905,South Bay Lakers,SBL,Mexico City Capitanes,HOME,W,125.0,95.0,125.0,45.0,87.0,51.72,26.0,47.0,55.32,19.0,40.0,47.5,11.0,14.0,78.57,13.0,35.0,48.0,31.0,16.0,6.0,18.0,22.0,50.0,18.0,27.0,53.0,22.0
2022500225,2025-26,2026-01-27,27,1612709905,South Bay Lakers,SBL,College Park Skyhawks,HOME,W,121.0,107.0,121.0,44.0,96.0,45.83,30.0,55.0,54.55,14.0,41.0,34.15,10.0,14.0,71.43,13.0,36.0,49.0,28.0,7.0,11.0,12.0,18.0,58.0,31.0,30.0,41.0,16.0
2022500234,2025-26,2026-01-29,28,1612709905,South Bay Lakers,SBL,Salt Lake City Stars,HOME,W,125.0,118.0,125.0,47.0,97.0,48.45,37.0,69.0,53.62,10.0,28.0,35.71,13.0,18.0,72.22,13.0,30.0,43.0,24.0,10.0,7.0,8.0,17.0,68.0,23.0,22.0,21.0,13.0
2022500246,2025-26,2026-01-31,29,1612709905,South Bay Lakers,SBL,Salt Lake City Stars,HOME,W,146.0,104.0,146.0,57.0,91.0,62.64,40.0,58.0,68.97,17.0,33.0,51.52,8.0,11.0,72.73,7.0,38.0,45.0,35.0,8.0,9.0,12.0,17.0,76.0,10.0,23.0,45.0,28.0
2022500259,2025-26,2026-02-02,30,1612709905,South Bay Lakers,SBL,Osceola Magic,AWAY,L,133.0,137.0,133.0,46.0,87.0,52.87,26.0,42.0,61.9,20.0,45.0,44.44,12.0,17.0,70.59,10.0,24.0,34.0,30.0,11.0,6.0,15.0,17.0,48.0,18.0,22.0,57.0,7.0
2022500267,2025-26,2026-02-04,31,1612709905,South Bay Lakers,SBL,Capital City Go-Go,AWAY,W,124.0,111.0,124.0,45.0,76.0,59.21,32.0,43.0,74.42,13.0,33.0,39.39,12.0,13.0,92.31,3.0,41.0,44.0,29.0,9.0,2.0,15.0,11.0,62.0,5.0,23.0,20.0,13.0
2022500275,2025-26,2026-02-06,32,1612709905,South Bay Lakers,SBL,Capital City Go-Go,AWAY,L,114.0,115.0,114.0,35.0,72.0,48.61,26.0,46.0,56.52,9.0,26.0,34.62,19.0,21.0,90.48,13.0,23.0,36.0,19.0,13.0,8.0,19.0,21.0,48.0,12.0,30.0,41.0,12.0
2022500309,2025-26,2026-02-11,33,1612709905,South Bay Lakers,SBL,San Diego Clippers,HOME,W,128.0,116.0,128.0,48.0,80.0,60.0,33.0,44.0,75.0,15.0,36.0,41.67,10.0,14.0,71.43,4.0,37.0,41.0,26.0,5.0,4.0,12.0,9.0,64.0,8.0,8.0,68.0,17.0
2022500337,2025-26,2026-02-20,34,1612709905,South Bay Lakers,SBL,Texas Legends,AWAY,W,127.0,105.0,127.0,46.0,91.0,50.55,33.0,58.0,56.9,13.0,33.0,39.39,13.0,17.0,76.47,11.0,45.0,56.0,30.0,4.0,6.0,12.0,10.0,58.0,18.0,11.0,58.0,27.0
2022500345,2025-26,2026-02-21,35,1612709905,South Bay Lakers,SBL,Texas Legends,AWAY,W,104.0,99.0,104.0,38.0,89.0,42.7,28.0,55.0,50.91,10.0,34.0,29.41,11.0,15.0,73.33,13.0,37.0,50.0,23.0,8.0,7.0,17.0,15.0,54.0,21.0,25.0,16.0,29.0
2022500366,2025-26,2026-02-25,36,1612709905,South Bay Lakers,SBL,Valley Suns,AWAY,W,113.0,99.0,113.0,48.0,81.0,59.26,40.0,53.0,75.47,8.0,28.0,28.57,6.0,10.0,60.0,11.0,26.0,37.0,22.0,11.0,2.0,16.0,13.0,74.0,7.0,28.0,49.0,20.0
2022500377,2025-26,2026-02-26,37,1612709905,South Bay Lakers,SBL,Valley Suns,AWAY,W,129.0,98.0,129.0,49.0,89.0,55.06,38.0,57.0,66.67,11.0,32.0,34.38,12.0,12.0,100.0,9.0,33.0,42.0,26.0,15.0,4.0,14.0,19.0,64.0,8.0,24.0,70.0,16.0
2022500386,2025-26,2026-02-28,38,1612709905,South Bay Lakers,SBL,Stockton Kings,HOME,W,115.0,100.0,115.0,43.0,86.0,50.0,36.0,53.0,67.92,7.0,33.0,21.21,13.0,20.0,65.0,7.0,30.0,37.0,23.0,13.0,5.0,11.0,18.0,66.0,13.0,22.0,54.0,16.0
2022500408,2025-26,2026-03-04,39,1612709905,South Bay Lakers,SBL,Oklahoma City Blue,AWAY,W,129.0,120.0,129.0,43.0,90.0,47.78,30.0,54.0,55.56,13.0,36.0,36.11,16.0,20.0,80.0,14.0,35.0,49.0,20.0,11.0,7.0,12.0,18.0,54.0,19.0,21.0,30.0,11.0
2022500421,2025-26,2026-03-06,40,1612709905,South Bay Lakers,SBL,Santa Cruz Warriors,AWAY,W,131.0,110.0,131.0,47.0,90.0,52.22,27.0,42.0,64.29,20.0,48.0,41.67,9.0,14.0,64.29,14.0,28.0,42.0,31.0,12.0,3.0,8.0,15.0,42.0,21.0,24.0,35.0,11.0
2022500434,2025-26,2026-03-08,41,1612709905,South Bay Lakers,SBL,Santa Cruz Warriors,AWAY,W,113.0,104.0,113.0,43.0,92.0,46.74,25.0,46.0,54.35,18.0,46.0,39.13,5.0,10.0,50.0,14.0,34.0,48.0,27.0,8.0,8.0,10.0,16.0,44.0,16.0,13.0,47.0,33.0
2022500449,2025-26,2026-03-11,42,1612709905,South Bay Lakers,SBL,Iowa Wolves,HOME,W,123.0,116.0,123.0,44.0,84.0,52.38,31.0,51.0,60.78,13.0,33.0,39.39,15.0,21.0,71.43,6.0,31.0,37.0,28.0,8.0,10.0,14.0,18.0,58.0,6.0,29.0,45.0,21.0
2022500462,2025-26,2026-03-13,43,1612709905,South Bay Lakers,SBL,Iowa Wolves,HOME,W,125.0,106.0,125.0,46.0,82.0,56.1,34.0,55.0,61.82,12.0,27.0,44.44,11.0,13.0,84.62,4.0,33.0,37.0,27.0,8.0,11.0,10.0,19.0,60.0,10.0,14.0,58.0,17.0
2022500472,2025-26,2026-03-15,44,1612709905,South Bay Lakers,SBL,Rip City Remix,AWAY,W,129.0,122.0,129.0,46.0,94.0,48.94,31.0,55.0,56.36,15.0,39.0,38.46,16.0,19.0,84.21,16.0,26.0,42.0,29.0,14.0,4.0,12.0,18.0,58.0,20.0,22.0,39.0,17.0
2022500486,2025-26,2026-03-17,45,1612709905,South Bay Lakers,SBL,Rip City Remix,AWAY,L,126.0,133.0,126.0,47.0,92.0,51.09,30.0,48.0,62.5,17.0,44.0,38.64,8.0,14.0,57.14,10.0,21.0,31.0,28.0,8.0,2.0,8.0,10.0,50.0,17.0,26.0,23.0,14.0
2022500502,2025-26,2026-03-20,46,1612709905,South Bay Lakers,SBL,Grand Rapids Gold,HOME,W,111.0,98.0,111.0,42.0,88.0,47.73,27.0,45.0,60.0,15.0,43.0,34.88,7.0,8.0,87.5,6.0,37.0,43.0,24.0,11.0,6.0,7.0,17.0,50.0,11.0,18.0,47.0,19.0
2022500509,2025-26,2026-03-21,47,1612709905,South Bay Lakers,SBL,Grand Rapids Gold,HOME,W,119.0,111.0,119.0,42.0,80.0,52.5,31.0,53.0,58.49,11.0,27.0,40.74,17.0,20.0,85.0,7.0,35.0,42.0,24.0,6.0,6.0,13.0,12.0,52.0,7.0,12.0,43.0,25.0
2022500528,2025-26,2026-03-24,48,1612709905,South Bay Lakers,SBL,Stockton Kings,HOME,L,114.0,115.0,114.0,41.0,85.0,48.24,28.0,50.0,56.0,13.0,35.0,37.14,10.0,13.0,76.92,13.0,32.0,45.0,30.0,13.0,6.0,14.0,19.0,56.0,23.0,22.0,46.0,11.0
2022500539,2025-26,2026-03-26,49,1612709905,South Bay Lakers,SBL,Sioux Falls Skyforce,HOME,W,137.0,114.0,137.0,52.0,91.0,57.14,39.0,55.0,70.91,13.0,36.0,36.11,12.0,16.0,75.0,6.0,40.0,46.0,35.0,10.0,6.0,11.0,16.0,62.0,8.0,22.0,68.0,18.0
2022500555,2025-26,2026-03-28,50,1612709905,South Bay Lakers,SBL,Sioux Falls Skyforce,HOME,W,140.0,132.0,140.0,51.0,95.0,53.68,38.0,61.0,62.3,13.0,34.0,38.24,17.0,23.0,73.91,9.0,39.0,48.0,33.0,4.0,5.0,8.0,9.0,70.0,13.0,11.0,42.0,11.0
2052500020,2025-26,2025-11-08,1,1612709914,Stockton Kings,STO,San Diego Clippers,HOME,L,97.0,102.0,97.0,40.0,82.0,48.78,33.0,53.0,62.26,7.0,29.0,24.14,7.0,12.0,58.33,12.0,37.0,49.0,20.0,6.0,8.0,15.0,14.0,62.0,13.0,10.0,27.0,13.0
2052500026,2025-26,2025-11-09,2,1612709914,Stockton Kings,STO,San Diego Clippers,HOME,W,117.0,108.0,117.0,41.0,84.0,48.81,27.0,52.0,51.92,14.0,32.0,43.75,14.0,20.0,70.0,12.0,33.0,45.0,26.0,11.0,6.0,11.0,17.0,52.0,10.0,19.0,32.0,19.0
2052500048,2025-26,2025-11-14,3,1612709914,Stockton Kings,STO,Santa Cruz Warriors,AWAY,W,125.0,103.0,125.0,44.0,108.0,40.74,20.0,45.0,44.44,24.0,63.0,38.1,9.0,11.0,81.82,24.0,36.0,60.0,35.0,8.0,6.0,12.0,14.0,40.0,23.0,11.0,61.0,15.0
2052500056,2025-26,2025-11-15,4,1612709914,Stockton Kings,STO,Santa Cruz Warriors,AWAY,W,126.0,97.0,126.0,48.0,82.0,58.54,33.0,42.0,78.57,15.0,40.0,37.5,9.0,14.0,64.29,12.0,33.0,45.0,30.0,8.0,6.0,17.0,14.0,62.0,10.0,21.0,56.0,13.0
2052500074,2025-26,2025-11-19,5,1612709914,Stockton Kings,STO,Valley Suns,HOME,W,125.0,117.0,125.0,46.0,87.0,52.87,33.0,55.0,60.0,13.0,32.0,40.62,15.0,16.0,93.75,13.0,26.0,39.0,20.0,6.0,11.0,17.0,17.0,62.0,23.0,35.0,53.0,4.0
2052500079,2025-26,2025-11-20,6,1612709914,Stockton Kings,STO,Valley Suns,HOME,W,131.0,112.0,131.0,47.0,88.0,53.41,32.0,50.0,64.0,15.0,38.0,39.47,15.0,18.0,83.33,12.0,29.0,41.0,31.0,10.0,5.0,16.0,15.0,64.0,32.0,29.0,53.0,11.0
2052500092,2025-26,2025-11-22,7,1612709914,Stockton Kings,STO,Salt Lake City Stars,AWAY,L,132.0,139.0,132.0,44.0,104.0,42.31,19.0,48.0,39.58,25.0,56.0,44.64,13.0,18.0,72.22,19.0,25.0,44.0,31.0,5.0,8.0,15.0,13.0,38.0,18.0,22.0,56.0,10.0
2052500102,2025-26,2025-11-24,8,1612709914,Stockton Kings,STO,Salt Lake City Stars,AWAY,L,122.0,149.0,122.0,41.0,89.0,46.07,31.0,51.0,60.78,10.0,38.0,26.32,14.0,17.0,82.35,14.0,26.0,40.0,22.0,7.0,9.0,15.0,16.0,58.0,19.0,24.0,69.0,10.0
2052500131,2025-26,2025-11-30,9,1612709914,Stockton Kings,STO,Valley Suns,AWAY,W,123.0,105.0,123.0,45.0,94.0,47.87,27.0,48.0,56.25,18.0,46.0,39.13,9.0,11.0,81.82,9.0,33.0,42.0,28.0,8.0,3.0,9.0,11.0,44.0,14.0,22.0,44.0,17.0
2052500149,2025-26,2025-12-04,10,1612709914,Stockton Kings,STO,Salt Lake City Stars,HOME,L,118.0,132.0,118.0,49.0,101.0,48.51,43.0,76.0,56.58,6.0,25.0,24.0,9.0,14.0,64.29,24.0,31.0,55.0,25.0,11.0,7.0,19.0,18.0,80.0,21.0,20.0,46.0,15.0
2052500174,2025-26,2025-12-09,11,1612709914,Stockton Kings,STO,South Bay Lakers,HOME,W,112.0,99.0,112.0,40.0,95.0,42.11,31.0,60.0,51.67,9.0,35.0,25.71,14.0,16.0,87.5,19.0,40.0,59.0,17.0,3.0,6.0,14.0,9.0,60.0,26.0,20.0,25.0,14.0
2052500180,2025-26,2025-12-10,12,1612709914,Stockton Kings,STO,South Bay Lakers,HOME,W,110.0,98.0,110.0,39.0,88.0,44.32,28.0,56.0,50.0,11.0,32.0,34.38,12.0,14.0,85.71,16.0,38.0,54.0,22.0,8.0,3.0,19.0,11.0,54.0,27.0,23.0,28.0,4.0
2052500208,2025-26,2025-12-15,13,1612709914,Stockton Kings,STO,Rip City Remix,AWAY,L,110.0,116.0,110.0,36.0,97.0,37.11,18.0,43.0,41.86,18.0,54.0,33.33,13.0,15.0,86.67,12.0,32.0,44.0,25.0,13.0,8.0,9.0,21.0,32.0,17.0,17.0,44.0,9.0
2052500216,2025-26,2025-12-16,14,1612709914,Stockton Kings,STO,Rip City Remix,AWAY,W,129.0,100.0,129.0,43.0,87.0,49.43,23.0,44.0,52.27,20.0,43.0,46.51,12.0,14.0,85.71,12.0,47.0,59.0,27.0,10.0,4.0,21.0,14.0,44.0,14.0,21.0,35.0,19.0
2022500001,2025-26,2025-12-19,15,1612709914,Stockton Kings,STO,Austin Spurs,AWAY,W,119.0,117.0,119.0,43.0,89.0,48.31,31.0,53.0,58.49,12.0,36.0,33.33,13.0,17.0,76.47,10.0,31.0,41.0,28.0,13.0,6.0,14.0,19.0,56.0,15.0,17.0,31.0,18.0
2022500020,2025-26,2025-12-21,16,1612709914,Stockton Kings,STO,Salt Lake City Stars,AWAY,L,123.0,127.0,123.0,44.0,96.0,45.83,28.0,49.0,57.14,16.0,47.0,34.04,12.0,14.0,85.71,15.0,30.0,45.0,26.0,8.0,9.0,11.0,17.0,52.0,23.0,17.0,42.0,12.0
2022500043,2025-26,2025-12-27,17,1612709914,Stockton Kings,STO,Rip City Remix,HOME,L,112.0,118.0,112.0,43.0,88.0,48.86,29.0,51.0,56.86,14.0,37.0,37.84,7.0,11.0,63.64,7.0,28.0,35.0,24.0,8.0,7.0,14.0,15.0,54.0,5.0,25.0,5.0,16.0
2022500048,2025-26,2025-12-28,18,1612709914,Stockton Kings,STO,Rip City Remix,HOME,W,120.0,101.0,120.0,44.0,85.0,51.76,31.0,53.0,58.49,13.0,32.0,40.62,9.0,10.0,90.0,5.0,42.0,47.0,31.0,7.0,5.0,14.0,12.0,58.0,11.0,15.0,42.0,12.0
2022500088,2025-26,2026-01-03,19,1612709914,Stockton Kings,STO,Wisconsin Herd,HOME,L,87.0,89.0,87.0,34.0,78.0,43.59,19.0,42.0,45.24,15.0,36.0,41.67,3.0,7.0,42.86,8.0,33.0,41.0,29.0,7.0,8.0,23.0,15.0,32.0,7.0,17.0,15.0,11.0
2022500097,2025-26,2026-01-05,20,1612709914,Stockton Kings,STO,Rio Grande Valley Vipers,HOME,W,110.0,104.0,110.0,40.0,83.0,48.19,27.0,48.0,56.25,13.0,35.0,37.14,12.0,17.0,70.59,18.0,37.0,55.0,28.0,5.0,3.0,20.0,8.0,50.0,23.0,13.0,35.0,9.0
2022500106,2025-26,2026-01-07,21,1612709914,Stockton Kings,STO,Rio Grande Valley Vipers,HOME,W,128.0,115.0,128.0,43.0,74.0,58.11,27.0,39.0,69.23,16.0,35.0,45.71,18.0,21.0,85.71,8.0,33.0,41.0,23.0,7.0,5.0,16.0,12.0,52.0,13.0,12.0,32.0,9.0
2022500116,2025-26,2026-01-09,22,1612709914,Stockton Kings,STO,Westchester Knicks,AWAY,W,123.0,110.0,123.0,40.0,89.0,44.94,26.0,51.0,50.98,14.0,38.0,36.84,18.0,20.0,90.0,23.0,37.0,60.0,30.0,3.0,3.0,12.0,6.0,46.0,32.0,7.0,37.0,8.0
2022500124,2025-26,2026-01-10,23,1612709914,Stockton Kings,STO,Westchester Knicks,AWAY,W,120.0,106.0,120.0,37.0,88.0,42.05,18.0,43.0,41.86,19.0,45.0,42.22,18.0,21.0,85.71,15.0,27.0,42.0,27.0,6.0,2.0,4.0,8.0,36.0,22.0,12.0,26.0,12.0
2022500138,2025-26,2026-01-12,24,1612709914,Stockton Kings,STO,Long Island Nets,AWAY,W,118.0,112.0,118.0,37.0,74.0,50.0,20.0,30.0,66.67,17.0,44.0,38.64,15.0,16.0,93.75,7.0,32.0,39.0,27.0,7.0,5.0,19.0,12.0,32.0,4.0,17.0,27.0,5.0
2022500175,2025-26,2026-01-18,25,1612709914,Stockton Kings,STO,Oklahoma City Blue,HOME,W,117.0,110.0,117.0,39.0,88.0,44.32,23.0,43.0,53.49,16.0,45.0,35.56,14.0,17.0,82.35,12.0,34.0,46.0,28.0,8.0,5.0,13.0,13.0,44.0,20.0,18.0,35.0,18.0
2022500190,2025-26,2026-01-21,26,1612709914,Stockton Kings,STO,Valley Suns,AWAY,L,111.0,117.0,111.0,42.0,86.0,48.84,27.0,40.0,67.5,15.0,46.0,32.61,7.0,8.0,87.5,8.0,29.0,37.0,26.0,11.0,6.0,17.0,17.0,44.0,11.0,18.0,30.0,5.0
2022500211,2025-26,2026-01-24,27,1612709914,Stockton Kings,STO,Salt Lake City Stars,HOME,W,138.0,134.0,138.0,48.0,91.0,52.75,38.0,58.0,65.52,10.0,33.0,30.3,17.0,20.0,85.0,12.0,27.0,39.0,30.0,4.0,4.0,11.0,8.0,62.0,16.0,17.0,45.0,11.0
2022500233,2025-26,2026-01-29,28,1612709914,Stockton Kings,STO,Austin Spurs,AWAY,W,119.0,115.0,119.0,38.0,83.0,45.78,24.0,44.0,54.55,14.0,39.0,35.9,16.0,22.0,72.73,15.0,31.0,46.0,24.0,8.0,5.0,15.0,13.0,42.0,25.0,11.0,43.0,6.0
2022500264,2025-26,2026-02-03,29,1612709914,Stockton Kings,STO,Iowa Wolves,HOME,L,109.0,114.0,109.0,36.0,83.0,43.37,22.0,47.0,46.81,14.0,36.0,38.89,13.0,16.0,81.25,6.0,28.0,34.0,19.0,6.0,1.0,11.0,7.0,34.0,4.0,18.0,28.0,15.0
2022500282,2025-26,2026-02-06,30,1612709914,Stockton Kings,STO,Texas Legends,AWAY,W,115.0,105.0,115.0,43.0,96.0,44.79,24.0,49.0,48.98,19.0,47.0,40.43,5.0,5.0,100.0,12.0,35.0,47.0,28.0,6.0,4.0,13.0,10.0,46.0,6.0,21.0,31.0,14.0
2022500291,2025-26,2026-02-07,31,1612709914,Stockton Kings,STO,Texas Legends,AWAY,W,111.0,109.0,111.0,40.0,98.0,40.82,24.0,53.0,45.28,16.0,45.0,35.56,10.0,13.0,76.92,16.0,30.0,46.0,30.0,9.0,5.0,9.0,14.0,42.0,14.0,20.0,22.0,14.0
2022500310,2025-26,2026-02-11,32,1612709914,Stockton Kings,STO,Mexico City Capitanes,HOME,L,86.0,107.0,86.0,32.0,75.0,42.67,16.0,34.0,47.06,16.0,41.0,39.02,3.0,8.0,37.5,9.0,28.0,37.0,20.0,5.0,5.0,14.0,10.0,26.0,9.0,13.0,25.0,8.0
2022500321,2025-26,2026-02-12,33,1612709914,Stockton Kings,STO,Mexico City Capitanes,HOME,W,113.0,98.0,113.0,39.0,76.0,51.32,25.0,40.0,62.5,14.0,36.0,38.89,13.0,16.0,81.25,12.0,35.0,47.0,24.0,7.0,4.0,16.0,11.0,46.0,11.0,25.0,38.0,8.0
2022500333,2025-26,2026-02-20,34,1612709914,Stockton Kings,STO,Memphis Hustle,AWAY,W,117.0,113.0,117.0,38.0,79.0,48.1,20.0,39.0,51.28,18.0,40.0,45.0,12.0,17.0,70.59,4.0,39.0,43.0,26.0,7.0,11.0,15.0,18.0,34.0,9.0,17.0,31.0,22.0
2022500353,2025-26,2026-02-22,35,1612709914,Stockton Kings,STO,Oklahoma City Blue,HOME,L,107.0,114.0,107.0,33.0,80.0,41.25,20.0,37.0,54.05,13.0,43.0,30.23,18.0,23.0,78.26,6.0,35.0,41.0,24.0,7.0,4.0,14.0,11.0,34.0,10.0,19.0,27.0,13.0
2022500367,2025-26,2026-02-25,36,1612709914,Stockton Kings,STO,Iowa Wolves,HOME,W,131.0,118.0,131.0,41.0,95.0,43.16,23.0,48.0,47.92,18.0,47.0,38.3,20.0,21.0,95.24,17.0,39.0,56.0,25.0,6.0,5.0,17.0,11.0,44.0,28.0,16.0,38.0,14.0
2022500386,2025-26,2026-02-28,37,1612709914,Stockton Kings,STO,South Bay Lakers,AWAY,L,100.0,115.0,100.0,29.0,78.0,37.18,15.0,32.0,46.88,14.0,46.0,30.43,14.0,15.0,93.33,9.0,34.0,43.0,20.0,6.0,2.0,22.0,8.0,20.0,16.0,13.0,34.0,12.0
2022500399,2025-26,2026-03-02,38,1612709914,Stockton Kings,STO,Santa Cruz Warriors,HOME,W,113.0,104.0,113.0,38.0,86.0,44.19,24.0,50.0,48.0,14.0,36.0,38.89,12.0,13.0,92.31,11.0,32.0,43.0,23.0,4.0,4.0,10.0,8.0,42.0,13.0,12.0,19.0,10.0
2022500414,2025-26,2026-03-05,39,1612709914,Stockton Kings,STO,Birmingham Squadron,HOME,W,124.0,99.0,124.0,43.0,88.0,48.86,23.0,38.0,60.53,20.0,50.0,40.0,10.0,14.0,71.43,9.0,36.0,45.0,28.0,5.0,1.0,7.0,6.0,38.0,10.0,12.0,40.0,3.0
2022500433,2025-26,2026-03-08,40,1612709914,Stockton Kings,STO,Birmingham Squadron,HOME,L,119.0,127.0,119.0,35.0,86.0,40.7,16.0,34.0,47.06,19.0,52.0,36.54,15.0,18.0,83.33,18.0,30.0,48.0,16.0,9.0,3.0,17.0,12.0,30.0,25.0,22.0,58.0,2.0
2022500448,2025-26,2026-03-11,41,1612709914,Stockton Kings,STO,Sioux Falls Skyforce,AWAY,L,118.0,120.0,118.0,42.0,95.0,44.21,24.0,45.0,53.33,18.0,50.0,36.0,8.0,15.0,53.33,16.0,28.0,44.0,32.0,9.0,2.0,15.0,11.0,44.0,18.0,20.0,19.0,10.0
2022500461,2025-26,2026-03-13,42,1612709914,Stockton Kings,STO,Sioux Falls Skyforce,AWAY,W,123.0,121.0,123.0,45.0,91.0,49.45,27.0,44.0,61.36,18.0,47.0,38.3,9.0,14.0,64.29,11.0,38.0,49.0,33.0,8.0,12.0,19.0,20.0,48.0,16.0,22.0,32.0,14.0
2022500471,2025-26,2026-03-15,43,1612709914,Stockton Kings,STO,Austin Spurs,AWAY,W,106.0,104.0,106.0,41.0,85.0,48.24,27.0,50.0,54.0,14.0,35.0,40.0,6.0,14.0,42.86,3.0,32.0,35.0,25.0,10.0,5.0,8.0,15.0,42.0,5.0,22.0,35.0,5.0
2022500487,2025-26,2026-03-17,44,1612709914,Stockton Kings,STO,Valley Suns,AWAY,L,108.0,117.0,108.0,39.0,92.0,42.39,30.0,51.0,58.82,9.0,41.0,21.95,12.0,15.0,80.0,7.0,31.0,38.0,18.0,14.0,2.0,13.0,16.0,48.0,11.0,26.0,32.0,15.0
2022500219,2025-26,2026-03-19,45,1612709914,Stockton Kings,STO,Memphis Hustle,AWAY,L,121.0,126.0,121.0,47.0,87.0,54.02,34.0,54.0,62.96,13.0,33.0,39.39,9.0,9.0,100.0,6.0,26.0,32.0,32.0,8.0,7.0,10.0,15.0,62.0,8.0,26.0,22.0,11.0
2022500510,2025-26,2026-03-21,46,1612709914,Stockton Kings,STO,Salt Lake City Stars,HOME,W,121.0,116.0,121.0,48.0,95.0,50.53,34.0,55.0,61.82,14.0,40.0,35.0,7.0,18.0,38.89,19.0,35.0,54.0,38.0,9.0,6.0,12.0,15.0,68.0,21.0,18.0,41.0,21.0
2022500520,2025-26,2026-03-22,47,1612709914,Stockton Kings,STO,Santa Cruz Warriors,HOME,W,121.0,103.0,121.0,48.0,101.0,47.52,31.0,55.0,56.36,17.0,46.0,36.96,4.0,6.0,66.67,18.0,32.0,50.0,32.0,8.0,5.0,7.0,13.0,58.0,24.0,31.0,69.0,21.0
2022500528,2025-26,2026-03-24,48,1612709914,Stockton Kings,STO,South Bay Lakers,AWAY,W,115.0,114.0,115.0,40.0,79.0,50.63,20.0,38.0,52.63,20.0,41.0,48.78,10.0,14.0,71.43,8.0,28.0,36.0,27.0,9.0,8.0,17.0,17.0,36.0,8.0,21.0,43.0,8.0
2022500546,2025-26,2026-03-27,49,1612709914,Stockton Kings,STO,San Diego Clippers,AWAY,L,112.0,120.0,112.0,40.0,99.0,40.4,20.0,48.0,41.67,20.0,51.0,39.22,7.0,10.0,70.0,18.0,35.0,53.0,25.0,9.0,8.0,13.0,17.0,34.0,17.0,12.0,60.0,23.0
2022500557,2025-26,2026-03-28,50,1612709914,Stockton Kings,STO,San Diego Clippers,AWAY,W,118.0,102.0,118.0,45.0,84.0,53.57,31.0,45.0,68.89,14.0,39.0,35.9,8.0,10.0,80.0,11.0,31.0,42.0,24.0,2.0,2.0,14.0,4.0,56.0,16.0,17.0,22.0,13.0
2052500005,2025-26,2025-11-07,1,1612709918,Texas Legends,TEX,Osceola Magic,AWAY,L,113.0,134.0,113.0,46.0,95.0,48.42,34.0,59.0,57.63,12.0,36.0,33.33,6.0,10.0,60.0,15.0,24.0,39.0,23.0,12.0,9.0,23.0,21.0,58.0,10.0,25.0,36.0,27.0
2052500015,2025-26,2025-11-08,2,1612709918,Texas Legends,TEX,Osceola Magic,AWAY,L,112.0,144.0,112.0,43.0,96.0,44.79,33.0,64.0,51.56,10.0,32.0,31.25,9.0,14.0,64.29,13.0,28.0,41.0,23.0,4.0,7.0,18.0,11.0,58.0,30.0,11.0,41.0,17.0
2052500031,2025-26,2025-11-11,3,1612709918,Texas Legends,TEX,Memphis Hustle,HOME,W,118.0,105.0,118.0,46.0,96.0,47.92,38.0,61.0,62.3,8.0,35.0,22.86,11.0,14.0,78.57,17.0,35.0,52.0,21.0,9.0,15.0,18.0,24.0,72.0,24.0,21.0,21.0,19.0
2052500040,2025-26,2025-11-13,4,1612709918,Texas Legends,TEX,Rio Grande Valley Vipers,AWAY,W,119.0,110.0,119.0,41.0,88.0,46.59,31.0,58.0,53.45,10.0,30.0,33.33,16.0,19.0,84.21,7.0,43.0,50.0,22.0,10.0,11.0,14.0,21.0,60.0,8.0,13.0,48.0,12.0
2052500055,2025-26,2025-11-15,5,1612709918,Texas Legends,TEX,Rio Grande Valley Vipers,AWAY,L,126.0,133.0,126.0,45.0,90.0,50.0,35.0,55.0,63.64,10.0,35.0,28.57,17.0,24.0,70.83,11.0,31.0,42.0,17.0,11.0,9.0,18.0,20.0,64.0,24.0,25.0,59.0,14.0
2052500085,2025-26,2025-11-21,6,1612709918,Texas Legends,TEX,Oklahoma City Blue,HOME,L,127.0,129.0,127.0,41.0,87.0,47.13,22.0,53.0,41.51,19.0,34.0,55.88,17.0,24.0,70.83,10.0,37.0,47.0,27.0,13.0,12.0,21.0,25.0,42.0,13.0,23.0,36.0,18.0
2052500093,2025-26,2025-11-22,7,1612709918,Texas Legends,TEX,Oklahoma City Blue,HOME,L,110.0,112.0,110.0,40.0,92.0,43.48,29.0,55.0,52.73,11.0,37.0,29.73,12.0,17.0,70.59,12.0,31.0,43.0,20.0,9.0,9.0,12.0,18.0,58.0,13.0,19.0,31.0,20.0
2052500115,2025-26,2025-11-28,8,1612709918,Texas Legends,TEX,Mexico City Capitanes,HOME,W,110.0,101.0,110.0,41.0,82.0,50.0,31.0,54.0,57.41,10.0,28.0,35.71,11.0,16.0,68.75,12.0,41.0,53.0,30.0,9.0,7.0,21.0,16.0,56.0,19.0,11.0,30.0,20.0
2052500122,2025-26,2025-11-29,9,1612709918,Texas Legends,TEX,Mexico City Capitanes,HOME,W,119.0,97.0,119.0,41.0,91.0,45.05,31.0,67.0,46.27,10.0,24.0,41.67,16.0,17.0,94.12,19.0,39.0,58.0,25.0,13.0,12.0,20.0,25.0,58.0,19.0,23.0,28.0,21.0
2052500135,2025-26,2025-12-01,10,1612709918,Texas Legends,TEX,Mexico City Capitanes,AWAY,L,105.0,119.0,105.0,36.0,91.0,39.56,24.0,54.0,44.44,12.0,37.0,32.43,13.0,16.0,81.25,13.0,35.0,48.0,13.0,6.0,9.0,18.0,15.0,46.0,10.0,14.0,25.0,18.0
2052500164,2025-26,2025-12-07,11,1612709918,Texas Legends,TEX,Birmingham Squadron,AWAY,W,121.0,91.0,121.0,45.0,105.0,42.86,23.0,47.0,48.94,22.0,58.0,37.93,5.0,6.0,83.33,16.0,37.0,53.0,33.0,17.0,7.0,13.0,24.0,44.0,22.0,29.0,54.0,20.0
2052500171,2025-26,2025-12-09,12,1612709918,Texas Legends,TEX,Birmingham Squadron,AWAY,W,130.0,94.0,130.0,46.0,94.0,48.94,28.0,52.0,53.85,18.0,42.0,42.86,12.0,14.0,85.71,15.0,26.0,41.0,28.0,17.0,8.0,10.0,25.0,50.0,19.0,44.0,39.0,22.0
2052500193,2025-26,2025-12-12,13,1612709918,Texas Legends,TEX,Austin Spurs,HOME,L,132.0,138.0,132.0,47.0,93.0,50.54,29.0,50.0,58.0,18.0,43.0,41.86,11.0,14.0,78.57,11.0,41.0,52.0,29.0,6.0,11.0,26.0,17.0,56.0,18.0,17.0,31.0,23.0
2052500198,2025-26,2025-12-13,14,1612709918,Texas Legends,TEX,Austin Spurs,HOME,W,126.0,122.0,126.0,43.0,86.0,50.0,34.0,54.0,62.96,9.0,32.0,28.12,20.0,25.0,80.0,13.0,39.0,52.0,23.0,5.0,15.0,19.0,20.0,62.0,17.0,10.0,34.0,13.0
2022500007,2025-26,2025-12-19,15,1612709918,Texas Legends,TEX,College Park Skyhawks,AWAY,L,116.0,129.0,116.0,48.0,98.0,48.98,36.0,63.0,57.14,12.0,35.0,34.29,5.0,9.0,55.56,11.0,33.0,44.0,25.0,15.0,7.0,19.0,22.0,68.0,17.0,22.0,41.0,13.0
2022500024,2025-26,2025-12-21,16,1612709918,Texas Legends,TEX,Delaware Blue Coats,HOME,L,112.0,120.0,112.0,41.0,93.0,44.09,26.0,54.0,48.15,15.0,39.0,38.46,8.0,12.0,66.67,11.0,36.0,47.0,19.0,5.0,10.0,16.0,15.0,52.0,16.0,11.0,29.0,18.0
2022500037,2025-26,2025-12-27,17,1612709918,Texas Legends,TEX,Noblesville Boom,AWAY,W,122.0,112.0,122.0,42.0,88.0,47.73,28.0,53.0,52.83,14.0,35.0,40.0,16.0,18.0,88.89,9.0,35.0,44.0,22.0,11.0,8.0,14.0,19.0,46.0,14.0,28.0,15.0,32.0
2022500055,2025-26,2025-12-29,18,1612709918,Texas Legends,TEX,Greensboro Swarm,AWAY,L,130.0,136.0,130.0,40.0,98.0,40.82,22.0,46.0,47.83,18.0,52.0,34.62,18.0,24.0,75.0,21.0,33.0,54.0,20.0,5.0,5.0,10.0,10.0,42.0,22.0,10.0,40.0,12.0
2022500064,2025-26,2025-12-31,19,1612709918,Texas Legends,TEX,Greensboro Swarm,AWAY,L,108.0,140.0,108.0,39.0,102.0,38.24,25.0,47.0,53.19,14.0,55.0,25.45,9.0,10.0,90.0,8.0,27.0,35.0,23.0,8.0,7.0,8.0,15.0,42.0,7.0,22.0,33.0,16.0
2022500076,2025-26,2026-01-02,20,1612709918,Texas Legends,TEX,Oklahoma City Blue,AWAY,W,110.0,84.0,110.0,38.0,94.0,40.43,26.0,45.0,57.78,12.0,49.0,24.49,12.0,20.0,60.0,16.0,41.0,57.0,23.0,12.0,9.0,11.0,21.0,48.0,21.0,20.0,22.0,14.0
2022500093,2025-26,2026-01-04,21,1612709918,Texas Legends,TEX,Mexico City Capitanes,AWAY,L,113.0,118.0,113.0,41.0,91.0,45.05,27.0,44.0,61.36,14.0,47.0,29.79,10.0,16.0,62.5,14.0,31.0,45.0,25.0,3.0,4.0,15.0,7.0,52.0,29.0,6.0,32.0,13.0
2022500100,2025-26,2026-01-06,22,1612709918,Texas Legends,TEX,Mexico City Capitanes,AWAY,L,109.0,122.0,109.0,37.0,73.0,50.68,26.0,42.0,61.9,11.0,31.0,35.48,13.0,19.0,68.42,13.0,25.0,38.0,24.0,8.0,4.0,21.0,12.0,50.0,11.0,18.0,30.0,13.0
2022500120,2025-26,2026-01-09,23,1612709918,Texas Legends,TEX,Cleveland Charge,HOME,W,123.0,120.0,123.0,44.0,107.0,41.12,29.0,71.0,40.85,15.0,36.0,41.67,15.0,17.0,88.24,18.0,35.0,53.0,33.0,8.0,6.0,14.0,14.0,54.0,18.0,19.0,33.0,18.0
2022500132,2025-26,2026-01-11,24,1612709918,Texas Legends,TEX,Cleveland Charge,HOME,W,114.0,112.0,114.0,46.0,105.0,43.81,35.0,72.0,48.61,11.0,33.0,33.33,8.0,10.0,80.0,18.0,35.0,53.0,24.0,9.0,7.0,11.0,16.0,66.0,27.0,13.0,30.0,16.0
2022500147,2025-26,2026-01-14,25,1612709918,Texas Legends,TEX,Memphis Hustle,AWAY,W,132.0,123.0,132.0,41.0,82.0,50.0,19.0,38.0,50.0,22.0,44.0,50.0,18.0,19.0,94.74,7.0,21.0,28.0,24.0,12.0,3.0,7.0,15.0,34.0,16.0,23.0,30.0,19.0
2022500178,2025-26,2026-01-19,26,1612709918,Texas Legends,TEX,Capital City Go-Go,HOME,L,102.0,113.0,102.0,39.0,94.0,41.49,30.0,59.0,50.85,9.0,35.0,25.71,9.0,13.0,69.23,12.0,36.0,48.0,19.0,8.0,4.0,6.0,12.0,50.0,17.0,8.0,49.0,7.0
2022500201,2025-26,2026-01-23,27,1612709918,Texas Legends,TEX,Valley Suns,HOME,L,100.0,107.0,100.0,36.0,83.0,43.37,31.0,53.0,58.49,5.0,30.0,16.67,12.0,15.0,80.0,12.0,36.0,48.0,19.0,10.0,5.0,16.0,15.0,54.0,9.0,11.0,33.0,23.0
2022500222,2025-26,2026-01-27,28,1612709918,Texas Legends,TEX,Rip City Remix,AWAY,L,115.0,117.0,115.0,42.0,94.0,44.68,30.0,58.0,51.72,12.0,36.0,33.33,11.0,12.0,91.67,8.0,39.0,47.0,18.0,9.0,7.0,10.0,16.0,54.0,11.0,15.0,41.0,26.0
2022500230,2025-26,2026-01-28,29,1612709918,Texas Legends,TEX,Rip City Remix,AWAY,L,119.0,126.0,119.0,45.0,95.0,47.37,30.0,51.0,58.82,15.0,44.0,34.09,8.0,12.0,66.67,6.0,32.0,38.0,25.0,12.0,4.0,6.0,16.0,52.0,10.0,18.0,30.0,24.0
2022500247,2025-26,2026-01-31,30,1612709918,Texas Legends,TEX,Sioux Falls Skyforce,HOME,W,105.0,95.0,105.0,41.0,93.0,44.09,30.0,61.0,49.18,11.0,32.0,34.38,9.0,12.0,75.0,15.0,34.0,49.0,24.0,11.0,13.0,15.0,24.0,50.0,21.0,18.0,23.0,18.0
2022500254,2025-26,2026-02-01,31,1612709918,Texas Legends,TEX,Sioux Falls Skyforce,HOME,L,109.0,125.0,109.0,36.0,85.0,42.35,28.0,51.0,54.9,8.0,34.0,23.53,17.0,20.0,85.0,16.0,28.0,44.0,16.0,6.0,6.0,16.0,12.0,50.0,22.0,13.0,31.0,10.0
2022500265,2025-26,2026-02-04,32,1612709918,Texas Legends,TEX,Austin Spurs,AWAY,L,95.0,104.0,95.0,35.0,97.0,36.08,28.0,66.0,42.42,7.0,31.0,22.58,11.0,16.0,68.75,15.0,38.0,53.0,17.0,9.0,13.0,16.0,22.0,54.0,10.0,22.0,34.0,9.0
2022500282,2025-26,2026-02-06,33,1612709918,Texas Legends,TEX,Stockton Kings,HOME,L,105.0,115.0,105.0,41.0,97.0,42.27,28.0,62.0,45.16,13.0,35.0,37.14,6.0,9.0,66.67,15.0,35.0,50.0,22.0,10.0,5.0,15.0,15.0,42.0,14.0,18.0,22.0,18.0
2022500291,2025-26,2026-02-07,34,1612709918,Texas Legends,TEX,Stockton Kings,HOME,L,109.0,111.0,109.0,44.0,85.0,51.76,34.0,56.0,60.71,10.0,29.0,34.48,7.0,13.0,53.85,12.0,39.0,51.0,20.0,7.0,6.0,14.0,13.0,56.0,11.0,17.0,42.0,27.0
2022500319,2025-26,2026-02-12,35,1612709918,Texas Legends,TEX,Rio Grande Valley Vipers,HOME,L,120.0,121.0,120.0,44.0,84.0,52.38,29.0,47.0,61.7,15.0,37.0,40.54,11.0,15.0,73.33,7.0,39.0,46.0,29.0,5.0,12.0,17.0,17.0,50.0,4.0,13.0,36.0,20.0
2022500337,2025-26,2026-02-20,36,1612709918,Texas Legends,TEX,South Bay Lakers,HOME,L,105.0,127.0,105.0,40.0,106.0,37.74,29.0,64.0,45.31,11.0,42.0,26.19,8.0,15.0,53.33,13.0,32.0,45.0,28.0,8.0,11.0,7.0,19.0,50.0,15.0,11.0,47.0,17.0
2022500345,2025-26,2026-02-21,37,1612709918,Texas Legends,TEX,South Bay Lakers,HOME,L,99.0,104.0,99.0,39.0,105.0,37.14,29.0,69.0,42.03,10.0,36.0,27.78,7.0,8.0,87.5,19.0,33.0,52.0,16.0,8.0,8.0,13.0,16.0,46.0,28.0,29.0,41.0,12.0
2022500387,2025-26,2026-02-28,38,1612709918,Texas Legends,TEX,Valley Suns,HOME,L,105.0,112.0,105.0,42.0,85.0,49.41,26.0,43.0,60.47,16.0,42.0,38.1,3.0,5.0,60.0,8.0,32.0,40.0,23.0,7.0,9.0,11.0,16.0,46.0,10.0,17.0,23.0,22.0
2022500403,2025-26,2026-03-03,39,1612709918,Texas Legends,TEX,Memphis Hustle,AWAY,L,113.0,135.0,113.0,42.0,98.0,42.86,29.0,57.0,50.88,13.0,41.0,31.71,8.0,12.0,66.67,15.0,29.0,44.0,21.0,6.0,10.0,12.0,16.0,50.0,26.0,10.0,9.0,16.0
2022500422,2025-26,2026-03-07,40,1612709918,Texas Legends,TEX,Oklahoma City Blue,AWAY,W,123.0,117.0,123.0,44.0,91.0,48.35,29.0,48.0,60.42,15.0,43.0,34.88,11.0,14.0,78.57,11.0,31.0,42.0,22.0,6.0,12.0,9.0,18.0,56.0,14.0,15.0,41.0,9.0
2022500435,2025-26,2026-03-09,41,1612709918,Texas Legends,TEX,Salt Lake City Stars,AWAY,W,121.0,114.0,121.0,47.0,101.0,46.53,33.0,67.0,49.25,14.0,34.0,41.18,7.0,11.0,63.64,11.0,42.0,53.0,32.0,6.0,4.0,13.0,10.0,58.0,15.0,25.0,70.0,13.0
2022500444,2025-26,2026-03-10,42,1612709918,Texas Legends,TEX,Salt Lake City Stars,AWAY,L,125.0,134.0,125.0,46.0,95.0,48.42,32.0,59.0,54.24,14.0,36.0,38.89,10.0,12.0,83.33,17.0,30.0,47.0,29.0,7.0,3.0,18.0,10.0,58.0,23.0,12.0,46.0,11.0
2022500453,2025-26,2026-03-12,43,1612709918,Texas Legends,TEX,Austin Spurs,AWAY,L,119.0,122.0,119.0,44.0,95.0,46.32,31.0,50.0,62.0,13.0,45.0,28.89,11.0,15.0,73.33,14.0,32.0,46.0,18.0,4.0,4.0,11.0,8.0,50.0,22.0,21.0,31.0,16.0
2022500467,2025-26,2026-03-14,44,1612709918,Texas Legends,TEX,San Diego Clippers,HOME,W,128.0,106.0,128.0,46.0,86.0,53.49,30.0,50.0,60.0,16.0,36.0,44.44,11.0,16.0,68.75,11.0,42.0,53.0,29.0,8.0,2.0,12.0,10.0,54.0,19.0,18.0,43.0,19.0
2022500477,2025-26,2026-03-16,45,1612709918,Texas Legends,TEX,San Diego Clippers,HOME,W,116.0,108.0,116.0,44.0,99.0,44.44,28.0,52.0,53.85,16.0,47.0,34.04,8.0,10.0,80.0,17.0,33.0,50.0,29.0,11.0,7.0,14.0,18.0,54.0,19.0,17.0,57.0,7.0
2022500485,2025-26,2026-03-17,46,1612709918,Texas Legends,TEX,Rio Grande Valley Vipers,HOME,W,108.0,104.0,108.0,40.0,91.0,43.96,34.0,62.0,54.84,6.0,29.0,20.69,14.0,21.0,66.67,18.0,33.0,51.0,20.0,12.0,13.0,14.0,25.0,64.0,22.0,23.0,30.0,25.0
2022500500,2025-26,2026-03-20,47,1612709918,Texas Legends,TEX,Iowa Wolves,HOME,L,103.0,110.0,103.0,43.0,94.0,45.74,29.0,58.0,50.0,14.0,36.0,38.89,2.0,5.0,40.0,11.0,40.0,51.0,27.0,5.0,11.0,15.0,16.0,54.0,16.0,8.0,35.0,24.0
2022500517,2025-26,2026-03-22,48,1612709918,Texas Legends,TEX,Iowa Wolves,HOME,W,109.0,106.0,109.0,41.0,91.0,45.05,32.0,62.0,51.61,9.0,29.0,31.03,11.0,14.0,78.57,14.0,28.0,42.0,15.0,11.0,9.0,8.0,20.0,60.0,10.0,32.0,8.0,15.0
2022500545,2025-26,2026-03-27,49,1612709918,Texas Legends,TEX,Santa Cruz Warriors,AWAY,W,112.0,106.0,112.0,45.0,98.0,45.92,32.0,61.0,52.46,13.0,37.0,35.14,7.0,16.0,43.75,13.0,38.0,51.0,23.0,7.0,6.0,11.0,13.0,62.0,13.0,11.0,20.0,18.0
2022500558,2025-26,2026-03-28,50,1612709918,Texas Legends,TEX,Santa Cruz Warriors,AWAY,W,134.0,116.0,134.0,51.0,102.0,50.0,33.0,57.0,57.89,18.0,45.0,40.0,9.0,11.0,81.82,17.0,44.0,61.0,27.0,4.0,8.0,10.0,12.0,54.0,27.0,10.0,43.0,16.0
2052500019,2025-26,2025-11-08,1,1612709934,Valley Suns,VAL,South Bay Lakers,AWAY,L,105.0,144.0,105.0,37.0,95.0,38.95,29.0,53.0,54.72,8.0,42.0,19.05,13.0,16.0,81.25,10.0,37.0,47.0,20.0,5.0,5.0,15.0,10.0,56.0,15.0,8.0,38.0,12.0
2052500027,2025-26,2025-11-09,2,1612709934,Valley Suns,VAL,South Bay Lakers,AWAY,L,113.0,123.0,113.0,39.0,90.0,43.33,29.0,53.0,54.72,10.0,37.0,27.03,15.0,19.0,78.95,12.0,33.0,45.0,17.0,7.0,8.0,15.0,15.0,56.0,13.0,13.0,17.0,11.0
2052500047,2025-26,2025-11-14,3,1612709934,Valley Suns,VAL,Rip City Remix,HOME,L,104.0,107.0,104.0,38.0,86.0,44.19,25.0,47.0,53.19,13.0,39.0,33.33,10.0,15.0,66.67,15.0,37.0,52.0,21.0,6.0,7.0,22.0,13.0,48.0,12.0,20.0,28.0,12.0
2052500074,2025-26,2025-11-19,4,1612709934,Valley Suns,VAL,Stockton Kings,AWAY,L,117.0,125.0,117.0,41.0,87.0,47.13,27.0,56.0,48.21,14.0,31.0,45.16,12.0,18.0,66.67,16.0,23.0,39.0,14.0,6.0,4.0,17.0,10.0,48.0,28.0,19.0,28.0,5.0
2052500079,2025-26,2025-11-20,5,1612709934,Valley Suns,VAL,Stockton Kings,AWAY,L,112.0,131.0,112.0,36.0,91.0,39.56,28.0,57.0,49.12,8.0,34.0,23.53,18.0,22.0,81.82,21.0,24.0,45.0,17.0,9.0,0.0,16.0,9.0,46.0,28.0,18.0,44.0,11.0
2052500106,2025-26,2025-11-25,6,1612709934,Valley Suns,VAL,Rip City Remix,HOME,L,101.0,112.0,101.0,39.0,90.0,43.33,28.0,48.0,58.33,11.0,42.0,26.19,7.0,11.0,63.64,15.0,33.0,48.0,18.0,8.0,4.0,18.0,12.0,42.0,14.0,15.0,14.0,2.0
2052500131,2025-26,2025-11-30,7,1612709934,Valley Suns,VAL,Stockton Kings,HOME,L,105.0,123.0,105.0,38.0,86.0,44.19,28.0,49.0,57.14,10.0,37.0,27.03,12.0,16.0,75.0,13.0,37.0,50.0,12.0,5.0,5.0,17.0,10.0,46.0,19.0,10.0,26.0,6.0
2052500137,2025-26,2025-12-02,8,1612709934,Valley Suns,VAL,Santa Cruz Warriors,HOME,L,110.0,111.0,110.0,37.0,89.0,41.57,21.0,42.0,50.0,16.0,47.0,34.04,11.0,11.0,100.0,15.0,33.0,48.0,25.0,6.0,2.0,15.0,8.0,30.0,17.0,14.0,31.0,8.0
2052500144,2025-26,2025-12-03,9,1612709934,Valley Suns,VAL,Santa Cruz Warriors,HOME,W,124.0,119.0,124.0,46.0,99.0,46.46,35.0,56.0,62.5,11.0,43.0,25.58,14.0,16.0,87.5,18.0,32.0,50.0,31.0,8.0,7.0,15.0,15.0,64.0,18.0,19.0,23.0,5.0
2052500166,2025-26,2025-12-07,10,1612709934,Valley Suns,VAL,Santa Cruz Warriors,AWAY,W,114.0,106.0,114.0,43.0,92.0,46.74,29.0,58.0,50.0,14.0,34.0,41.18,10.0,15.0,66.67,16.0,33.0,49.0,30.0,10.0,1.0,19.0,11.0,56.0,25.0,26.0,35.0,12.0
2052500172,2025-26,2025-12-09,11,1612709934,Valley Suns,VAL,San Diego Clippers,HOME,L,116.0,124.0,116.0,44.0,96.0,45.83,34.0,57.0,59.65,10.0,39.0,25.64,12.0,19.0,63.16,20.0,21.0,41.0,26.0,13.0,4.0,11.0,17.0,54.0,24.0,30.0,39.0,8.0
2052500186,2025-26,2025-12-11,12,1612709934,Valley Suns,VAL,San Diego Clippers,HOME,W,121.0,118.0,121.0,43.0,97.0,44.33,27.0,51.0,52.94,16.0,46.0,34.78,13.0,15.0,86.67,17.0,36.0,53.0,25.0,8.0,4.0,14.0,12.0,52.0,21.0,10.0,26.0,11.0
2052500209,2025-26,2025-12-15,13,1612709934,Valley Suns,VAL,Salt Lake City Stars,AWAY,L,127.0,140.0,127.0,44.0,88.0,50.0,30.0,56.0,53.57,14.0,32.0,43.75,13.0,15.0,86.67,7.0,29.0,36.0,29.0,4.0,7.0,14.0,11.0,50.0,21.0,16.0,29.0,15.0
2052500215,2025-26,2025-12-16,14,1612709934,Valley Suns,VAL,Salt Lake City Stars,AWAY,L,125.0,141.0,125.0,41.0,85.0,48.24,25.0,45.0,55.56,16.0,40.0,40.0,16.0,17.0,94.12,10.0,20.0,30.0,32.0,11.0,4.0,21.0,15.0,46.0,16.0,23.0,38.0,27.0
2022500016,2025-26,2025-12-20,15,1612709934,Valley Suns,VAL,Motor City Cruise,HOME,W,130.0,121.0,130.0,47.0,88.0,53.41,37.0,57.0,64.91,10.0,31.0,32.26,17.0,20.0,85.0,15.0,32.0,47.0,26.0,10.0,4.0,18.0,14.0,64.0,26.0,24.0,49.0,23.0
2022500023,2025-26,2025-12-21,16,1612709934,Valley Suns,VAL,Birmingham Squadron,AWAY,L,121.0,125.0,121.0,41.0,85.0,48.24,19.0,45.0,42.22,22.0,40.0,55.0,12.0,15.0,80.0,9.0,24.0,33.0,26.0,8.0,2.0,15.0,10.0,36.0,10.0,22.0,29.0,19.0
2022500041,2025-26,2025-12-27,17,1612709934,Valley Suns,VAL,Memphis Hustle,AWAY,L,116.0,117.0,116.0,40.0,87.0,45.98,23.0,35.0,65.71,17.0,52.0,32.69,11.0,12.0,91.67,14.0,35.0,49.0,29.0,7.0,6.0,20.0,13.0,46.0,18.0,13.0,29.0,19.0
2022500057,2025-26,2025-12-29,18,1612709934,Valley Suns,VAL,Memphis Hustle,AWAY,W,109.0,107.0,109.0,38.0,83.0,45.78,26.0,45.0,57.78,12.0,38.0,31.58,12.0,15.0,80.0,6.0,30.0,36.0,22.0,12.0,10.0,17.0,22.0,38.0,7.0,27.0,30.0,22.0
2022500084,2025-26,2026-01-03,19,1612709934,Valley Suns,VAL,Rio Grande Valley Vipers,AWAY,L,115.0,130.0,115.0,39.0,105.0,37.14,22.0,56.0,39.29,17.0,49.0,34.69,12.0,15.0,80.0,22.0,25.0,47.0,23.0,8.0,3.0,9.0,11.0,40.0,26.0,25.0,29.0,8.0
2022500101,2025-26,2026-01-06,20,1612709934,Valley Suns,VAL,Oklahoma City Blue,HOME,L,109.0,114.0,109.0,39.0,88.0,44.32,25.0,44.0,56.82,14.0,44.0,31.82,10.0,19.0,52.63,14.0,30.0,44.0,25.0,9.0,2.0,16.0,11.0,42.0,25.0,19.0,36.0,13.0
2022500105,2025-26,2026-01-07,21,1612709934,Valley Suns,VAL,Oklahoma City Blue,HOME,W,124.0,102.0,124.0,42.0,93.0,45.16,26.0,50.0,52.0,16.0,43.0,37.21,15.0,18.0,83.33,12.0,40.0,52.0,35.0,7.0,3.0,11.0,10.0,48.0,19.0,14.0,39.0,5.0
2022500143,2025-26,2026-01-13,22,1612709934,Valley Suns,VAL,Iowa Wolves,HOME,L,123.0,130.0,123.0,46.0,93.0,49.46,32.0,52.0,61.54,14.0,41.0,34.15,10.0,13.0,76.92,11.0,26.0,37.0,30.0,10.0,2.0,6.0,12.0,50.0,16.0,14.0,34.0,9.0
2022500156,2025-26,2026-01-15,23,1612709934,Valley Suns,VAL,Iowa Wolves,HOME,L,127.0,137.0,127.0,45.0,80.0,56.25,27.0,47.0,57.45,18.0,33.0,54.55,12.0,18.0,66.67,7.0,16.0,23.0,28.0,7.0,2.0,12.0,9.0,52.0,18.0,19.0,33.0,5.0
2022500167,2025-26,2026-01-17,24,1612709934,Valley Suns,VAL,Santa Cruz Warriors,AWAY,L,115.0,123.0,115.0,43.0,102.0,42.16,23.0,51.0,45.1,20.0,51.0,39.22,7.0,14.0,50.0,19.0,25.0,44.0,29.0,8.0,2.0,12.0,10.0,44.0,14.0,28.0,49.0,6.0
2022500179,2025-26,2026-01-19,25,1612709934,Valley Suns,VAL,Santa Cruz Warriors,AWAY,L,108.0,113.0,108.0,40.0,91.0,43.96,25.0,39.0,64.1,15.0,52.0,28.85,8.0,9.0,88.89,9.0,20.0,29.0,22.0,9.0,3.0,10.0,12.0,42.0,19.0,26.0,22.0,17.0
2022500190,2025-26,2026-01-21,26,1612709934,Valley Suns,VAL,Stockton Kings,HOME,W,117.0,111.0,117.0,42.0,86.0,48.84,30.0,56.0,53.57,12.0,30.0,40.0,15.0,17.0,88.24,12.0,31.0,43.0,27.0,8.0,2.0,15.0,10.0,48.0,15.0,26.0,21.0,9.0
2022500201,2025-26,2026-01-23,27,1612709934,Valley Suns,VAL,Texas Legends,AWAY,W,107.0,100.0,107.0,40.0,89.0,44.94,26.0,45.0,57.78,14.0,44.0,31.82,8.0,11.0,72.73,12.0,36.0,48.0,26.0,10.0,7.0,15.0,17.0,46.0,17.0,24.0,45.0,25.0
2022500215,2025-26,2026-01-25,28,1612709934,Valley Suns,VAL,Austin Spurs,HOME,L,91.0,102.0,91.0,29.0,81.0,35.8,18.0,39.0,46.15,11.0,42.0,26.19,12.0,16.0,75.0,11.0,39.0,50.0,14.0,7.0,6.0,19.0,13.0,36.0,12.0,11.0,24.0,8.0
2022500224,2025-26,2026-01-27,29,1612709934,Valley Suns,VAL,Austin Spurs,HOME,L,107.0,116.0,107.0,35.0,88.0,39.77,23.0,44.0,52.27,12.0,44.0,27.27,14.0,18.0,77.78,13.0,32.0,45.0,19.0,8.0,3.0,10.0,11.0,42.0,17.0,8.0,22.0,9.0
2022500239,2025-26,2026-01-30,30,1612709934,Valley Suns,VAL,Delaware Blue Coats,HOME,L,115.0,124.0,115.0,46.0,89.0,51.69,31.0,48.0,64.58,15.0,41.0,36.59,5.0,9.0,55.56,11.0,28.0,39.0,30.0,7.0,2.0,11.0,9.0,58.0,4.0,11.0,48.0,12.0
2022500253,2025-26,2026-02-01,31,1612709934,Valley Suns,VAL,Delaware Blue Coats,HOME,L,107.0,111.0,107.0,43.0,105.0,40.95,33.0,54.0,61.11,10.0,51.0,19.61,8.0,15.0,53.33,17.0,31.0,48.0,23.0,14.0,7.0,10.0,21.0,64.0,16.0,30.0,21.0,21.0
2022500266,2025-26,2026-02-04,32,1612709934,Valley Suns,VAL,Rio Grande Valley Vipers,AWAY,L,116.0,130.0,116.0,42.0,82.0,51.22,23.0,37.0,62.16,19.0,45.0,42.22,9.0,13.0,69.23,9.0,34.0,43.0,26.0,9.0,6.0,20.0,15.0,42.0,11.0,16.0,43.0,6.0
2022500303,2025-26,2026-02-10,33,1612709934,Valley Suns,VAL,Westchester Knicks,HOME,W,106.0,104.0,106.0,42.0,85.0,49.41,31.0,58.0,53.45,11.0,27.0,40.74,6.0,11.0,54.55,12.0,27.0,39.0,14.0,13.0,5.0,20.0,18.0,62.0,16.0,33.0,31.0,11.0
2022500313,2025-26,2026-02-12,34,1612709934,Valley Suns,VAL,Salt Lake City Stars,HOME,W,123.0,120.0,123.0,47.0,87.0,54.02,32.0,47.0,68.09,15.0,40.0,37.5,10.0,15.0,66.67,12.0,33.0,45.0,32.0,8.0,0.0,14.0,8.0,60.0,12.0,11.0,36.0,20.0
2022500334,2025-26,2026-02-20,35,1612709934,Valley Suns,VAL,Sioux Falls Skyforce,AWAY,W,116.0,110.0,116.0,41.0,82.0,50.0,28.0,40.0,70.0,13.0,42.0,30.95,16.0,19.0,84.21,13.0,37.0,50.0,31.0,8.0,6.0,16.0,14.0,50.0,12.0,11.0,32.0,15.0
2022500350,2025-26,2026-02-22,36,1612709934,Valley Suns,VAL,Sioux Falls Skyforce,AWAY,L,115.0,141.0,115.0,42.0,87.0,48.28,27.0,47.0,57.45,15.0,40.0,37.5,8.0,15.0,53.33,16.0,21.0,37.0,23.0,5.0,4.0,22.0,9.0,48.0,30.0,30.0,44.0,11.0
2022500366,2025-26,2026-02-25,37,1612709934,Valley Suns,VAL,South Bay Lakers,HOME,L,99.0,113.0,99.0,37.0,81.0,45.68,27.0,51.0,52.94,10.0,30.0,33.33,8.0,15.0,53.33,18.0,19.0,37.0,22.0,10.0,0.0,18.0,10.0,54.0,20.0,19.0,33.0,6.0
2022500377,2025-26,2026-02-26,38,1612709934,Valley Suns,VAL,South Bay Lakers,HOME,L,98.0,129.0,98.0,36.0,80.0,45.0,26.0,46.0,56.52,10.0,34.0,29.41,10.0,16.0,62.5,11.0,29.0,40.0,21.0,7.0,3.0,22.0,10.0,52.0,14.0,14.0,13.0,4.0
2022500387,2025-26,2026-02-28,39,1612709934,Valley Suns,VAL,Texas Legends,AWAY,W,112.0,105.0,112.0,47.0,105.0,44.76,32.0,63.0,50.79,15.0,42.0,35.71,3.0,8.0,37.5,23.0,35.0,58.0,25.0,6.0,4.0,9.0,10.0,64.0,33.0,13.0,19.0,12.0
2022500397,2025-26,2026-03-02,40,1612709934,Valley Suns,VAL,Salt Lake City Stars,HOME,L,112.0,121.0,112.0,44.0,95.0,46.32,32.0,54.0,59.26,12.0,41.0,29.27,7.0,11.0,63.64,14.0,34.0,48.0,33.0,6.0,2.0,12.0,8.0,64.0,12.0,10.0,12.0,18.0
2022500420,2025-26,2026-03-06,41,1612709934,Valley Suns,VAL,Rip City Remix,AWAY,L,122.0,132.0,122.0,47.0,98.0,47.96,30.0,50.0,60.0,17.0,48.0,35.42,7.0,11.0,63.64,12.0,22.0,34.0,21.0,10.0,0.0,11.0,10.0,56.0,11.0,15.0,23.0,2.0
2022500424,2025-26,2026-03-07,42,1612709934,Valley Suns,VAL,Rip City Remix,AWAY,L,125.0,126.0,125.0,46.0,94.0,48.94,31.0,54.0,57.41,15.0,40.0,37.5,10.0,14.0,71.43,10.0,31.0,41.0,24.0,11.0,5.0,13.0,16.0,58.0,16.0,15.0,17.0,15.0
2022500436,2025-26,2026-03-09,43,1612709934,Valley Suns,VAL,Wisconsin Herd,AWAY,L,103.0,109.0,103.0,39.0,87.0,44.83,25.0,52.0,48.08,14.0,35.0,40.0,8.0,14.0,57.14,9.0,34.0,43.0,25.0,11.0,4.0,16.0,15.0,46.0,13.0,15.0,8.0,23.0
2022500454,2025-26,2026-03-12,44,1612709934,Valley Suns,VAL,Windy City Bulls,AWAY,L,116.0,124.0,116.0,44.0,88.0,50.0,32.0,51.0,62.75,12.0,37.0,32.43,9.0,11.0,81.82,7.0,32.0,39.0,26.0,7.0,6.0,10.0,13.0,58.0,11.0,10.0,14.0,29.0
2022500466,2025-26,2026-03-14,45,1612709934,Valley Suns,VAL,Windy City Bulls,AWAY,L,116.0,125.0,116.0,44.0,103.0,42.72,31.0,58.0,53.45,13.0,45.0,28.89,10.0,16.0,62.5,14.0,31.0,45.0,25.0,6.0,0.0,7.0,6.0,58.0,19.0,23.0,23.0,20.0
2022500487,2025-26,2026-03-17,46,1612709934,Valley Suns,VAL,Stockton Kings,HOME,W,117.0,108.0,117.0,45.0,86.0,52.33,35.0,49.0,71.43,10.0,37.0,27.03,10.0,13.0,76.92,11.0,42.0,53.0,21.0,7.0,6.0,18.0,13.0,60.0,12.0,16.0,25.0,14.0
2022500492,2025-26,2026-03-19,47,1612709934,Valley Suns,VAL,San Diego Clippers,AWAY,L,87.0,113.0,87.0,29.0,83.0,34.94,17.0,38.0,44.74,12.0,45.0,26.67,10.0,12.0,83.33,9.0,34.0,43.0,15.0,6.0,2.0,12.0,8.0,28.0,10.0,16.0,22.0,11.0
2022500511,2025-26,2026-03-21,48,1612709934,Valley Suns,VAL,San Diego Clippers,AWAY,L,115.0,131.0,115.0,43.0,83.0,51.81,30.0,47.0,63.83,13.0,36.0,36.11,10.0,12.0,83.33,6.0,25.0,31.0,23.0,8.0,2.0,11.0,10.0,56.0,13.0,12.0,13.0,18.0
2022500529,2025-26,2026-03-24,49,1612709934,Valley Suns,VAL,Mexico City Capitanes,HOME,L,99.0,112.0,99.0,37.0,84.0,44.05,24.0,43.0,55.81,13.0,41.0,31.71,8.0,13.0,61.54,12.0,20.0,32.0,17.0,7.0,4.0,16.0,11.0,48.0,18.0,19.0,13.0,6.0
2022500534,2025-26,2026-03-25,50,1612709934,Valley Suns,VAL,Mexico City Capitanes,HOME,W,114.0,94.0,114.0,42.0,88.0,47.73,32.0,54.0,59.26,10.0,34.0,29.41,15.0,21.0,71.43,10.0,33.0,43.0,19.0,12.0,3.0,12.0,15.0,62.0,13.0,24.0,12.0,17.0
2052500011,2025-26,2025-11-08,1,1612709919,Westchester Knicks,WES,Delaware Blue Coats,AWAY,L,113.0,134.0,113.0,40.0,85.0,47.06,27.0,45.0,60.0,13.0,40.0,32.5,11.0,12.0,91.67,20.0,35.0,55.0,21.0,7.0,3.0,30.0,10.0,52.0,24.0,5.0,60.0,6.0
2052500032,2025-26,2025-11-12,2,1612709919,Westchester Knicks,WES,Capital City Go-Go,AWAY,L,94.0,104.0,94.0,35.0,88.0,39.77,27.0,51.0,52.94,8.0,37.0,21.62,9.0,12.0,75.0,13.0,41.0,54.0,15.0,9.0,4.0,21.0,13.0,52.0,15.0,17.0,22.0,14.0
2052500045,2025-26,2025-11-14,3,1612709919,Westchester Knicks,WES,Raptors 905,HOME,L,110.0,113.0,110.0,35.0,77.0,45.45,24.0,43.0,55.81,11.0,34.0,32.35,18.0,23.0,78.26,8.0,35.0,43.0,22.0,14.0,5.0,25.0,19.0,46.0,21.0,18.0,29.0,18.0
2052500087,2025-26,2025-11-22,4,1612709919,Westchester Knicks,WES,Capital City Go-Go,AWAY,W,112.0,107.0,112.0,42.0,93.0,45.16,31.0,57.0,54.39,11.0,36.0,30.56,11.0,17.0,64.71,20.0,34.0,54.0,16.0,9.0,5.0,24.0,14.0,54.0,21.0,19.0,30.0,6.0
2052500108,2025-26,2025-11-26,5,1612709919,Westchester Knicks,WES,Delaware Blue Coats,HOME,L,111.0,113.0,111.0,40.0,100.0,40.0,29.0,60.0,48.33,11.0,40.0,27.5,13.0,15.0,86.67,11.0,41.0,52.0,21.0,16.0,11.0,19.0,27.0,52.0,24.0,20.0,29.0,22.0
2052500112,2025-26,2025-11-28,6,1612709919,Westchester Knicks,WES,Maine Celtics,HOME,L,84.0,98.0,84.0,31.0,100.0,31.0,22.0,54.0,40.74,9.0,46.0,19.57,9.0,14.0,64.29,28.0,29.0,57.0,17.0,10.0,4.0,19.0,14.0,40.0,22.0,20.0,20.0,8.0
2052500127,2025-26,2025-11-30,7,1612709919,Westchester Knicks,WES,Maine Celtics,HOME,L,95.0,122.0,95.0,32.0,82.0,39.02,24.0,51.0,47.06,8.0,31.0,25.81,10.0,16.0,62.5,14.0,28.0,42.0,17.0,5.0,2.0,19.0,7.0,40.0,16.0,10.0,22.0,13.0
2052500075,2025-26,2025-12-02,8,1612709919,Westchester Knicks,WES,College Park Skyhawks,AWAY,L,103.0,135.0,103.0,37.0,84.0,44.05,28.0,50.0,56.0,9.0,34.0,26.47,11.0,14.0,78.57,12.0,34.0,46.0,22.0,4.0,5.0,20.0,9.0,48.0,20.0,6.0,31.0,6.0
2052500139,2025-26,2025-12-03,9,1612709919,Westchester Knicks,WES,College Park Skyhawks,AWAY,L,111.0,116.0,111.0,41.0,92.0,44.57,26.0,54.0,48.15,15.0,38.0,39.47,8.0,14.0,57.14,12.0,29.0,41.0,25.0,7.0,6.0,9.0,13.0,50.0,15.0,18.0,16.0,24.0
2052500153,2025-26,2025-12-05,10,1612709919,Westchester Knicks,WES,Greensboro Swarm,AWAY,L,106.0,112.0,106.0,38.0,93.0,40.86,27.0,51.0,52.94,11.0,42.0,26.19,10.0,12.0,83.33,16.0,36.0,52.0,23.0,6.0,9.0,16.0,15.0,54.0,20.0,21.0,38.0,5.0
2052500163,2025-26,2025-12-07,11,1612709919,Westchester Knicks,WES,Greensboro Swarm,AWAY,L,91.0,118.0,91.0,30.0,88.0,34.09,23.0,50.0,46.0,7.0,38.0,18.42,12.0,16.0,75.0,17.0,27.0,44.0,13.0,6.0,9.0,7.0,15.0,46.0,13.0,8.0,14.0,6.0
2052500177,2025-26,2025-12-10,12,1612709919,Westchester Knicks,WES,Long Island Nets,HOME,L,95.0,115.0,95.0,36.0,74.0,48.65,26.0,42.0,61.9,10.0,32.0,31.25,7.0,14.0,50.0,13.0,27.0,40.0,24.0,9.0,6.0,24.0,15.0,48.0,16.0,16.0,35.0,13.0
2052500190,2025-26,2025-12-12,13,1612709919,Westchester Knicks,WES,Long Island Nets,HOME,L,103.0,110.0,103.0,39.0,81.0,48.15,29.0,49.0,59.18,10.0,32.0,31.25,10.0,15.0,66.67,13.0,35.0,48.0,19.0,6.0,6.0,25.0,12.0,58.0,24.0,31.0,17.0,4.0
2052500210,2025-26,2025-12-16,14,1612709919,Westchester Knicks,WES,Raptors 905,HOME,L,99.0,126.0,99.0,39.0,82.0,47.56,31.0,54.0,57.41,8.0,28.0,28.57,8.0,11.0,72.73,15.0,26.0,41.0,17.0,6.0,7.0,28.0,13.0,62.0,23.0,15.0,26.0,11.0
2022500011,2025-26,2025-12-20,15,1612709919,Westchester Knicks,WES,Rio Grande Valley Vipers,AWAY,L,101.0,127.0,101.0,38.0,77.0,49.35,28.0,43.0,65.12,10.0,34.0,29.41,9.0,13.0,69.23,10.0,24.0,34.0,24.0,14.0,7.0,27.0,21.0,50.0,14.0,28.0,34.0,18.0
2022500029,2025-26,2025-12-22,16,1612709919,Westchester Knicks,WES,Iowa Wolves,HOME,L,104.0,132.0,104.0,37.0,101.0,36.63,26.0,51.0,50.98,11.0,50.0,22.0,10.0,15.0,66.67,16.0,26.0,42.0,18.0,15.0,10.0,14.0,25.0,44.0,21.0,20.0,33.0,17.0
2022500038,2025-26,2025-12-27,17,1612709919,Westchester Knicks,WES,Birmingham Squadron,HOME,L,98.0,105.0,98.0,37.0,93.0,39.78,22.0,47.0,46.81,15.0,46.0,32.61,5.0,13.0,38.46,13.0,39.0,52.0,27.0,9.0,2.0,16.0,11.0,42.0,21.0,21.0,23.0,14.0
2022500049,2025-26,2025-12-28,18,1612709919,Westchester Knicks,WES,Birmingham Squadron,HOME,W,128.0,118.0,128.0,48.0,90.0,53.33,22.0,36.0,61.11,26.0,54.0,48.15,4.0,6.0,66.67,9.0,27.0,36.0,35.0,6.0,5.0,10.0,11.0,40.0,24.0,12.0,31.0,12.0
2022500061,2025-26,2025-12-30,19,1612709919,Westchester Knicks,WES,Raptors 905,AWAY,L,109.0,120.0,109.0,41.0,93.0,44.09,30.0,49.0,61.22,11.0,44.0,25.0,10.0,14.0,71.43,14.0,21.0,35.0,21.0,11.0,10.0,16.0,21.0,58.0,19.0,24.0,15.0,11.0
2022500070,2025-26,2026-01-01,20,1612709919,Westchester Knicks,WES,Capital City Go-Go,HOME,L,90.0,139.0,90.0,28.0,82.0,34.15,12.0,35.0,34.29,16.0,47.0,34.04,9.0,11.0,81.82,6.0,34.0,40.0,18.0,3.0,5.0,18.0,8.0,24.0,6.0,5.0,14.0,8.0
2022500082,2025-26,2026-01-03,21,1612709919,Westchester Knicks,WES,Motor City Cruise,AWAY,W,140.0,132.0,140.0,44.0,97.0,45.36,26.0,51.0,50.98,18.0,46.0,39.13,24.0,26.0,92.31,16.0,30.0,46.0,28.0,8.0,9.0,12.0,17.0,48.0,25.0,29.0,21.0,6.0
2022500094,2025-26,2026-01-04,22,1612709919,Westchester Knicks,WES,Motor City Cruise,AWAY,W,99.0,94.0,99.0,32.0,81.0,39.51,12.0,27.0,44.44,20.0,54.0,37.04,9.0,14.0,64.29,8.0,34.0,42.0,25.0,6.0,4.0,18.0,10.0,24.0,11.0,16.0,35.0,7.0
2022500116,2025-26,2026-01-09,23,1612709919,Westchester Knicks,WES,Stockton Kings,HOME,L,110.0,123.0,110.0,42.0,93.0,45.16,25.0,47.0,53.19,17.0,46.0,36.96,4.0,7.0,57.14,10.0,21.0,31.0,30.0,4.0,4.0,5.0,8.0,50.0,13.0,17.0,22.0,8.0
2022500124,2025-26,2026-01-10,24,1612709919,Westchester Knicks,WES,Stockton Kings,HOME,L,106.0,120.0,106.0,34.0,92.0,36.96,22.0,51.0,43.14,12.0,41.0,29.27,14.0,16.0,87.5,22.0,33.0,55.0,16.0,3.0,6.0,8.0,9.0,42.0,34.0,5.0,30.0,2.0
2022500153,2025-26,2026-01-15,25,1612709919,Westchester Knicks,WES,Greensboro Swarm,HOME,L,111.0,123.0,111.0,41.0,105.0,39.05,20.0,49.0,40.82,21.0,56.0,37.5,5.0,7.0,71.43,16.0,26.0,42.0,26.0,7.0,7.0,12.0,14.0,38.0,23.0,20.0,30.0,4.0
2022500166,2025-26,2026-01-17,26,1612709919,Westchester Knicks,WES,Wisconsin Herd,AWAY,W,104.0,94.0,104.0,37.0,78.0,47.44,23.0,43.0,53.49,14.0,35.0,40.0,9.0,13.0,69.23,10.0,30.0,40.0,19.0,7.0,6.0,14.0,13.0,42.0,6.0,18.0,31.0,7.0
2022500182,2025-26,2026-01-19,27,1612709919,Westchester Knicks,WES,Wisconsin Herd,AWAY,L,103.0,114.0,103.0,37.0,90.0,41.11,25.0,50.0,50.0,12.0,40.0,30.0,9.0,13.0,69.23,18.0,37.0,55.0,16.0,7.0,6.0,20.0,13.0,44.0,22.0,8.0,35.0,12.0
2022500199,2025-26,2026-01-23,28,1612709919,Westchester Knicks,WES,Windy City Bulls,HOME,W,114.0,104.0,114.0,42.0,85.0,49.41,22.0,31.0,70.97,20.0,54.0,37.04,5.0,11.0,45.45,16.0,40.0,56.0,29.0,9.0,7.0,21.0,16.0,40.0,14.0,17.0,35.0,15.0
2022500204,2025-26,2026-01-24,29,1612709919,Westchester Knicks,WES,Osceola Magic,HOME,L,103.0,124.0,103.0,34.0,77.0,44.16,21.0,40.0,52.5,13.0,37.0,35.14,12.0,18.0,66.67,11.0,23.0,34.0,20.0,8.0,9.0,20.0,17.0,36.0,19.0,18.0,57.0,5.0
2022500232,2025-26,2026-01-29,30,1612709919,Westchester Knicks,WES,Osceola Magic,AWAY,L,102.0,110.0,102.0,42.0,93.0,45.16,30.0,45.0,66.67,12.0,48.0,25.0,4.0,9.0,44.44,14.0,25.0,39.0,25.0,8.0,5.0,13.0,13.0,54.0,23.0,23.0,14.0,2.0
2022500242,2025-26,2026-01-31,31,1612709919,Westchester Knicks,WES,Maine Celtics,AWAY,L,98.0,108.0,98.0,37.0,85.0,43.53,23.0,42.0,54.76,14.0,43.0,32.56,4.0,8.0,50.0,13.0,35.0,48.0,24.0,5.0,5.0,18.0,10.0,44.0,18.0,7.0,21.0,4.0
2022500250,2025-26,2026-02-01,32,1612709919,Westchester Knicks,WES,Maine Celtics,AWAY,W,117.0,110.0,117.0,40.0,82.0,48.78,23.0,40.0,57.5,17.0,42.0,40.48,13.0,16.0,81.25,10.0,37.0,47.0,25.0,10.0,1.0,18.0,11.0,44.0,9.0,13.0,31.0,13.0
2022500281,2025-26,2026-02-06,33,1612709919,Westchester Knicks,WES,Salt Lake City Stars,AWAY,L,107.0,131.0,107.0,34.0,87.0,39.08,17.0,36.0,47.22,17.0,51.0,33.33,16.0,20.0,80.0,17.0,31.0,48.0,19.0,8.0,3.0,16.0,11.0,32.0,12.0,13.0,38.0,25.0
2022500290,2025-26,2026-02-07,34,1612709919,Westchester Knicks,WES,Salt Lake City Stars,AWAY,L,124.0,132.0,124.0,46.0,90.0,51.11,25.0,38.0,65.79,21.0,52.0,40.38,7.0,13.0,53.85,10.0,32.0,42.0,30.0,6.0,7.0,12.0,13.0,48.0,15.0,15.0,22.0,24.0
2022500303,2025-26,2026-02-10,35,1612709919,Westchester Knicks,WES,Valley Suns,AWAY,L,104.0,106.0,104.0,40.0,88.0,45.45,32.0,50.0,64.0,8.0,38.0,21.05,9.0,14.0,64.29,16.0,28.0,44.0,15.0,11.0,10.0,23.0,21.0,62.0,23.0,26.0,29.0,10.0
2022500326,2025-26,2026-02-19,36,1612709919,Westchester Knicks,WES,Grand Rapids Gold,HOME,W,124.0,119.0,124.0,41.0,97.0,42.27,23.0,42.0,54.76,18.0,55.0,32.73,13.0,14.0,92.86,16.0,34.0,50.0,29.0,9.0,9.0,15.0,18.0,38.0,19.0,21.0,43.0,14.0
2022500339,2025-26,2026-02-21,37,1612709919,Westchester Knicks,WES,Cleveland Charge,HOME,W,122.0,114.0,122.0,42.0,88.0,47.73,23.0,36.0,63.89,19.0,52.0,36.54,10.0,13.0,76.92,13.0,31.0,44.0,30.0,12.0,7.0,17.0,19.0,42.0,6.0,26.0,43.0,11.0
2022500375,2025-26,2026-02-26,38,1612709919,Westchester Knicks,WES,Capital City Go-Go,HOME,W,124.0,112.0,124.0,43.0,92.0,46.74,26.0,44.0,59.09,17.0,48.0,35.42,10.0,15.0,66.67,13.0,29.0,42.0,29.0,11.0,6.0,9.0,17.0,42.0,23.0,20.0,45.0,11.0
2022500391,2025-26,2026-03-01,39,1612709919,Westchester Knicks,WES,Long Island Nets,AWAY,L,111.0,117.0,111.0,35.0,89.0,39.33,21.0,55.0,38.18,14.0,34.0,41.18,13.0,17.0,76.47,13.0,33.0,46.0,24.0,7.0,9.0,12.0,16.0,36.0,22.0,12.0,49.0,12.0
2022500405,2025-26,2026-03-04,40,1612709919,Westchester Knicks,WES,Delaware Blue Coats,AWAY,L,122.0,125.0,122.0,45.0,101.0,44.55,34.0,62.0,54.84,11.0,39.0,28.21,14.0,18.0,77.78,23.0,26.0,49.0,26.0,10.0,6.0,16.0,16.0,60.0,23.0,13.0,22.0,17.0
2022500415,2025-26,2026-03-06,41,1612709919,Westchester Knicks,WES,Delaware Blue Coats,AWAY,W,132.0,120.0,132.0,44.0,95.0,46.32,28.0,60.0,46.67,16.0,35.0,45.71,16.0,16.0,100.0,15.0,34.0,49.0,31.0,9.0,3.0,13.0,12.0,50.0,24.0,13.0,36.0,9.0
2022500451,2025-26,2026-03-12,42,1612709919,Westchester Knicks,WES,Raptors 905,HOME,L,120.0,124.0,120.0,41.0,93.0,44.09,25.0,44.0,56.82,16.0,49.0,32.65,12.0,20.0,60.0,13.0,37.0,50.0,28.0,9.0,6.0,11.0,15.0,44.0,19.0,21.0,29.0,6.0
2022500463,2025-26,2026-03-14,43,1612709919,Westchester Knicks,WES,Noblesville Boom,AWAY,L,115.0,141.0,115.0,43.0,98.0,43.88,31.0,58.0,53.45,12.0,40.0,30.0,8.0,12.0,66.67,15.0,31.0,46.0,34.0,12.0,4.0,20.0,16.0,60.0,17.0,18.0,40.0,36.0
2022500469,2025-26,2026-03-15,44,1612709919,Westchester Knicks,WES,Noblesville Boom,AWAY,W,120.0,110.0,120.0,43.0,81.0,53.09,25.0,39.0,64.1,18.0,42.0,42.86,9.0,13.0,69.23,13.0,35.0,48.0,29.0,6.0,5.0,16.0,11.0,46.0,23.0,10.0,43.0,13.0
2022500356,2025-26,2026-03-17,45,1612709919,Westchester Knicks,WES,Cleveland Charge,HOME,L,107.0,122.0,107.0,41.0,87.0,47.13,28.0,52.0,53.85,13.0,35.0,37.14,7.0,17.0,41.18,13.0,32.0,45.0,25.0,3.0,3.0,10.0,6.0,50.0,13.0,10.0,28.0,11.0
2022500493,2025-26,2026-03-19,46,1612709919,Westchester Knicks,WES,College Park Skyhawks,HOME,L,121.0,128.0,121.0,44.0,96.0,45.83,25.0,49.0,51.02,19.0,47.0,40.43,9.0,11.0,81.82,13.0,26.0,39.0,31.0,8.0,11.0,20.0,19.0,48.0,20.0,19.0,35.0,11.0
2022500503,2025-26,2026-03-21,47,1612709919,Westchester Knicks,WES,College Park Skyhawks,HOME,L,98.0,129.0,98.0,40.0,89.0,44.94,29.0,48.0,60.42,11.0,41.0,26.83,4.0,13.0,30.77,15.0,30.0,45.0,23.0,8.0,10.0,21.0,18.0,56.0,25.0,16.0,44.0,13.0
2022500515,2025-26,2026-03-22,48,1612709919,Westchester Knicks,WES,Greensboro Swarm,HOME,W,141.0,131.0,141.0,50.0,96.0,52.08,27.0,46.0,58.7,23.0,50.0,46.0,11.0,15.0,73.33,12.0,40.0,52.0,39.0,6.0,7.0,14.0,13.0,50.0,18.0,14.0,36.0,25.0
2022500523,2025-26,2026-03-24,49,1612709919,Westchester Knicks,WES,Long Island Nets,AWAY,W,114.0,104.0,114.0,45.0,90.0,50.0,36.0,60.0,60.0,9.0,30.0,30.0,10.0,14.0,71.43,15.0,37.0,52.0,29.0,10.0,9.0,21.0,19.0,70.0,12.0,21.0,29.0,29.0
2022500547,2025-26,2026-03-28,50,1612709919,Westchester Knicks,WES,Windy City Bulls,HOME,W,123.0,121.0,123.0,46.0,95.0,48.42,28.0,50.0,56.0,18.0,45.0,40.0,7.0,13.0,53.85,11.0,41.0,52.0,30.0,5.0,7.0,15.0,12.0,54.0,13.0,0.0,22.0,17.0
2052500018,2025-26,2025-11-08,1,1612709923,Windy City Bulls,WCB,Wisconsin Herd,HOME,W,110.0,107.0,110.0,41.0,98.0,41.84,33.0,69.0,47.83,8.0,29.0,27.59,14.0,28.0,50.0,20.0,43.0,63.0,23.0,5.0,8.0,12.0,13.0,62.0,15.0,23.0,45.0,11.0
2052500030,2025-26,2025-11-11,2,1612709923,Windy City Bulls,WCB,Wisconsin Herd,AWAY,W,127.0,114.0,127.0,44.0,90.0,48.89,34.0,61.0,55.74,10.0,29.0,34.48,18.0,25.0,72.0,17.0,34.0,51.0,24.0,9.0,7.0,18.0,16.0,66.0,25.0,20.0,48.0,12.0
2052500060,2025-26,2025-11-16,3,1612709923,Windy City Bulls,WCB,Sioux Falls Skyforce,HOME,W,152.0,112.0,152.0,55.0,102.0,53.92,38.0,66.0,57.58,17.0,36.0,47.22,16.0,20.0,80.0,18.0,43.0,61.0,36.0,14.0,6.0,28.0,20.0,70.0,14.0,39.0,58.0,22.0
2052500077,2025-26,2025-11-20,4,1612709923,Windy City Bulls,WCB,Iowa Wolves,AWAY,W,144.0,140.0,144.0,48.0,92.0,52.17,30.0,55.0,54.55,18.0,37.0,48.65,20.0,22.0,90.91,9.0,31.0,40.0,33.0,5.0,8.0,17.0,13.0,58.0,15.0,24.0,14.0,6.0
2052500082,2025-26,2025-11-21,5,1612709923,Windy City Bulls,WCB,Iowa Wolves,AWAY,L,128.0,156.0,128.0,44.0,98.0,44.9,35.0,64.0,54.69,9.0,34.0,26.47,18.0,26.0,69.23,15.0,32.0,47.0,26.0,8.0,6.0,17.0,14.0,64.0,23.0,22.0,46.0,18.0
2052500109,2025-26,2025-11-26,6,1612709923,Windy City Bulls,WCB,Sioux Falls Skyforce,HOME,L,122.0,129.0,122.0,41.0,89.0,46.07,32.0,53.0,60.38,9.0,36.0,25.0,16.0,21.0,76.19,11.0,35.0,46.0,27.0,10.0,5.0,21.0,15.0,62.0,11.0,25.0,38.0,21.0
2052500114,2025-26,2025-11-28,7,1612709923,Windy City Bulls,WCB,Cleveland Charge,HOME,W,142.0,135.0,142.0,51.0,91.0,56.04,43.0,71.0,60.56,8.0,20.0,40.0,21.0,24.0,87.5,13.0,38.0,51.0,32.0,8.0,9.0,21.0,17.0,86.0,14.0,22.0,48.0,30.0
2052500128,2025-26,2025-11-30,8,1612709923,Windy City Bulls,WCB,Cleveland Charge,HOME,L,117.0,135.0,117.0,39.0,96.0,40.62,27.0,56.0,48.21,12.0,40.0,30.0,16.0,23.0,69.57,21.0,29.0,50.0,20.0,8.0,7.0,16.0,15.0,54.0,23.0,11.0,26.0,4.0
2052500155,2025-26,2025-12-05,9,1612709923,Windy City Bulls,WCB,Motor City Cruise,HOME,L,118.0,129.0,118.0,39.0,87.0,44.83,26.0,56.0,46.43,13.0,31.0,41.94,18.0,23.0,78.26,8.0,29.0,37.0,25.0,6.0,8.0,14.0,14.0,48.0,10.0,6.0,39.0,17.0
2052500161,2025-26,2025-12-06,10,1612709923,Windy City Bulls,WCB,Motor City Cruise,HOME,L,126.0,128.0,126.0,43.0,79.0,54.43,32.0,50.0,64.0,11.0,29.0,37.93,19.0,28.0,67.86,10.0,31.0,41.0,29.0,10.0,10.0,24.0,20.0,64.0,13.0,33.0,28.0,8.0
2052500170,2025-26,2025-12-09,11,1612709923,Windy City Bulls,WCB,Grand Rapids Gold,AWAY,L,129.0,142.0,129.0,49.0,105.0,46.67,40.0,72.0,55.56,9.0,33.0,27.27,12.0,15.0,80.0,17.0,37.0,54.0,22.0,9.0,3.0,14.0,12.0,72.0,32.0,21.0,32.0,8.0
2052500181,2025-26,2025-12-11,12,1612709923,Windy City Bulls,WCB,Grand Rapids Gold,AWAY,W,139.0,134.0,139.0,53.0,104.0,50.96,42.0,72.0,58.33,11.0,32.0,34.38,14.0,20.0,70.0,13.0,38.0,51.0,35.0,5.0,2.0,11.0,7.0,74.0,19.0,10.0,49.0,14.0
2052500196,2025-26,2025-12-13,13,1612709923,Windy City Bulls,WCB,Noblesville Boom,AWAY,L,114.0,130.0,114.0,37.0,79.0,46.84,30.0,49.0,61.22,7.0,30.0,23.33,19.0,21.0,90.48,12.0,34.0,46.0,21.0,6.0,6.0,21.0,12.0,58.0,16.0,12.0,36.0,12.0
2052500206,2025-26,2025-12-14,14,1612709923,Windy City Bulls,WCB,Noblesville Boom,AWAY,W,137.0,134.0,137.0,47.0,83.0,56.63,32.0,52.0,61.54,15.0,31.0,48.39,16.0,24.0,66.67,12.0,34.0,46.0,25.0,7.0,3.0,17.0,10.0,60.0,18.0,17.0,24.0,14.0
2022500014,2025-26,2025-12-20,15,1612709923,Windy City Bulls,WCB,Memphis Hustle,HOME,W,110.0,102.0,110.0,40.0,84.0,47.62,27.0,52.0,51.92,13.0,32.0,40.62,10.0,16.0,62.5,14.0,36.0,50.0,30.0,9.0,4.0,19.0,13.0,50.0,23.0,11.0,32.0,13.0
2022500028,2025-26,2025-12-22,16,1612709923,Windy City Bulls,WCB,Rip City Remix,AWAY,L,119.0,121.0,119.0,47.0,92.0,51.09,36.0,61.0,59.02,11.0,31.0,35.48,9.0,10.0,90.0,9.0,37.0,46.0,31.0,8.0,3.0,17.0,11.0,70.0,13.0,17.0,21.0,21.0
2022500036,2025-26,2025-12-27,17,1612709923,Windy City Bulls,WCB,Motor City Cruise,AWAY,W,116.0,101.0,116.0,42.0,93.0,45.16,33.0,63.0,52.38,9.0,30.0,30.0,12.0,13.0,92.31,17.0,36.0,53.0,20.0,8.0,4.0,17.0,12.0,62.0,18.0,21.0,17.0,28.0
2022500056,2025-26,2025-12-29,18,1612709923,Windy City Bulls,WCB,Motor City Cruise,AWAY,L,117.0,138.0,117.0,41.0,85.0,48.24,30.0,48.0,62.5,11.0,37.0,29.73,14.0,22.0,63.64,8.0,20.0,28.0,27.0,10.0,1.0,8.0,11.0,52.0,16.0,22.0,14.0,12.0
2022500077,2025-26,2026-01-02,19,1612709923,Windy City Bulls,WCB,Osceola Magic,HOME,W,128.0,121.0,128.0,42.0,84.0,50.0,28.0,57.0,49.12,14.0,27.0,51.85,15.0,19.0,78.95,12.0,34.0,46.0,25.0,8.0,6.0,29.0,14.0,54.0,16.0,22.0,21.0,24.0
2022500085,2025-26,2026-01-03,20,1612709923,Windy City Bulls,WCB,Osceola Magic,HOME,L,114.0,130.0,114.0,38.0,78.0,48.72,23.0,37.0,62.16,15.0,41.0,36.59,14.0,17.0,82.35,11.0,28.0,39.0,25.0,4.0,7.0,17.0,11.0,40.0,20.0,14.0,15.0,11.0
2022500112,2025-26,2026-01-08,21,1612709923,Windy City Bulls,WCB,Delaware Blue Coats,HOME,L,131.0,141.0,131.0,47.0,97.0,48.45,34.0,66.0,51.52,13.0,31.0,41.94,15.0,21.0,71.43,9.0,27.0,36.0,28.0,14.0,5.0,13.0,19.0,68.0,16.0,21.0,18.0,20.0
2022500128,2025-26,2026-01-10,22,1612709923,Windy City Bulls,WCB,Delaware Blue Coats,HOME,W,129.0,126.0,129.0,51.0,91.0,56.04,44.0,68.0,64.71,7.0,23.0,30.43,13.0,17.0,76.47,11.0,42.0,53.0,27.0,5.0,4.0,18.0,9.0,80.0,13.0,18.0,28.0,16.0
2022500136,2025-26,2026-01-11,23,1612709923,Windy City Bulls,WCB,Noblesville Boom,HOME,L,120.0,128.0,120.0,44.0,91.0,48.35,34.0,65.0,52.31,10.0,26.0,38.46,12.0,16.0,75.0,14.0,34.0,48.0,27.0,8.0,2.0,16.0,10.0,66.0,14.0,23.0,29.0,19.0
2022500157,2025-26,2026-01-15,24,1612709923,Windy City Bulls,WCB,San Diego Clippers,AWAY,W,131.0,104.0,131.0,47.0,85.0,55.29,34.0,53.0,64.15,13.0,32.0,40.62,13.0,18.0,72.22,8.0,46.0,54.0,30.0,9.0,2.0,14.0,11.0,68.0,13.0,23.0,31.0,16.0
2022500199,2025-26,2026-01-23,25,1612709923,Windy City Bulls,WCB,Westchester Knicks,AWAY,L,104.0,114.0,104.0,37.0,92.0,40.22,26.0,60.0,43.33,11.0,32.0,34.38,11.0,15.0,73.33,12.0,25.0,37.0,22.0,14.0,1.0,12.0,15.0,48.0,12.0,23.0,28.0,24.0
2022500220,2025-26,2026-01-26,26,1612709923,Windy City Bulls,WCB,Oklahoma City Blue,AWAY,W,116.0,103.0,116.0,41.0,99.0,41.41,25.0,54.0,46.3,16.0,45.0,35.56,9.0,14.0,64.29,20.0,38.0,58.0,21.0,9.0,7.0,15.0,16.0,46.0,18.0,20.0,23.0,12.0
2022500226,2025-26,2026-01-28,27,1612709923,Windy City Bulls,WCB,Oklahoma City Blue,AWAY,W,123.0,102.0,123.0,44.0,90.0,48.89,28.0,48.0,58.33,16.0,42.0,38.1,10.0,15.0,66.67,12.0,35.0,47.0,28.0,9.0,10.0,13.0,19.0,54.0,7.0,14.0,31.0,16.0
2022500236,2025-26,2026-01-30,28,1612709923,Windy City Bulls,WCB,Greensboro Swarm,AWAY,W,115.0,110.0,115.0,41.0,102.0,40.2,32.0,66.0,48.48,9.0,36.0,25.0,14.0,17.0,82.35,14.0,48.0,62.0,23.0,8.0,8.0,11.0,16.0,64.0,14.0,13.0,25.0,16.0
2022500243,2025-26,2026-02-02,29,1612709923,Windy City Bulls,WCB,Greensboro Swarm,AWAY,L,103.0,126.0,103.0,37.0,94.0,39.36,23.0,57.0,40.35,14.0,37.0,37.84,9.0,12.0,75.0,15.0,30.0,45.0,25.0,4.0,5.0,10.0,9.0,38.0,17.0,6.0,34.0,7.0
2022500274,2025-26,2026-02-05,30,1612709923,Windy City Bulls,WCB,Long Island Nets,HOME,L,123.0,143.0,123.0,41.0,85.0,48.24,28.0,53.0,52.83,13.0,32.0,40.62,15.0,21.0,71.43,10.0,26.0,36.0,30.0,6.0,2.0,12.0,8.0,50.0,7.0,16.0,23.0,15.0
2022500280,2025-26,2026-02-06,31,1612709923,Windy City Bulls,WCB,Long Island Nets,HOME,W,133.0,127.0,133.0,42.0,89.0,47.19,26.0,56.0,46.43,16.0,33.0,48.48,18.0,23.0,78.26,13.0,32.0,45.0,27.0,5.0,1.0,11.0,6.0,48.0,20.0,23.0,25.0,14.0
2022500308,2025-26,2026-02-11,32,1612709923,Windy City Bulls,WCB,Grand Rapids Gold,HOME,L,131.0,135.0,131.0,47.0,97.0,48.45,35.0,62.0,56.45,12.0,35.0,34.29,16.0,19.0,84.21,13.0,42.0,55.0,25.0,5.0,6.0,15.0,11.0,66.0,7.0,11.0,24.0,10.0
2022500320,2025-26,2026-02-12,33,1612709923,Windy City Bulls,WCB,Grand Rapids Gold,HOME,W,116.0,111.0,116.0,43.0,106.0,40.57,31.0,63.0,49.21,12.0,43.0,27.91,12.0,16.0,75.0,18.0,38.0,56.0,27.0,7.0,3.0,10.0,10.0,58.0,23.0,14.0,18.0,22.0
2022500331,2025-26,2026-02-20,34,1612709923,Windy City Bulls,WCB,Raptors 905,HOME,L,135.0,141.0,135.0,49.0,88.0,55.68,34.0,59.0,57.63,15.0,29.0,51.72,16.0,23.0,69.57,10.0,29.0,39.0,30.0,10.0,10.0,18.0,20.0,66.0,18.0,28.0,30.0,15.0
2022500343,2025-26,2026-02-21,35,1612709923,Windy City Bulls,WCB,Raptors 905,HOME,L,138.0,141.0,138.0,49.0,88.0,55.68,36.0,48.0,75.0,13.0,40.0,32.5,21.0,26.0,80.77,7.0,28.0,35.0,27.0,3.0,4.0,12.0,7.0,72.0,11.0,11.0,32.0,13.0
2022500363,2025-26,2026-02-24,36,1612709923,Windy City Bulls,WCB,Wisconsin Herd,HOME,W,112.0,104.0,112.0,41.0,91.0,45.05,26.0,52.0,50.0,15.0,39.0,38.46,8.0,16.0,50.0,14.0,37.0,51.0,26.0,8.0,8.0,12.0,16.0,40.0,11.0,24.0,14.0,13.0
2022500378,2025-26,2026-02-27,37,1612709923,Windy City Bulls,WCB,Maine Celtics,AWAY,W,121.0,106.0,121.0,46.0,92.0,50.0,31.0,56.0,55.36,15.0,36.0,41.67,7.0,10.0,70.0,12.0,28.0,40.0,28.0,11.0,2.0,11.0,13.0,58.0,14.0,16.0,28.0,2.0
2022500388,2025-26,2026-03-01,38,1612709923,Windy City Bulls,WCB,Maine Celtics,AWAY,L,97.0,122.0,97.0,38.0,92.0,41.3,27.0,52.0,51.92,11.0,40.0,27.5,5.0,11.0,45.45,12.0,24.0,36.0,30.0,16.0,7.0,21.0,23.0,54.0,16.0,27.0,30.0,18.0
2022500400,2025-26,2026-03-03,39,1612709923,Windy City Bulls,WCB,Cleveland Charge,AWAY,L,105.0,148.0,105.0,34.0,71.0,47.89,25.0,44.0,56.82,9.0,27.0,33.33,17.0,25.0,68.0,9.0,27.0,36.0,15.0,10.0,3.0,22.0,13.0,48.0,17.0,11.0,18.0,8.0
2022500417,2025-26,2026-03-06,40,1612709923,Windy City Bulls,WCB,Cleveland Charge,AWAY,L,99.0,125.0,99.0,37.0,78.0,47.44,28.0,43.0,65.12,9.0,35.0,25.71,9.0,11.0,81.82,5.0,29.0,34.0,20.0,8.0,4.0,17.0,12.0,52.0,11.0,22.0,8.0,20.0
2022500429,2025-26,2026-03-08,41,1612709923,Windy City Bulls,WCB,Rio Grande Valley Vipers,HOME,L,100.0,137.0,100.0,34.0,90.0,37.78,28.0,54.0,51.85,6.0,36.0,16.67,14.0,18.0,77.78,14.0,28.0,42.0,19.0,8.0,4.0,19.0,12.0,54.0,10.0,11.0,13.0,17.0
2022500443,2025-26,2026-03-10,42,1612709923,Windy City Bulls,WCB,College Park Skyhawks,HOME,L,126.0,127.0,126.0,43.0,84.0,51.19,24.0,39.0,61.54,19.0,45.0,42.22,12.0,19.0,63.16,10.0,38.0,48.0,30.0,3.0,4.0,18.0,7.0,48.0,13.0,7.0,24.0,9.0
2022500454,2025-26,2026-03-12,43,1612709923,Windy City Bulls,WCB,Valley Suns,HOME,W,124.0,116.0,124.0,51.0,103.0,49.51,40.0,72.0,55.56,11.0,31.0,35.48,6.0,11.0,54.55,18.0,34.0,52.0,33.0,5.0,3.0,10.0,8.0,76.0,25.0,14.0,32.0,18.0
2022500466,2025-26,2026-03-14,44,1612709923,Windy City Bulls,WCB,Valley Suns,HOME,W,125.0,116.0,125.0,45.0,84.0,53.57,29.0,45.0,64.44,16.0,39.0,41.03,12.0,17.0,70.59,9.0,43.0,52.0,30.0,5.0,5.0,15.0,10.0,56.0,14.0,12.0,5.0,36.0
2022500478,2025-26,2026-03-16,45,1612709923,Windy City Bulls,WCB,Wisconsin Herd,HOME,W,116.0,115.0,116.0,36.0,77.0,46.75,27.0,48.0,56.25,9.0,29.0,31.03,19.0,25.0,76.0,8.0,39.0,47.0,19.0,3.0,7.0,14.0,10.0,50.0,8.0,13.0,8.0,18.0
2022500488,2025-26,2026-03-18,46,1612709923,Windy City Bulls,WCB,Capital City Go-Go,AWAY,L,122.0,133.0,122.0,47.0,90.0,52.22,34.0,51.0,66.67,13.0,39.0,33.33,9.0,14.0,64.29,13.0,32.0,45.0,29.0,7.0,4.0,18.0,11.0,64.0,17.0,20.0,11.0,14.0
2022500495,2025-26,2026-03-20,47,1612709923,Windy City Bulls,WCB,Capital City Go-Go,AWAY,L,143.0,154.0,143.0,48.0,89.0,53.93,32.0,49.0,65.31,16.0,40.0,40.0,16.0,23.0,69.57,8.0,27.0,35.0,30.0,8.0,4.0,9.0,12.0,64.0,11.0,18.0,12.0,14.0
2022500516,2025-26,2026-03-22,48,1612709923,Windy City Bulls,WCB,Birmingham Squadron,AWAY,L,119.0,134.0,119.0,40.0,91.0,43.96,29.0,55.0,52.73,11.0,36.0,30.56,16.0,20.0,80.0,12.0,25.0,37.0,27.0,16.0,5.0,15.0,21.0,54.0,11.0,25.0,29.0,17.0
2022500525,2025-26,2026-03-24,49,1612709923,Windy City Bulls,WCB,Birmingham Squadron,AWAY,L,133.0,134.0,133.0,46.0,91.0,50.55,30.0,49.0,61.22,16.0,42.0,38.1,15.0,20.0,75.0,7.0,41.0,48.0,27.0,8.0,4.0,16.0,12.0,60.0,7.0,21.0,36.0,17.0
2022500547,2025-26,2026-03-28,50,1612709923,Windy City Bulls,WCB,Westchester Knicks,AWAY,L,121.0,123.0,121.0,45.0,100.0,45.0,31.0,62.0,50.0,14.0,38.0,36.84,10.0,14.0,71.43,9.0,34.0,43.0,29.0,13.0,5.0,8.0,18.0,58.0,10.0,22.0,18.0,30.0
2052500018,2025-26,2025-11-08,1,1612709927,Wisconsin Herd,WIS,Windy City Bulls,AWAY,L,107.0,110.0,107.0,38.0,96.0,39.58,27.0,52.0,51.92,11.0,44.0,25.0,12.0,18.0,66.67,14.0,44.0,58.0,24.0,8.0,10.0,15.0,18.0,50.0,11.0,14.0,28.0,16.0
2052500030,2025-26,2025-11-11,2,1612709927,Wisconsin Herd,WIS,Windy City Bulls,HOME,L,114.0,127.0,114.0,41.0,98.0,41.84,29.0,57.0,50.88,12.0,41.0,29.27,14.0,16.0,87.5,12.0,26.0,38.0,22.0,11.0,7.0,14.0,18.0,56.0,16.0,27.0,61.0,10.0
2052500041,2025-26,2025-11-14,3,1612709927,Wisconsin Herd,WIS,Cleveland Charge,AWAY,L,113.0,115.0,113.0,40.0,86.0,46.51,28.0,43.0,65.12,12.0,43.0,27.91,11.0,12.0,91.67,7.0,28.0,35.0,20.0,6.0,7.0,13.0,13.0,50.0,9.0,27.0,46.0,14.0
2052500053,2025-26,2025-11-15,4,1612709927,Wisconsin Herd,WIS,Cleveland Charge,AWAY,W,110.0,109.0,110.0,40.0,81.0,49.38,20.0,43.0,46.51,20.0,38.0,52.63,6.0,8.0,75.0,5.0,28.0,33.0,25.0,8.0,10.0,15.0,18.0,38.0,8.0,17.0,53.0,0.0
2052500072,2025-26,2025-11-19,5,1612709927,Wisconsin Herd,WIS,Grand Rapids Gold,HOME,L,95.0,114.0,95.0,36.0,89.0,40.45,22.0,45.0,48.89,14.0,44.0,31.82,6.0,10.0,60.0,8.0,35.0,43.0,21.0,8.0,3.0,16.0,11.0,42.0,11.0,18.0,41.0,10.0
2052500084,2025-26,2025-11-21,6,1612709927,Wisconsin Herd,WIS,Sioux Falls Skyforce,HOME,L,121.0,135.0,121.0,45.0,85.0,52.94,29.0,38.0,76.32,16.0,47.0,34.04,10.0,14.0,71.43,10.0,25.0,35.0,30.0,11.0,6.0,17.0,17.0,54.0,23.0,15.0,64.0,8.0
2052500091,2025-26,2025-11-22,7,1612709927,Wisconsin Herd,WIS,Sioux Falls Skyforce,HOME,L,98.0,101.0,98.0,35.0,87.0,40.23,23.0,44.0,52.27,12.0,43.0,27.91,9.0,11.0,81.82,8.0,34.0,42.0,22.0,9.0,12.0,17.0,21.0,38.0,8.0,20.0,38.0,13.0
2052500104,2025-26,2025-11-25,8,1612709927,Wisconsin Herd,WIS,Motor City Cruise,AWAY,W,118.0,111.0,118.0,39.0,92.0,42.39,21.0,52.0,40.38,18.0,40.0,45.0,13.0,17.0,76.47,15.0,21.0,36.0,24.0,16.0,6.0,13.0,22.0,42.0,23.0,36.0,40.0,8.0
2052500126,2025-26,2025-11-30,9,1612709927,Wisconsin Herd,WIS,Noblesville Boom,AWAY,L,109.0,111.0,109.0,43.0,83.0,51.81,31.0,53.0,58.49,12.0,30.0,40.0,6.0,13.0,46.15,7.0,36.0,43.0,28.0,9.0,7.0,12.0,16.0,56.0,10.0,11.0,53.0,21.0
2052500140,2025-26,2025-12-03,10,1612709927,Wisconsin Herd,WIS,Motor City Cruise,AWAY,W,114.0,112.0,114.0,42.0,81.0,51.85,26.0,45.0,57.78,16.0,36.0,44.44,11.0,12.0,91.67,9.0,29.0,38.0,23.0,7.0,11.0,17.0,18.0,46.0,18.0,20.0,61.0,11.0
2052500182,2025-26,2025-12-11,11,1612709927,Wisconsin Herd,WIS,Noblesville Boom,AWAY,L,98.0,118.0,98.0,38.0,92.0,41.3,30.0,59.0,50.85,8.0,33.0,24.24,8.0,12.0,66.67,17.0,24.0,41.0,17.0,14.0,3.0,20.0,17.0,54.0,20.0,37.0,49.0,14.0
2052500194,2025-26,2025-12-13,12,1612709927,Wisconsin Herd,WIS,Grand Rapids Gold,HOME,L,103.0,107.0,103.0,40.0,92.0,43.48,28.0,52.0,53.85,12.0,40.0,30.0,6.0,10.0,60.0,9.0,33.0,42.0,23.0,9.0,4.0,10.0,13.0,50.0,16.0,18.0,55.0,19.0
2052500201,2025-26,2025-12-14,13,1612709927,Wisconsin Herd,WIS,Iowa Wolves,HOME,W,107.0,102.0,107.0,35.0,79.0,44.3,26.0,50.0,52.0,9.0,29.0,31.03,18.0,22.0,81.82,10.0,25.0,35.0,14.0,4.0,5.0,12.0,9.0,44.0,9.0,19.0,16.0,12.0
2052500213,2025-26,2025-12-16,14,1612709927,Wisconsin Herd,WIS,Iowa Wolves,HOME,L,108.0,110.0,108.0,39.0,92.0,42.39,28.0,58.0,48.28,11.0,34.0,32.35,12.0,18.0,66.67,12.0,22.0,34.0,24.0,16.0,5.0,13.0,21.0,54.0,11.0,33.0,45.0,25.0
2022500022,2025-26,2025-12-21,15,1612709927,Wisconsin Herd,WIS,South Bay Lakers,AWAY,L,119.0,131.0,119.0,44.0,87.0,50.57,26.0,46.0,56.52,18.0,41.0,43.9,7.0,7.0,100.0,9.0,28.0,37.0,28.0,13.0,2.0,19.0,15.0,52.0,23.0,23.0,37.0,11.0
2022500031,2025-26,2025-12-22,16,1612709927,Wisconsin Herd,WIS,Rio Grande Valley Vipers,HOME,L,103.0,118.0,103.0,39.0,84.0,46.43,26.0,47.0,55.32,13.0,37.0,35.14,7.0,7.0,100.0,6.0,27.0,33.0,27.0,5.0,3.0,12.0,8.0,48.0,8.0,21.0,27.0,8.0
2022500035,2025-26,2025-12-27,17,1612709927,Wisconsin Herd,WIS,Grand Rapids Gold,AWAY,L,111.0,125.0,111.0,39.0,88.0,44.32,23.0,46.0,50.0,16.0,42.0,38.1,9.0,12.0,75.0,10.0,25.0,35.0,22.0,9.0,6.0,8.0,15.0,28.0,13.0,18.0,49.0,6.0
2022500058,2025-26,2025-12-30,18,1612709927,Wisconsin Herd,WIS,Cleveland Charge,AWAY,L,107.0,115.0,107.0,35.0,86.0,40.7,24.0,45.0,53.33,11.0,41.0,26.83,18.0,20.0,90.0,13.0,32.0,45.0,20.0,8.0,4.0,13.0,12.0,36.0,9.0,15.0,35.0,2.0
2022500088,2025-26,2026-01-03,19,1612709927,Wisconsin Herd,WIS,Stockton Kings,AWAY,W,89.0,87.0,89.0,31.0,82.0,37.8,18.0,50.0,36.0,13.0,32.0,40.62,10.0,12.0,83.33,13.0,31.0,44.0,17.0,17.0,7.0,15.0,24.0,34.0,18.0,14.0,35.0,6.0
2022500095,2025-26,2026-01-05,20,1612709927,Wisconsin Herd,WIS,College Park Skyhawks,HOME,W,116.0,98.0,116.0,39.0,77.0,50.65,24.0,47.0,51.06,15.0,30.0,50.0,14.0,18.0,77.78,10.0,39.0,49.0,27.0,6.0,3.0,18.0,9.0,46.0,12.0,16.0,51.0,13.0
2022500108,2025-26,2026-01-08,21,1612709927,Wisconsin Herd,WIS,Long Island Nets,AWAY,W,108.0,101.0,108.0,40.0,79.0,50.63,26.0,52.0,50.0,14.0,27.0,51.85,11.0,17.0,64.71,10.0,36.0,46.0,32.0,9.0,5.0,19.0,14.0,44.0,12.0,19.0,48.0,10.0
2022500114,2025-26,2026-01-09,22,1612709927,Wisconsin Herd,WIS,Long Island Nets,AWAY,L,112.0,121.0,112.0,36.0,75.0,48.0,23.0,37.0,62.16,13.0,38.0,34.21,16.0,23.0,69.57,4.0,23.0,27.0,30.0,8.0,2.0,9.0,10.0,38.0,11.0,17.0,18.0,14.0
2022500130,2025-26,2026-01-11,23,1612709927,Wisconsin Herd,WIS,Grand Rapids Gold,AWAY,W,109.0,95.0,109.0,40.0,77.0,51.95,25.0,40.0,62.5,15.0,37.0,40.54,8.0,8.0,100.0,7.0,43.0,50.0,28.0,11.0,5.0,24.0,16.0,48.0,5.0,19.0,18.0,8.0
2022500146,2025-26,2026-01-14,24,1612709927,Wisconsin Herd,WIS,Maine Celtics,HOME,L,106.0,114.0,106.0,39.0,77.0,50.65,27.0,50.0,54.0,12.0,27.0,44.44,8.0,9.0,88.89,10.0,33.0,43.0,28.0,7.0,3.0,19.0,10.0,50.0,14.0,14.0,27.0,10.0
2022500159,2025-26,2026-01-16,25,1612709927,Wisconsin Herd,WIS,Maine Celtics,HOME,W,113.0,98.0,113.0,39.0,79.0,49.37,26.0,45.0,57.78,13.0,34.0,38.24,12.0,13.0,92.31,11.0,40.0,51.0,29.0,10.0,1.0,20.0,11.0,42.0,10.0,21.0,37.0,28.0
2022500166,2025-26,2026-01-17,26,1612709927,Wisconsin Herd,WIS,Westchester Knicks,HOME,L,94.0,104.0,94.0,35.0,74.0,47.3,25.0,49.0,51.02,10.0,25.0,40.0,8.0,13.0,61.54,8.0,25.0,33.0,22.0,9.0,3.0,16.0,12.0,38.0,8.0,14.0,30.0,15.0
2022500182,2025-26,2026-01-19,27,1612709927,Wisconsin Herd,WIS,Westchester Knicks,HOME,W,114.0,103.0,114.0,39.0,82.0,47.56,23.0,44.0,52.27,16.0,38.0,42.11,12.0,16.0,75.0,3.0,31.0,34.0,29.0,14.0,9.0,10.0,23.0,36.0,10.0,28.0,25.0,26.0
2022500191,2025-26,2026-01-22,28,1612709927,Wisconsin Herd,WIS,Noblesville Boom,HOME,L,90.0,95.0,90.0,34.0,78.0,43.59,22.0,46.0,47.83,12.0,32.0,37.5,6.0,8.0,75.0,13.0,39.0,52.0,23.0,9.0,6.0,26.0,15.0,44.0,15.0,13.0,27.0,14.0
2022500209,2025-26,2026-01-24,29,1612709927,Wisconsin Herd,WIS,Noblesville Boom,HOME,L,115.0,117.0,115.0,37.0,76.0,48.68,23.0,43.0,53.49,14.0,33.0,42.42,16.0,20.0,80.0,5.0,30.0,35.0,21.0,11.0,1.0,19.0,12.0,42.0,13.0,23.0,38.0,8.0
2022500235,2025-26,2026-01-30,30,1612709927,Wisconsin Herd,WIS,Capital City Go-Go,AWAY,W,124.0,99.0,124.0,45.0,85.0,52.94,22.0,40.0,55.0,23.0,45.0,51.11,6.0,7.0,85.71,10.0,29.0,39.0,29.0,11.0,2.0,14.0,13.0,40.0,20.0,28.0,40.0,11.0
2022500244,2025-26,2026-01-31,31,1612709927,Wisconsin Herd,WIS,Capital City Go-Go,AWAY,L,98.0,110.0,98.0,39.0,86.0,45.35,24.0,41.0,58.54,15.0,45.0,33.33,4.0,7.0,57.14,9.0,27.0,36.0,21.0,11.0,4.0,15.0,15.0,44.0,12.0,15.0,16.0,13.0
2022500272,2025-26,2026-02-05,32,1612709927,Wisconsin Herd,WIS,Delaware Blue Coats,AWAY,L,103.0,105.0,103.0,35.0,81.0,43.21,20.0,43.0,46.51,15.0,38.0,39.47,10.0,10.0,100.0,9.0,29.0,38.0,25.0,7.0,12.0,16.0,19.0,36.0,14.0,13.0,37.0,13.0
2022500285,2025-26,2026-02-07,33,1612709927,Wisconsin Herd,WIS,Delaware Blue Coats,AWAY,L,94.0,99.0,94.0,33.0,87.0,37.93,24.0,46.0,52.17,9.0,41.0,21.95,10.0,10.0,100.0,12.0,34.0,46.0,18.0,11.0,6.0,13.0,17.0,44.0,19.0,19.0,37.0,2.0
2022500296,2025-26,2026-02-09,34,1612709927,Wisconsin Herd,WIS,Birmingham Squadron,HOME,L,89.0,104.0,89.0,33.0,85.0,38.82,21.0,49.0,42.86,12.0,36.0,33.33,7.0,8.0,87.5,4.0,36.0,40.0,24.0,8.0,5.0,16.0,13.0,28.0,8.0,12.0,45.0,15.0
2022500301,2025-26,2026-02-10,35,1612709927,Wisconsin Herd,WIS,Birmingham Squadron,HOME,L,110.0,124.0,110.0,40.0,95.0,42.11,18.0,45.0,40.0,22.0,50.0,44.0,6.0,10.0,60.0,13.0,34.0,47.0,28.0,6.0,2.0,11.0,8.0,24.0,13.0,7.0,24.0,7.0
2022500335,2025-26,2026-02-20,36,1612709927,Wisconsin Herd,WIS,Greensboro Swarm,HOME,L,105.0,116.0,105.0,36.0,87.0,41.38,22.0,49.0,44.9,14.0,38.0,36.84,10.0,13.0,76.92,9.0,28.0,37.0,27.0,11.0,6.0,11.0,17.0,34.0,15.0,11.0,39.0,14.0
2022500344,2025-26,2026-02-21,37,1612709927,Wisconsin Herd,WIS,Greensboro Swarm,HOME,L,104.0,129.0,104.0,36.0,84.0,42.86,22.0,41.0,53.66,14.0,43.0,32.56,11.0,14.0,78.57,6.0,26.0,32.0,23.0,6.0,7.0,15.0,13.0,40.0,8.0,14.0,33.0,21.0
2022500363,2025-26,2026-02-24,38,1612709927,Wisconsin Herd,WIS,Windy City Bulls,AWAY,L,104.0,112.0,104.0,40.0,91.0,43.96,29.0,59.0,49.15,11.0,32.0,34.38,9.0,13.0,69.23,12.0,37.0,49.0,27.0,11.0,3.0,17.0,14.0,56.0,11.0,22.0,20.0,17.0
2022500376,2025-26,2026-02-26,39,1612709927,Wisconsin Herd,WIS,Memphis Hustle,AWAY,L,97.0,117.0,97.0,41.0,98.0,41.84,33.0,62.0,53.23,8.0,36.0,22.22,4.0,5.0,80.0,10.0,31.0,41.0,17.0,9.0,7.0,8.0,16.0,60.0,8.0,8.0,39.0,21.0
2022500380,2025-26,2026-02-27,40,1612709927,Wisconsin Herd,WIS,Memphis Hustle,AWAY,W,134.0,126.0,134.0,47.0,80.0,58.75,33.0,50.0,66.0,14.0,30.0,46.67,18.0,20.0,90.0,11.0,36.0,47.0,28.0,3.0,7.0,17.0,10.0,60.0,11.0,15.0,33.0,17.0
2022500419,2025-26,2026-03-06,41,1612709927,Wisconsin Herd,WIS,Mexico City Capitanes,HOME,L,104.0,116.0,104.0,42.0,76.0,55.26,30.0,45.0,66.67,12.0,31.0,38.71,6.0,10.0,60.0,8.0,26.0,34.0,29.0,7.0,4.0,15.0,11.0,60.0,8.0,21.0,30.0,11.0
2022500426,2025-26,2026-03-07,42,1612709927,Wisconsin Herd,WIS,Mexico City Capitanes,HOME,L,97.0,116.0,97.0,40.0,79.0,50.63,29.0,44.0,65.91,11.0,35.0,31.43,4.0,11.0,36.36,12.0,32.0,44.0,25.0,6.0,2.0,17.0,8.0,56.0,16.0,12.0,42.0,12.0
2022500436,2025-26,2026-03-09,43,1612709927,Wisconsin Herd,WIS,Valley Suns,HOME,W,109.0,103.0,109.0,40.0,87.0,45.98,24.0,47.0,51.06,16.0,40.0,40.0,9.0,11.0,81.82,9.0,38.0,47.0,26.0,9.0,7.0,15.0,16.0,44.0,13.0,19.0,48.0,11.0
2022500447,2025-26,2026-03-11,44,1612709927,Wisconsin Herd,WIS,Osceola Magic,AWAY,L,113.0,126.0,113.0,38.0,80.0,47.5,21.0,45.0,46.67,17.0,35.0,48.57,11.0,15.0,73.33,4.0,21.0,25.0,25.0,11.0,3.0,10.0,14.0,34.0,8.0,29.0,30.0,11.0
2022500478,2025-26,2026-03-16,45,1612709927,Wisconsin Herd,WIS,Windy City Bulls,AWAY,L,115.0,116.0,115.0,42.0,97.0,43.3,31.0,65.0,47.69,11.0,32.0,34.38,13.0,18.0,72.22,12.0,34.0,46.0,31.0,7.0,8.0,9.0,15.0,58.0,12.0,15.0,43.0,24.0
2022500499,2025-26,2026-03-20,46,1612709927,Wisconsin Herd,WIS,Motor City Cruise,HOME,L,105.0,123.0,105.0,35.0,81.0,43.21,24.0,51.0,47.06,11.0,30.0,36.67,13.0,23.0,56.52,11.0,30.0,41.0,21.0,10.0,3.0,18.0,13.0,46.0,19.0,21.0,56.0,28.0
2022500508,2025-26,2026-03-21,47,1612709927,Wisconsin Herd,WIS,Motor City Cruise,HOME,L,108.0,113.0,108.0,40.0,100.0,40.0,29.0,62.0,46.77,11.0,38.0,28.95,9.0,12.0,75.0,19.0,33.0,52.0,19.0,11.0,10.0,8.0,21.0,54.0,17.0,27.0,19.0,23.0
2022500522,2025-26,2026-03-23,48,1612709927,Wisconsin Herd,WIS,College Park Skyhawks,HOME,L,114.0,117.0,114.0,39.0,88.0,44.32,26.0,50.0,52.0,13.0,38.0,34.21,16.0,21.0,76.19,9.0,33.0,42.0,27.0,7.0,9.0,16.0,16.0,50.0,16.0,14.0,36.0,10.0
2022500535,2025-26,2026-03-26,49,1612709927,Wisconsin Herd,WIS,Raptors 905,AWAY,W,106.0,104.0,106.0,38.0,82.0,46.34,29.0,55.0,52.73,9.0,27.0,33.33,12.0,15.0,80.0,12.0,43.0,55.0,23.0,4.0,12.0,16.0,16.0,48.0,8.0,9.0,18.0,16.0
2022500550,2025-26,2026-03-28,50,1612709927,Wisconsin Herd,WIS,Raptors 905,AWAY,L,115.0,138.0,115.0,41.0,88.0,46.59,27.0,56.0,48.21,14.0,32.0,43.75,12.0,17.0,70.59,8.0,33.0,41.0,26.0,9.0,7.0,18.0,16.0,50.0,14.0,13.0,37.0,19.0
